Player,Team,Pos,Age,Club,Club_country,date,hour,category,opponent,Match_played,Starts,Minutes_played,Gls,Ast,Shots,shots_on_target,CrdY,CrdR,tackles_made,successful_tackles,interceptions,Blocks,fouls_commited,own_goal,pass_comp,pass_attempt,successful_dribbles,offside
Emiliano Martínez,ARGENTINA,GK,29,Aston Villa,eng,22 NOV 2022,11 : 00,Group C,SAUDI ARABIA,7,7,690,0,0,0,0,1,0,0.0,0,0,0.0,0,0,120.0,187.0,0.0,0
Emiliano Martínez,ARGENTINA,GK,29,Aston Villa,eng,26 NOV 2022,20 : 00,Group C,MEXICO,7,7,690,0,0,0,0,1,0,0.0,0,0,0.0,0,0,120.0,187.0,0.0,0
Emiliano Martínez,ARGENTINA,GK,29,Aston Villa,eng,03 DEC 2022,20 : 00,Round of 16,AUSTRALIA,7,7,690,0,0,0,0,1,0,0.0,0,0,0.0,0,0,120.0,187.0,0.0,0
Emiliano Martínez,ARGENTINA,GK,29,Aston Villa,eng,13 DEC 2022,20 : 00,Semi-final,CROATIA,7,7,690,0,0,0,0,1,0,0.0,0,0,0.0,0,0,120.0,187.0,0.0,0
Emiliano Martínez,ARGENTINA,GK,29,Aston Villa,eng,18 DEC 2022,16 : 00,Final,FRANCE,7,7,690,0,0,0,0,1,0,0.0,0,0,0.0,0,0,120.0,187.0,0.0,0
Emiliano Martínez,ARGENTINA,GK,29,Aston Villa,eng,30 NOV 2022,20 : 00,Group C,POLAND,7,7,690,0,0,0,0,1,0,0.0,0,0,0.0,0,0,120.0,187.0,0.0,0
Emiliano Martínez,ARGENTINA,GK,29,Aston Villa,eng,09 DEC 2022,20 : 00,Quarter-final,NETHERLANDS,7,7,690,0,0,0,0,1,0,0.0,0,0,0.0,0,0,120.0,187.0,0.0,0
Lionel Messi,ARGENTINA,FW,34,Paris S-G,fr,22 NOV 2022,11 : 00,Group C,SAUDI ARABIA,7,7,690,7,3,27,13,1,0,5.0,3,0,2.0,10,0,300.0,371.0,15.0,3
Lionel Messi,ARGENTINA,FW,34,Paris S-G,fr,26 NOV 2022,20 : 00,Group C,MEXICO,7,7,690,7,3,27,13,1,0,5.0,3,0,2.0,10,0,300.0,371.0,15.0,3
Lionel Messi,ARGENTINA,FW,34,Paris S-G,fr,03 DEC 2022,20 : 00,Round of 16,AUSTRALIA,7,7,690,7,3,27,13,1,0,5.0,3,0,2.0,10,0,300.0,371.0,15.0,3
Lionel Messi,ARGENTINA,FW,34,Paris S-G,fr,13 DEC 2022,20 : 00,Semi-final,CROATIA,7,7,690,7,3,27,13,1,0,5.0,3,0,2.0,10,0,300.0,371.0,15.0,3
Lionel Messi,ARGENTINA,FW,34,Paris S-G,fr,18 DEC 2022,16 : 00,Final,FRANCE,7,7,690,7,3,27,13,1,0,5.0,3,0,2.0,10,0,300.0,371.0,15.0,3
Lionel Messi,ARGENTINA,FW,34,Paris S-G,fr,30 NOV 2022,20 : 00,Group C,POLAND,7,7,690,7,3,27,13,1,0,5.0,3,0,2.0,10,0,300.0,371.0,15.0,3
Lionel Messi,ARGENTINA,FW,34,Paris S-G,fr,09 DEC 2022,20 : 00,Quarter-final,NETHERLANDS,7,7,690,7,3,27,13,1,0,5.0,3,0,2.0,10,0,300.0,371.0,15.0,3
Nicolás Otamendi,ARGENTINA,DF,34,Benfica,pt,22 NOV 2022,11 : 00,Group C,SAUDI ARABIA,7,7,690,0,1,1,0,2,0,10.0,6,9,6.0,13,0,532.0,577.0,0.0,1
Nicolás Otamendi,ARGENTINA,DF,34,Benfica,pt,26 NOV 2022,20 : 00,Group C,MEXICO,7,7,690,0,1,1,0,2,0,10.0,6,9,6.0,13,0,532.0,577.0,0.0,1
Nicolás Otamendi,ARGENTINA,DF,34,Benfica,pt,03 DEC 2022,20 : 00,Round of 16,AUSTRALIA,7,7,690,0,1,1,0,2,0,10.0,6,9,6.0,13,0,532.0,577.0,0.0,1
Nicolás Otamendi,ARGENTINA,DF,34,Benfica,pt,13 DEC 2022,20 : 00,Semi-final,CROATIA,7,7,690,0,1,1,0,2,0,10.0,6,9,6.0,13,0,532.0,577.0,0.0,1
Nicolás Otamendi,ARGENTINA,DF,34,Benfica,pt,18 DEC 2022,16 : 00,Final,FRANCE,7,7,690,0,1,1,0,2,0,10.0,6,9,6.0,13,0,532.0,577.0,0.0,1
Nicolás Otamendi,ARGENTINA,DF,34,Benfica,pt,30 NOV 2022,20 : 00,Group C,POLAND,7,7,690,0,1,1,0,2,0,10.0,6,9,6.0,13,0,532.0,577.0,0.0,1
Nicolás Otamendi,ARGENTINA,DF,34,Benfica,pt,09 DEC 2022,20 : 00,Quarter-final,NETHERLANDS,7,7,690,0,1,1,0,2,0,10.0,6,9,6.0,13,0,532.0,577.0,0.0,1
Rodrigo De Paul,ARGENTINA,MF,28,Atlético Madrid,es,22 NOV 2022,11 : 00,Group C,SAUDI ARABIA,7,7,599,0,0,7,3,0,0,11.0,6,7,8.0,7,0,470.0,562.0,1.0,0
Rodrigo De Paul,ARGENTINA,MF,28,Atlético Madrid,es,26 NOV 2022,20 : 00,Group C,MEXICO,7,7,599,0,0,7,3,0,0,11.0,6,7,8.0,7,0,470.0,562.0,1.0,0
Rodrigo De Paul,ARGENTINA,MF,28,Atlético Madrid,es,03 DEC 2022,20 : 00,Round of 16,AUSTRALIA,7,7,599,0,0,7,3,0,0,11.0,6,7,8.0,7,0,470.0,562.0,1.0,0
Rodrigo De Paul,ARGENTINA,MF,28,Atlético Madrid,es,13 DEC 2022,20 : 00,Semi-final,CROATIA,7,7,599,0,0,7,3,0,0,11.0,6,7,8.0,7,0,470.0,562.0,1.0,0
Rodrigo De Paul,ARGENTINA,MF,28,Atlético Madrid,es,18 DEC 2022,16 : 00,Final,FRANCE,7,7,599,0,0,7,3,0,0,11.0,6,7,8.0,7,0,470.0,562.0,1.0,0
Rodrigo De Paul,ARGENTINA,MF,28,Atlético Madrid,es,30 NOV 2022,20 : 00,Group C,POLAND,7,7,599,0,0,7,3,0,0,11.0,6,7,8.0,7,0,470.0,562.0,1.0,0
Rodrigo De Paul,ARGENTINA,MF,28,Atlético Madrid,es,09 DEC 2022,20 : 00,Quarter-final,NETHERLANDS,7,7,599,0,0,7,3,0,0,11.0,6,7,8.0,7,0,470.0,562.0,1.0,0
Nahuel Molina,ARGENTINA,DF,24,Atlético Madrid,es,22 NOV 2022,11 : 00,Group C,SAUDI ARABIA,7,6,567,1,1,2,1,0,0,8.0,4,3,7.0,3,0,291.0,358.0,1.0,1
Nahuel Molina,ARGENTINA,DF,24,Atlético Madrid,es,26 NOV 2022,20 : 00,Group C,MEXICO,7,6,567,1,1,2,1,0,0,8.0,4,3,7.0,3,0,291.0,358.0,1.0,1
Nahuel Molina,ARGENTINA,DF,24,Atlético Madrid,es,03 DEC 2022,20 : 00,Round of 16,AUSTRALIA,7,6,567,1,1,2,1,0,0,8.0,4,3,7.0,3,0,291.0,358.0,1.0,1
Nahuel Molina,ARGENTINA,DF,24,Atlético Madrid,es,13 DEC 2022,20 : 00,Semi-final,CROATIA,7,6,567,1,1,2,1,0,0,8.0,4,3,7.0,3,0,291.0,358.0,1.0,1
Nahuel Molina,ARGENTINA,DF,24,Atlético Madrid,es,18 DEC 2022,16 : 00,Final,FRANCE,7,6,567,1,1,2,1,0,0,8.0,4,3,7.0,3,0,291.0,358.0,1.0,1
Nahuel Molina,ARGENTINA,DF,24,Atlético Madrid,es,30 NOV 2022,20 : 00,Group C,POLAND,7,6,567,1,1,2,1,0,0,8.0,4,3,7.0,3,0,291.0,358.0,1.0,1
Nahuel Molina,ARGENTINA,DF,24,Atlético Madrid,es,09 DEC 2022,20 : 00,Quarter-final,NETHERLANDS,7,6,567,1,1,2,1,0,0,8.0,4,3,7.0,3,0,291.0,358.0,1.0,1
Alexis Mac Allister,ARGENTINA,MF,23,Brighton,eng,22 NOV 2022,11 : 00,Group C,SAUDI ARABIA,6,6,550,1,1,7,4,0,0,9.0,4,3,13.0,1,0,234.0,265.0,4.0,0
Alexis Mac Allister,ARGENTINA,MF,23,Brighton,eng,26 NOV 2022,20 : 00,Group C,MEXICO,6,6,550,1,1,7,4,0,0,9.0,4,3,13.0,1,0,234.0,265.0,4.0,0
Alexis Mac Allister,ARGENTINA,MF,23,Brighton,eng,03 DEC 2022,20 : 00,Round of 16,AUSTRALIA,6,6,550,1,1,7,4,0,0,9.0,4,3,13.0,1,0,234.0,265.0,4.0,0
Alexis Mac Allister,ARGENTINA,MF,23,Brighton,eng,13 DEC 2022,20 : 00,Semi-final,CROATIA,6,6,550,1,1,7,4,0,0,9.0,4,3,13.0,1,0,234.0,265.0,4.0,0
Alexis Mac Allister,ARGENTINA,MF,23,Brighton,eng,18 DEC 2022,16 : 00,Final,FRANCE,6,6,550,1,1,7,4,0,0,9.0,4,3,13.0,1,0,234.0,265.0,4.0,0
Alexis Mac Allister,ARGENTINA,MF,23,Brighton,eng,30 NOV 2022,20 : 00,Group C,POLAND,6,6,550,1,1,7,4,0,0,9.0,4,3,13.0,1,0,234.0,265.0,4.0,0
Alexis Mac Allister,ARGENTINA,MF,23,Brighton,eng,09 DEC 2022,20 : 00,Quarter-final,NETHERLANDS,6,6,550,1,1,7,4,0,0,9.0,4,3,13.0,1,0,234.0,265.0,4.0,0
Cristian Romero,ARGENTINA,DF,24,Tottenham,eng,22 NOV 2022,11 : 00,Group C,SAUDI ARABIA,7,6,547,0,0,0,0,2,0,5.0,3,4,6.0,12,0,337.0,375.0,1.0,0
Cristian Romero,ARGENTINA,DF,24,Tottenham,eng,26 NOV 2022,20 : 00,Group C,MEXICO,7,6,547,0,0,0,0,2,0,5.0,3,4,6.0,12,0,337.0,375.0,1.0,0
Cristian Romero,ARGENTINA,DF,24,Tottenham,eng,03 DEC 2022,20 : 00,Round of 16,AUSTRALIA,7,6,547,0,0,0,0,2,0,5.0,3,4,6.0,12,0,337.0,375.0,1.0,0
Cristian Romero,ARGENTINA,DF,24,Tottenham,eng,13 DEC 2022,20 : 00,Semi-final,CROATIA,7,6,547,0,0,0,0,2,0,5.0,3,4,6.0,12,0,337.0,375.0,1.0,0
Cristian Romero,ARGENTINA,DF,24,Tottenham,eng,18 DEC 2022,16 : 00,Final,FRANCE,7,6,547,0,0,0,0,2,0,5.0,3,4,6.0,12,0,337.0,375.0,1.0,0
Cristian Romero,ARGENTINA,DF,24,Tottenham,eng,30 NOV 2022,20 : 00,Group C,POLAND,7,6,547,0,0,0,0,2,0,5.0,3,4,6.0,12,0,337.0,375.0,1.0,0
Cristian Romero,ARGENTINA,DF,24,Tottenham,eng,09 DEC 2022,20 : 00,Quarter-final,NETHERLANDS,7,6,547,0,0,0,0,2,0,5.0,3,4,6.0,12,0,337.0,375.0,1.0,0
Enzo Fernández,ARGENTINA,MF,21,Benfica,pt,22 NOV 2022,11 : 00,Group C,SAUDI ARABIA,7,5,564,1,1,8,3,1,0,22.0,15,3,7.0,7,1,412.0,471.0,3.0,0
Enzo Fernández,ARGENTINA,MF,21,Benfica,pt,26 NOV 2022,20 : 00,Group C,MEXICO,7,5,564,1,1,8,3,1,0,22.0,15,3,7.0,7,1,412.0,471.0,3.0,0
Enzo Fernández,ARGENTINA,MF,21,Benfica,pt,03 DEC 2022,20 : 00,Round of 16,AUSTRALIA,7,5,564,1,1,8,3,1,0,22.0,15,3,7.0,7,1,412.0,471.0,3.0,0
Enzo Fernández,ARGENTINA,MF,21,Benfica,pt,13 DEC 2022,20 : 00,Semi-final,CROATIA,7,5,564,1,1,8,3,1,0,22.0,15,3,7.0,7,1,412.0,471.0,3.0,0
Enzo Fernández,ARGENTINA,MF,21,Benfica,pt,18 DEC 2022,16 : 00,Final,FRANCE,7,5,564,1,1,8,3,1,0,22.0,15,3,7.0,7,1,412.0,471.0,3.0,0
Enzo Fernández,ARGENTINA,MF,21,Benfica,pt,30 NOV 2022,20 : 00,Group C,POLAND,7,5,564,1,1,8,3,1,0,22.0,15,3,7.0,7,1,412.0,471.0,3.0,0
Enzo Fernández,ARGENTINA,MF,21,Benfica,pt,09 DEC 2022,20 : 00,Quarter-final,NETHERLANDS,7,5,564,1,1,8,3,1,0,22.0,15,3,7.0,7,1,412.0,471.0,3.0,0
Julián Álvarez,ARGENTINA,FW,22,Manchester City,eng,22 NOV 2022,11 : 00,Group C,SAUDI ARABIA,7,5,464,4,0,11,8,0,0,4.0,2,0,8.0,13,0,93.0,121.0,0.0,5
Julián Álvarez,ARGENTINA,FW,22,Manchester City,eng,26 NOV 2022,20 : 00,Group C,MEXICO,7,5,464,4,0,11,8,0,0,4.0,2,0,8.0,13,0,93.0,121.0,0.0,5
Julián Álvarez,ARGENTINA,FW,22,Manchester City,eng,03 DEC 2022,20 : 00,Round of 16,AUSTRALIA,7,5,464,4,0,11,8,0,0,4.0,2,0,8.0,13,0,93.0,121.0,0.0,5
Julián Álvarez,ARGENTINA,FW,22,Manchester City,eng,13 DEC 2022,20 : 00,Semi-final,CROATIA,7,5,464,4,0,11,8,0,0,4.0,2,0,8.0,13,0,93.0,121.0,0.0,5
Julián Álvarez,ARGENTINA,FW,22,Manchester City,eng,18 DEC 2022,16 : 00,Final,FRANCE,7,5,464,4,0,11,8,0,0,4.0,2,0,8.0,13,0,93.0,121.0,0.0,5
Julián Álvarez,ARGENTINA,FW,22,Manchester City,eng,30 NOV 2022,20 : 00,Group C,POLAND,7,5,464,4,0,11,8,0,0,4.0,2,0,8.0,13,0,93.0,121.0,0.0,5
Julián Álvarez,ARGENTINA,FW,22,Manchester City,eng,09 DEC 2022,20 : 00,Quarter-final,NETHERLANDS,7,5,464,4,0,11,8,0,0,4.0,2,0,8.0,13,0,93.0,121.0,0.0,5
Marcos Acuña,ARGENTINA,DF,30,Sevilla,es,22 NOV 2022,11 : 00,Group C,SAUDI ARABIA,6,4,373,0,0,2,0,3,0,12.0,8,2,8.0,9,0,167.0,217.0,2.0,0
Marcos Acuña,ARGENTINA,DF,30,Sevilla,es,26 NOV 2022,20 : 00,Group C,MEXICO,6,4,373,0,0,2,0,3,0,12.0,8,2,8.0,9,0,167.0,217.0,2.0,0
Marcos Acuña,ARGENTINA,DF,30,Sevilla,es,03 DEC 2022,20 : 00,Round of 16,AUSTRALIA,6,4,373,0,0,2,0,3,0,12.0,8,2,8.0,9,0,167.0,217.0,2.0,0
Marcos Acuña,ARGENTINA,DF,30,Sevilla,es,13 DEC 2022,20 : 00,Semi-final,CROATIA,6,4,373,0,0,2,0,3,0,12.0,8,2,8.0,9,0,167.0,217.0,2.0,0
Marcos Acuña,ARGENTINA,DF,30,Sevilla,es,18 DEC 2022,16 : 00,Final,FRANCE,6,4,373,0,0,2,0,3,0,12.0,8,2,8.0,9,0,167.0,217.0,2.0,0
Marcos Acuña,ARGENTINA,DF,30,Sevilla,es,30 NOV 2022,20 : 00,Group C,POLAND,6,4,373,0,0,2,0,3,0,12.0,8,2,8.0,9,0,167.0,217.0,2.0,0
Marcos Acuña,ARGENTINA,DF,30,Sevilla,es,09 DEC 2022,20 : 00,Quarter-final,NETHERLANDS,6,4,373,0,0,2,0,3,0,12.0,8,2,8.0,9,0,167.0,217.0,2.0,0
Ángel Di María,ARGENTINA,FW,34,Juventus,it,22 NOV 2022,11 : 00,Group C,SAUDI ARABIA,5,4,288,1,1,6,3,0,0,3.0,1,1,3.0,0,0,129.0,167.0,13.0,5
Ángel Di María,ARGENTINA,FW,34,Juventus,it,26 NOV 2022,20 : 00,Group C,MEXICO,5,4,288,1,1,6,3,0,0,3.0,1,1,3.0,0,0,129.0,167.0,13.0,5
Ángel Di María,ARGENTINA,FW,34,Juventus,it,03 DEC 2022,20 : 00,Round of 16,AUSTRALIA,5,4,288,1,1,6,3,0,0,3.0,1,1,3.0,0,0,129.0,167.0,13.0,5
Ángel Di María,ARGENTINA,FW,34,Juventus,it,13 DEC 2022,20 : 00,Semi-final,CROATIA,5,4,288,1,1,6,3,0,0,3.0,1,1,3.0,0,0,129.0,167.0,13.0,5
Ángel Di María,ARGENTINA,FW,34,Juventus,it,18 DEC 2022,16 : 00,Final,FRANCE,5,4,288,1,1,6,3,0,0,3.0,1,1,3.0,0,0,129.0,167.0,13.0,5
Ángel Di María,ARGENTINA,FW,34,Juventus,it,30 NOV 2022,20 : 00,Group C,POLAND,5,4,288,1,1,6,3,0,0,3.0,1,1,3.0,0,0,129.0,167.0,13.0,5
Ángel Di María,ARGENTINA,FW,34,Juventus,it,09 DEC 2022,20 : 00,Quarter-final,NETHERLANDS,5,4,288,1,1,6,3,0,0,3.0,1,1,3.0,0,0,129.0,167.0,13.0,5
Nicolás Tagliafico,ARGENTINA,DF,29,Lyon,fr,22 NOV 2022,11 : 00,Group C,SAUDI ARABIA,6,3,373,0,0,3,1,0,0,7.0,7,9,9.0,6,0,146.0,179.0,0.0,1
Nicolás Tagliafico,ARGENTINA,DF,29,Lyon,fr,26 NOV 2022,20 : 00,Group C,MEXICO,6,3,373,0,0,3,1,0,0,7.0,7,9,9.0,6,0,146.0,179.0,0.0,1
Nicolás Tagliafico,ARGENTINA,DF,29,Lyon,fr,03 DEC 2022,20 : 00,Round of 16,AUSTRALIA,6,3,373,0,0,3,1,0,0,7.0,7,9,9.0,6,0,146.0,179.0,0.0,1
Nicolás Tagliafico,ARGENTINA,DF,29,Lyon,fr,13 DEC 2022,20 : 00,Semi-final,CROATIA,6,3,373,0,0,3,1,0,0,7.0,7,9,9.0,6,0,146.0,179.0,0.0,1
Nicolás Tagliafico,ARGENTINA,DF,29,Lyon,fr,18 DEC 2022,16 : 00,Final,FRANCE,6,3,373,0,0,3,1,0,0,7.0,7,9,9.0,6,0,146.0,179.0,0.0,1
Nicolás Tagliafico,ARGENTINA,DF,29,Lyon,fr,30 NOV 2022,20 : 00,Group C,POLAND,6,3,373,0,0,3,1,0,0,7.0,7,9,9.0,6,0,146.0,179.0,0.0,1
Nicolás Tagliafico,ARGENTINA,DF,29,Lyon,fr,09 DEC 2022,20 : 00,Quarter-final,NETHERLANDS,6,3,373,0,0,3,1,0,0,7.0,7,9,9.0,6,0,146.0,179.0,0.0,1
Lisandro Martínez,ARGENTINA,DF,24,Manchester Utd,eng,22 NOV 2022,11 : 00,Group C,SAUDI ARABIA,5,2,303,0,0,1,0,1,0,6.0,2,3,3.0,2,0,133.0,156.0,0.0,0
Lisandro Martínez,ARGENTINA,DF,24,Manchester Utd,eng,26 NOV 2022,20 : 00,Group C,MEXICO,5,2,303,0,0,1,0,1,0,6.0,2,3,3.0,2,0,133.0,156.0,0.0,0
Lisandro Martínez,ARGENTINA,DF,24,Manchester Utd,eng,03 DEC 2022,20 : 00,Round of 16,AUSTRALIA,5,2,303,0,0,1,0,1,0,6.0,2,3,3.0,2,0,133.0,156.0,0.0,0
Lisandro Martínez,ARGENTINA,DF,24,Manchester Utd,eng,13 DEC 2022,20 : 00,Semi-final,CROATIA,5,2,303,0,0,1,0,1,0,6.0,2,3,3.0,2,0,133.0,156.0,0.0,0
Lisandro Martínez,ARGENTINA,DF,24,Manchester Utd,eng,18 DEC 2022,16 : 00,Final,FRANCE,5,2,303,0,0,1,0,1,0,6.0,2,3,3.0,2,0,133.0,156.0,0.0,0
Lisandro Martínez,ARGENTINA,DF,24,Manchester Utd,eng,30 NOV 2022,20 : 00,Group C,POLAND,5,2,303,0,0,1,0,1,0,6.0,2,3,3.0,2,0,133.0,156.0,0.0,0
Lisandro Martínez,ARGENTINA,DF,24,Manchester Utd,eng,09 DEC 2022,20 : 00,Quarter-final,NETHERLANDS,5,2,303,0,0,1,0,1,0,6.0,2,3,3.0,2,0,133.0,156.0,0.0,0
Lautaro Martínez,ARGENTINA,FW,24,Inter,it,22 NOV 2022,11 : 00,Group C,SAUDI ARABIA,6,2,241,0,0,14,4,0,0,0.0,0,1,1.0,1,0,47.0,63.0,2.0,5
Lautaro Martínez,ARGENTINA,FW,24,Inter,it,26 NOV 2022,20 : 00,Group C,MEXICO,6,2,241,0,0,14,4,0,0,0.0,0,1,1.0,1,0,47.0,63.0,2.0,5
Lautaro Martínez,ARGENTINA,FW,24,Inter,it,03 DEC 2022,20 : 00,Round of 16,AUSTRALIA,6,2,241,0,0,14,4,0,0,0.0,0,1,1.0,1,0,47.0,63.0,2.0,5
Lautaro Martínez,ARGENTINA,FW,24,Inter,it,13 DEC 2022,20 : 00,Semi-final,CROATIA,6,2,241,0,0,14,4,0,0,0.0,0,1,1.0,1,0,47.0,63.0,2.0,5
Lautaro Martínez,ARGENTINA,FW,24,Inter,it,18 DEC 2022,16 : 00,Final,FRANCE,6,2,241,0,0,14,4,0,0,0.0,0,1,1.0,1,0,47.0,63.0,2.0,5
Lautaro Martínez,ARGENTINA,FW,24,Inter,it,30 NOV 2022,20 : 00,Group C,POLAND,6,2,241,0,0,14,4,0,0,0.0,0,1,1.0,1,0,47.0,63.0,2.0,5
Lautaro Martínez,ARGENTINA,FW,24,Inter,it,09 DEC 2022,20 : 00,Quarter-final,NETHERLANDS,6,2,241,0,0,14,4,0,0,0.0,0,1,1.0,1,0,47.0,63.0,2.0,5
Leandro Paredes,ARGENTINA,MF,27,Juventus,it,22 NOV 2022,11 : 00,Group C,SAUDI ARABIA,5,2,225,0,0,1,1,2,0,10.0,4,3,0.0,6,0,230.0,246.0,0.0,0
Leandro Paredes,ARGENTINA,MF,27,Juventus,it,26 NOV 2022,20 : 00,Group C,MEXICO,5,2,225,0,0,1,1,2,0,10.0,4,3,0.0,6,0,230.0,246.0,0.0,0
Leandro Paredes,ARGENTINA,MF,27,Juventus,it,03 DEC 2022,20 : 00,Round of 16,AUSTRALIA,5,2,225,0,0,1,1,2,0,10.0,4,3,0.0,6,0,230.0,246.0,0.0,0
Leandro Paredes,ARGENTINA,MF,27,Juventus,it,13 DEC 2022,20 : 00,Semi-final,CROATIA,5,2,225,0,0,1,1,2,0,10.0,4,3,0.0,6,0,230.0,246.0,0.0,0
Leandro Paredes,ARGENTINA,MF,27,Juventus,it,18 DEC 2022,16 : 00,Final,FRANCE,5,2,225,0,0,1,1,2,0,10.0,4,3,0.0,6,0,230.0,246.0,0.0,0
Leandro Paredes,ARGENTINA,MF,27,Juventus,it,30 NOV 2022,20 : 00,Group C,POLAND,5,2,225,0,0,1,1,2,0,10.0,4,3,0.0,6,0,230.0,246.0,0.0,0
Leandro Paredes,ARGENTINA,MF,27,Juventus,it,09 DEC 2022,20 : 00,Quarter-final,NETHERLANDS,5,2,225,0,0,1,1,2,0,10.0,4,3,0.0,6,0,230.0,246.0,0.0,0
Papu Gómez,ARGENTINA,MF,34,Sevilla,es,22 NOV 2022,11 : 00,Group C,SAUDI ARABIA,2,2,107,0,0,2,0,0,0,2.0,0,1,1.0,1,0,53.0,60.0,1.0,1
Papu Gómez,ARGENTINA,MF,34,Sevilla,es,26 NOV 2022,20 : 00,Group C,MEXICO,2,2,107,0,0,2,0,0,0,2.0,0,1,1.0,1,0,53.0,60.0,1.0,1
Papu Gómez,ARGENTINA,MF,34,Sevilla,es,03 DEC 2022,20 : 00,Round of 16,AUSTRALIA,2,2,107,0,0,2,0,0,0,2.0,0,1,1.0,1,0,53.0,60.0,1.0,1
Papu Gómez,ARGENTINA,MF,34,Sevilla,es,13 DEC 2022,20 : 00,Semi-final,CROATIA,2,2,107,0,0,2,0,0,0,2.0,0,1,1.0,1,0,53.0,60.0,1.0,1
Papu Gómez,ARGENTINA,MF,34,Sevilla,es,18 DEC 2022,16 : 00,Final,FRANCE,2,2,107,0,0,2,0,0,0,2.0,0,1,1.0,1,0,53.0,60.0,1.0,1
Papu Gómez,ARGENTINA,MF,34,Sevilla,es,30 NOV 2022,20 : 00,Group C,POLAND,2,2,107,0,0,2,0,0,0,2.0,0,1,1.0,1,0,53.0,60.0,1.0,1
Papu Gómez,ARGENTINA,MF,34,Sevilla,es,09 DEC 2022,20 : 00,Quarter-final,NETHERLANDS,2,2,107,0,0,2,0,0,0,2.0,0,1,1.0,1,0,53.0,60.0,1.0,1
Gonzalo Montiel,ARGENTINA,DF,25,Sevilla,es,22 NOV 2022,11 : 00,Group C,SAUDI ARABIA,4,1,118,0,0,1,0,3,0,3.0,2,1,1.0,4,0,69.0,81.0,0.0,1
Gonzalo Montiel,ARGENTINA,DF,25,Sevilla,es,26 NOV 2022,20 : 00,Group C,MEXICO,4,1,118,0,0,1,0,3,0,3.0,2,1,1.0,4,0,69.0,81.0,0.0,1
Gonzalo Montiel,ARGENTINA,DF,25,Sevilla,es,03 DEC 2022,20 : 00,Round of 16,AUSTRALIA,4,1,118,0,0,1,0,3,0,3.0,2,1,1.0,4,0,69.0,81.0,0.0,1
Gonzalo Montiel,ARGENTINA,DF,25,Sevilla,es,13 DEC 2022,20 : 00,Semi-final,CROATIA,4,1,118,0,0,1,0,3,0,3.0,2,1,1.0,4,0,69.0,81.0,0.0,1
Gonzalo Montiel,ARGENTINA,DF,25,Sevilla,es,18 DEC 2022,16 : 00,Final,FRANCE,4,1,118,0,0,1,0,3,0,3.0,2,1,1.0,4,0,69.0,81.0,0.0,1
Gonzalo Montiel,ARGENTINA,DF,25,Sevilla,es,30 NOV 2022,20 : 00,Group C,POLAND,4,1,118,0,0,1,0,3,0,3.0,2,1,1.0,4,0,69.0,81.0,0.0,1
Gonzalo Montiel,ARGENTINA,DF,25,Sevilla,es,09 DEC 2022,20 : 00,Quarter-final,NETHERLANDS,4,1,118,0,0,1,0,3,0,3.0,2,1,1.0,4,0,69.0,81.0,0.0,1
Guido Rodríguez,ARGENTINA,MF,28,Betis,es,22 NOV 2022,11 : 00,Group C,SAUDI ARABIA,1,1,56,0,0,0,0,0,0,2.0,0,0,1.0,0,0,54.0,64.0,0.0,0
Guido Rodríguez,ARGENTINA,MF,28,Betis,es,26 NOV 2022,20 : 00,Group C,MEXICO,1,1,56,0,0,0,0,0,0,2.0,0,0,1.0,0,0,54.0,64.0,0.0,0
Guido Rodríguez,ARGENTINA,MF,28,Betis,es,03 DEC 2022,20 : 00,Round of 16,AUSTRALIA,1,1,56,0,0,0,0,0,0,2.0,0,0,1.0,0,0,54.0,64.0,0.0,0
Guido Rodríguez,ARGENTINA,MF,28,Betis,es,13 DEC 2022,20 : 00,Semi-final,CROATIA,1,1,56,0,0,0,0,0,0,2.0,0,0,1.0,0,0,54.0,64.0,0.0,0
Guido Rodríguez,ARGENTINA,MF,28,Betis,es,18 DEC 2022,16 : 00,Final,FRANCE,1,1,56,0,0,0,0,0,0,2.0,0,0,1.0,0,0,54.0,64.0,0.0,0
Guido Rodríguez,ARGENTINA,MF,28,Betis,es,30 NOV 2022,20 : 00,Group C,POLAND,1,1,56,0,0,0,0,0,0,2.0,0,0,1.0,0,0,54.0,64.0,0.0,0
Guido Rodríguez,ARGENTINA,MF,28,Betis,es,09 DEC 2022,20 : 00,Quarter-final,NETHERLANDS,1,1,56,0,0,0,0,0,0,2.0,0,0,1.0,0,0,54.0,64.0,0.0,0
Germán Pezzella,ARGENTINA,DF,30,Betis,es,22 NOV 2022,11 : 00,Group C,SAUDI ARABIA,3,0,60,0,0,1,0,1,0,0.0,0,0,0.0,2,0,42.0,45.0,0.0,0
Germán Pezzella,ARGENTINA,DF,30,Betis,es,26 NOV 2022,20 : 00,Group C,MEXICO,3,0,60,0,0,1,0,1,0,0.0,0,0,0.0,2,0,42.0,45.0,0.0,0
Germán Pezzella,ARGENTINA,DF,30,Betis,es,03 DEC 2022,20 : 00,Round of 16,AUSTRALIA,3,0,60,0,0,1,0,1,0,0.0,0,0,0.0,2,0,42.0,45.0,0.0,0
Germán Pezzella,ARGENTINA,DF,30,Betis,es,13 DEC 2022,20 : 00,Semi-final,CROATIA,3,0,60,0,0,1,0,1,0,0.0,0,0,0.0,2,0,42.0,45.0,0.0,0
Germán Pezzella,ARGENTINA,DF,30,Betis,es,18 DEC 2022,16 : 00,Final,FRANCE,3,0,60,0,0,1,0,1,0,0.0,0,0,0.0,2,0,42.0,45.0,0.0,0
Germán Pezzella,ARGENTINA,DF,30,Betis,es,30 NOV 2022,20 : 00,Group C,POLAND,3,0,60,0,0,1,0,1,0,0.0,0,0,0.0,2,0,42.0,45.0,0.0,0
Germán Pezzella,ARGENTINA,DF,30,Betis,es,09 DEC 2022,20 : 00,Quarter-final,NETHERLANDS,3,0,60,0,0,1,0,1,0,0.0,0,0,0.0,2,0,42.0,45.0,0.0,0
Exequiel Palacios,ARGENTINA,"MF,DF",23,Leverkusen,de,22 NOV 2022,11 : 00,Group C,SAUDI ARABIA,3,0,50,0,0,1,0,0,0,0.0,0,2,0.0,2,0,25.0,28.0,0.0,0
Exequiel Palacios,ARGENTINA,"MF,DF",23,Leverkusen,de,26 NOV 2022,20 : 00,Group C,MEXICO,3,0,50,0,0,1,0,0,0,0.0,0,2,0.0,2,0,25.0,28.0,0.0,0
Exequiel Palacios,ARGENTINA,"MF,DF",23,Leverkusen,de,03 DEC 2022,20 : 00,Round of 16,AUSTRALIA,3,0,50,0,0,1,0,0,0,0.0,0,2,0.0,2,0,25.0,28.0,0.0,0
Exequiel Palacios,ARGENTINA,"MF,DF",23,Leverkusen,de,13 DEC 2022,20 : 00,Semi-final,CROATIA,3,0,50,0,0,1,0,0,0,0.0,0,2,0.0,2,0,25.0,28.0,0.0,0
Exequiel Palacios,ARGENTINA,"MF,DF",23,Leverkusen,de,18 DEC 2022,16 : 00,Final,FRANCE,3,0,50,0,0,1,0,0,0,0.0,0,2,0.0,2,0,25.0,28.0,0.0,0
Exequiel Palacios,ARGENTINA,"MF,DF",23,Leverkusen,de,30 NOV 2022,20 : 00,Group C,POLAND,3,0,50,0,0,1,0,0,0,0.0,0,2,0.0,2,0,25.0,28.0,0.0,0
Exequiel Palacios,ARGENTINA,"MF,DF",23,Leverkusen,de,09 DEC 2022,20 : 00,Quarter-final,NETHERLANDS,3,0,50,0,0,1,0,0,0,0.0,0,2,0.0,2,0,25.0,28.0,0.0,0
Paulo Dybala,ARGENTINA,FW,28,Roma,it,22 NOV 2022,11 : 00,Group C,SAUDI ARABIA,2,0,18,0,0,0,0,0,0,3.0,1,0,0.0,1,0,8.0,12.0,1.0,0
Paulo Dybala,ARGENTINA,FW,28,Roma,it,26 NOV 2022,20 : 00,Group C,MEXICO,2,0,18,0,0,0,0,0,0,3.0,1,0,0.0,1,0,8.0,12.0,1.0,0
Paulo Dybala,ARGENTINA,FW,28,Roma,it,03 DEC 2022,20 : 00,Round of 16,AUSTRALIA,2,0,18,0,0,0,0,0,0,3.0,1,0,0.0,1,0,8.0,12.0,1.0,0
Paulo Dybala,ARGENTINA,FW,28,Roma,it,13 DEC 2022,20 : 00,Semi-final,CROATIA,2,0,18,0,0,0,0,0,0,3.0,1,0,0.0,1,0,8.0,12.0,1.0,0
Paulo Dybala,ARGENTINA,FW,28,Roma,it,18 DEC 2022,16 : 00,Final,FRANCE,2,0,18,0,0,0,0,0,0,3.0,1,0,0.0,1,0,8.0,12.0,1.0,0
Paulo Dybala,ARGENTINA,FW,28,Roma,it,30 NOV 2022,20 : 00,Group C,POLAND,2,0,18,0,0,0,0,0,0,3.0,1,0,0.0,1,0,8.0,12.0,1.0,0
Paulo Dybala,ARGENTINA,FW,28,Roma,it,09 DEC 2022,20 : 00,Quarter-final,NETHERLANDS,2,0,18,0,0,0,0,0,0,3.0,1,0,0.0,1,0,8.0,12.0,1.0,0
Thiago Almada,ARGENTINA,MF,21,Atlanta Utd,us,22 NOV 2022,11 : 00,Group C,SAUDI ARABIA,1,0,7,0,0,0,0,0,0,0.0,0,0,0.0,0,0,13.0,13.0,0.0,0
Thiago Almada,ARGENTINA,MF,21,Atlanta Utd,us,26 NOV 2022,20 : 00,Group C,MEXICO,1,0,7,0,0,0,0,0,0,0.0,0,0,0.0,0,0,13.0,13.0,0.0,0
Thiago Almada,ARGENTINA,MF,21,Atlanta Utd,us,03 DEC 2022,20 : 00,Round of 16,AUSTRALIA,1,0,7,0,0,0,0,0,0,0.0,0,0,0.0,0,0,13.0,13.0,0.0,0
Thiago Almada,ARGENTINA,MF,21,Atlanta Utd,us,13 DEC 2022,20 : 00,Semi-final,CROATIA,1,0,7,0,0,0,0,0,0,0.0,0,0,0.0,0,0,13.0,13.0,0.0,0
Thiago Almada,ARGENTINA,MF,21,Atlanta Utd,us,18 DEC 2022,16 : 00,Final,FRANCE,1,0,7,0,0,0,0,0,0,0.0,0,0,0.0,0,0,13.0,13.0,0.0,0
Thiago Almada,ARGENTINA,MF,21,Atlanta Utd,us,30 NOV 2022,20 : 00,Group C,POLAND,1,0,7,0,0,0,0,0,0,0.0,0,0,0.0,0,0,13.0,13.0,0.0,0
Thiago Almada,ARGENTINA,MF,21,Atlanta Utd,us,09 DEC 2022,20 : 00,Quarter-final,NETHERLANDS,1,0,7,0,0,0,0,0,0,0.0,0,0,0.0,0,0,13.0,13.0,0.0,0
Ángel Correa,ARGENTINA,MF,27,Atlético Madrid,es,22 NOV 2022,11 : 00,Group C,SAUDI ARABIA,1,0,5,0,0,0,0,0,0,1.0,1,0,0.0,0,0,3.0,3.0,0.0,0
Ángel Correa,ARGENTINA,MF,27,Atlético Madrid,es,26 NOV 2022,20 : 00,Group C,MEXICO,1,0,5,0,0,0,0,0,0,1.0,1,0,0.0,0,0,3.0,3.0,0.0,0
Ángel Correa,ARGENTINA,MF,27,Atlético Madrid,es,03 DEC 2022,20 : 00,Round of 16,AUSTRALIA,1,0,5,0,0,0,0,0,0,1.0,1,0,0.0,0,0,3.0,3.0,0.0,0
Ángel Correa,ARGENTINA,MF,27,Atlético Madrid,es,13 DEC 2022,20 : 00,Semi-final,CROATIA,1,0,5,0,0,0,0,0,0,1.0,1,0,0.0,0,0,3.0,3.0,0.0,0
Ángel Correa,ARGENTINA,MF,27,Atlético Madrid,es,18 DEC 2022,16 : 00,Final,FRANCE,1,0,5,0,0,0,0,0,0,1.0,1,0,0.0,0,0,3.0,3.0,0.0,0
Ángel Correa,ARGENTINA,MF,27,Atlético Madrid,es,30 NOV 2022,20 : 00,Group C,POLAND,1,0,5,0,0,0,0,0,0,1.0,1,0,0.0,0,0,3.0,3.0,0.0,0
Ángel Correa,ARGENTINA,MF,27,Atlético Madrid,es,09 DEC 2022,20 : 00,Quarter-final,NETHERLANDS,1,0,5,0,0,0,0,0,0,1.0,1,0,0.0,0,0,3.0,3.0,0.0,0
Juan Foyth,ARGENTINA,DF,24,Villarreal,es,22 NOV 2022,11 : 00,Group C,SAUDI ARABIA,1,0,5,0,0,0,0,0,0,0.0,0,0,0.0,0,0,3.0,4.0,1.0,0
Juan Foyth,ARGENTINA,DF,24,Villarreal,es,26 NOV 2022,20 : 00,Group C,MEXICO,1,0,5,0,0,0,0,0,0,0.0,0,0,0.0,0,0,3.0,4.0,1.0,0
Juan Foyth,ARGENTINA,DF,24,Villarreal,es,03 DEC 2022,20 : 00,Round of 16,AUSTRALIA,1,0,5,0,0,0,0,0,0,0.0,0,0,0.0,0,0,3.0,4.0,1.0,0
Juan Foyth,ARGENTINA,DF,24,Villarreal,es,13 DEC 2022,20 : 00,Semi-final,CROATIA,1,0,5,0,0,0,0,0,0,0.0,0,0,0.0,0,0,3.0,4.0,1.0,0
Juan Foyth,ARGENTINA,DF,24,Villarreal,es,18 DEC 2022,16 : 00,Final,FRANCE,1,0,5,0,0,0,0,0,0,0.0,0,0,0.0,0,0,3.0,4.0,1.0,0
Juan Foyth,ARGENTINA,DF,24,Villarreal,es,30 NOV 2022,20 : 00,Group C,POLAND,1,0,5,0,0,0,0,0,0,0.0,0,0,0.0,0,0,3.0,4.0,1.0,0
Juan Foyth,ARGENTINA,DF,24,Villarreal,es,09 DEC 2022,20 : 00,Quarter-final,NETHERLANDS,1,0,5,0,0,0,0,0,0,0.0,0,0,0.0,0,0,3.0,4.0,1.0,0
Aurélien Tchouaméni,FRANCE,MF,22,Real Madrid,es,22 NOV 2022,20 : 00,Group D,AUSTRALIA,7,7,621,1,0,6,2,1,0,11.0,4,14,3.0,8,0,424.0,474.0,3.0,0
Aurélien Tchouaméni,FRANCE,MF,22,Real Madrid,es,26 NOV 2022,17 : 00,Group D,DENMARK,7,7,621,1,0,6,2,1,0,11.0,4,14,3.0,8,0,424.0,474.0,3.0,0
Aurélien Tchouaméni,FRANCE,MF,22,Real Madrid,es,04 DEC 2022,16 : 00,Round of 16,POLAND,7,7,621,1,0,6,2,1,0,11.0,4,14,3.0,8,0,424.0,474.0,3.0,0
Aurélien Tchouaméni,FRANCE,MF,22,Real Madrid,es,14 DEC 2022,20 : 00,Semi-final,MOROCCO,7,7,621,1,0,6,2,1,0,11.0,4,14,3.0,8,0,424.0,474.0,3.0,0
Aurélien Tchouaméni,FRANCE,MF,22,Real Madrid,es,30 NOV 2022,16 : 00,Group D,TUNISIA,7,7,621,1,0,6,2,1,0,11.0,4,14,3.0,8,0,424.0,474.0,3.0,0
Aurélien Tchouaméni,FRANCE,MF,22,Real Madrid,es,10 DEC 2022,20 : 00,Quarter-final,ENGLAND,7,7,621,1,0,6,2,1,0,11.0,4,14,3.0,8,0,424.0,474.0,3.0,0
Aurélien Tchouaméni,FRANCE,MF,22,Real Madrid,es,18 DEC 2022,16 : 00,Final,ARGENTINA,7,7,621,1,0,6,2,1,0,11.0,4,14,3.0,8,0,424.0,474.0,3.0,0
Kylian Mbappé,FRANCE,FW,23,Paris S-G,fr,22 NOV 2022,20 : 00,Group D,AUSTRALIA,7,6,598,8,2,29,11,0,0,0.0,0,0,0.0,7,0,173.0,229.0,25.0,6
Kylian Mbappé,FRANCE,FW,23,Paris S-G,fr,26 NOV 2022,17 : 00,Group D,DENMARK,7,6,598,8,2,29,11,0,0,0.0,0,0,0.0,7,0,173.0,229.0,25.0,6
Kylian Mbappé,FRANCE,FW,23,Paris S-G,fr,04 DEC 2022,16 : 00,Round of 16,POLAND,7,6,598,8,2,29,11,0,0,0.0,0,0,0.0,7,0,173.0,229.0,25.0,6
Kylian Mbappé,FRANCE,FW,23,Paris S-G,fr,14 DEC 2022,20 : 00,Semi-final,MOROCCO,7,6,598,8,2,29,11,0,0,0.0,0,0,0.0,7,0,173.0,229.0,25.0,6
Kylian Mbappé,FRANCE,FW,23,Paris S-G,fr,30 NOV 2022,16 : 00,Group D,TUNISIA,7,6,598,8,2,29,11,0,0,0.0,0,0,0.0,7,0,173.0,229.0,25.0,6
Kylian Mbappé,FRANCE,FW,23,Paris S-G,fr,10 DEC 2022,20 : 00,Quarter-final,ENGLAND,7,6,598,8,2,29,11,0,0,0.0,0,0,0.0,7,0,173.0,229.0,25.0,6
Kylian Mbappé,FRANCE,FW,23,Paris S-G,fr,18 DEC 2022,16 : 00,Final,ARGENTINA,7,6,598,8,2,29,11,0,0,0.0,0,0,0.0,7,0,173.0,229.0,25.0,6
Hugo Lloris,FRANCE,GK,35,Tottenham,eng,22 NOV 2022,20 : 00,Group D,AUSTRALIA,6,6,570,0,0,0,0,0,0,0.0,0,0,0.0,0,0,110.0,182.0,0.0,0
Hugo Lloris,FRANCE,GK,35,Tottenham,eng,26 NOV 2022,17 : 00,Group D,DENMARK,6,6,570,0,0,0,0,0,0,0.0,0,0,0.0,0,0,110.0,182.0,0.0,0
Hugo Lloris,FRANCE,GK,35,Tottenham,eng,04 DEC 2022,16 : 00,Round of 16,POLAND,6,6,570,0,0,0,0,0,0,0.0,0,0,0.0,0,0,110.0,182.0,0.0,0
Hugo Lloris,FRANCE,GK,35,Tottenham,eng,14 DEC 2022,20 : 00,Semi-final,MOROCCO,6,6,570,0,0,0,0,0,0,0.0,0,0,0.0,0,0,110.0,182.0,0.0,0
Hugo Lloris,FRANCE,GK,35,Tottenham,eng,30 NOV 2022,16 : 00,Group D,TUNISIA,6,6,570,0,0,0,0,0,0,0.0,0,0,0.0,0,0,110.0,182.0,0.0,0
Hugo Lloris,FRANCE,GK,35,Tottenham,eng,10 DEC 2022,20 : 00,Quarter-final,ENGLAND,6,6,570,0,0,0,0,0,0,0.0,0,0,0.0,0,0,110.0,182.0,0.0,0
Hugo Lloris,FRANCE,GK,35,Tottenham,eng,18 DEC 2022,16 : 00,Final,ARGENTINA,6,6,570,0,0,0,0,0,0,0.0,0,0,0.0,0,0,110.0,182.0,0.0,0
Antoine Griezmann,FRANCE,MF,31,Atlético Madrid,es,22 NOV 2022,20 : 00,Group D,AUSTRALIA,7,6,537,0,3,6,2,1,0,14.0,8,8,8.0,3,0,258.0,329.0,4.0,3
Antoine Griezmann,FRANCE,MF,31,Atlético Madrid,es,26 NOV 2022,17 : 00,Group D,DENMARK,7,6,537,0,3,6,2,1,0,14.0,8,8,8.0,3,0,258.0,329.0,4.0,3
Antoine Griezmann,FRANCE,MF,31,Atlético Madrid,es,04 DEC 2022,16 : 00,Round of 16,POLAND,7,6,537,0,3,6,2,1,0,14.0,8,8,8.0,3,0,258.0,329.0,4.0,3
Antoine Griezmann,FRANCE,MF,31,Atlético Madrid,es,14 DEC 2022,20 : 00,Semi-final,MOROCCO,7,6,537,0,3,6,2,1,0,14.0,8,8,8.0,3,0,258.0,329.0,4.0,3
Antoine Griezmann,FRANCE,MF,31,Atlético Madrid,es,30 NOV 2022,16 : 00,Group D,TUNISIA,7,6,537,0,3,6,2,1,0,14.0,8,8,8.0,3,0,258.0,329.0,4.0,3
Antoine Griezmann,FRANCE,MF,31,Atlético Madrid,es,10 DEC 2022,20 : 00,Quarter-final,ENGLAND,7,6,537,0,3,6,2,1,0,14.0,8,8,8.0,3,0,258.0,329.0,4.0,3
Antoine Griezmann,FRANCE,MF,31,Atlético Madrid,es,18 DEC 2022,16 : 00,Final,ARGENTINA,7,6,537,0,3,6,2,1,0,14.0,8,8,8.0,3,0,258.0,329.0,4.0,3
Raphaël Varane,FRANCE,DF,29,Manchester Utd,eng,22 NOV 2022,20 : 00,Group D,AUSTRALIA,6,6,518,0,0,3,0,0,0,1.0,0,6,4.0,1,0,256.0,286.0,1.0,1
Raphaël Varane,FRANCE,DF,29,Manchester Utd,eng,26 NOV 2022,17 : 00,Group D,DENMARK,6,6,518,0,0,3,0,0,0,1.0,0,6,4.0,1,0,256.0,286.0,1.0,1
Raphaël Varane,FRANCE,DF,29,Manchester Utd,eng,04 DEC 2022,16 : 00,Round of 16,POLAND,6,6,518,0,0,3,0,0,0,1.0,0,6,4.0,1,0,256.0,286.0,1.0,1
Raphaël Varane,FRANCE,DF,29,Manchester Utd,eng,14 DEC 2022,20 : 00,Semi-final,MOROCCO,6,6,518,0,0,3,0,0,0,1.0,0,6,4.0,1,0,256.0,286.0,1.0,1
Raphaël Varane,FRANCE,DF,29,Manchester Utd,eng,30 NOV 2022,16 : 00,Group D,TUNISIA,6,6,518,0,0,3,0,0,0,1.0,0,6,4.0,1,0,256.0,286.0,1.0,1
Raphaël Varane,FRANCE,DF,29,Manchester Utd,eng,10 DEC 2022,20 : 00,Quarter-final,ENGLAND,6,6,518,0,0,3,0,0,0,1.0,0,6,4.0,1,0,256.0,286.0,1.0,1
Raphaël Varane,FRANCE,DF,29,Manchester Utd,eng,18 DEC 2022,16 : 00,Final,ARGENTINA,6,6,518,0,0,3,0,0,0,1.0,0,6,4.0,1,0,256.0,286.0,1.0,1
Ousmane Dembélé,FRANCE,FW,25,Barcelona,es,22 NOV 2022,20 : 00,Group D,AUSTRALIA,7,6,433,0,2,8,2,1,0,11.0,6,2,3.0,6,0,145.0,192.0,9.0,2
Ousmane Dembélé,FRANCE,FW,25,Barcelona,es,26 NOV 2022,17 : 00,Group D,DENMARK,7,6,433,0,2,8,2,1,0,11.0,6,2,3.0,6,0,145.0,192.0,9.0,2
Ousmane Dembélé,FRANCE,FW,25,Barcelona,es,04 DEC 2022,16 : 00,Round of 16,POLAND,7,6,433,0,2,8,2,1,0,11.0,6,2,3.0,6,0,145.0,192.0,9.0,2
Ousmane Dembélé,FRANCE,FW,25,Barcelona,es,14 DEC 2022,20 : 00,Semi-final,MOROCCO,7,6,433,0,2,8,2,1,0,11.0,6,2,3.0,6,0,145.0,192.0,9.0,2
Ousmane Dembélé,FRANCE,FW,25,Barcelona,es,30 NOV 2022,16 : 00,Group D,TUNISIA,7,6,433,0,2,8,2,1,0,11.0,6,2,3.0,6,0,145.0,192.0,9.0,2
Ousmane Dembélé,FRANCE,FW,25,Barcelona,es,10 DEC 2022,20 : 00,Quarter-final,ENGLAND,7,6,433,0,2,8,2,1,0,11.0,6,2,3.0,6,0,145.0,192.0,9.0,2
Ousmane Dembélé,FRANCE,FW,25,Barcelona,es,18 DEC 2022,16 : 00,Final,ARGENTINA,7,6,433,0,2,8,2,1,0,11.0,6,2,3.0,6,0,145.0,192.0,9.0,2
Olivier Giroud,FRANCE,FW,35,Milan,it,22 NOV 2022,20 : 00,Group D,AUSTRALIA,6,6,419,4,0,16,6,1,0,1.0,0,1,1.0,2,0,48.0,74.0,0.0,3
Olivier Giroud,FRANCE,FW,35,Milan,it,26 NOV 2022,17 : 00,Group D,DENMARK,6,6,419,4,0,16,6,1,0,1.0,0,1,1.0,2,0,48.0,74.0,0.0,3
Olivier Giroud,FRANCE,FW,35,Milan,it,04 DEC 2022,16 : 00,Round of 16,POLAND,6,6,419,4,0,16,6,1,0,1.0,0,1,1.0,2,0,48.0,74.0,0.0,3
Olivier Giroud,FRANCE,FW,35,Milan,it,14 DEC 2022,20 : 00,Semi-final,MOROCCO,6,6,419,4,0,16,6,1,0,1.0,0,1,1.0,2,0,48.0,74.0,0.0,3
Olivier Giroud,FRANCE,FW,35,Milan,it,30 NOV 2022,16 : 00,Group D,TUNISIA,6,6,419,4,0,16,6,1,0,1.0,0,1,1.0,2,0,48.0,74.0,0.0,3
Olivier Giroud,FRANCE,FW,35,Milan,it,10 DEC 2022,20 : 00,Quarter-final,ENGLAND,6,6,419,4,0,16,6,1,0,1.0,0,1,1.0,2,0,48.0,74.0,0.0,3
Olivier Giroud,FRANCE,FW,35,Milan,it,18 DEC 2022,16 : 00,Final,ARGENTINA,6,6,419,4,0,16,6,1,0,1.0,0,1,1.0,2,0,48.0,74.0,0.0,3
Theo Hernández,FRANCE,DF,24,Milan,it,22 NOV 2022,20 : 00,Group D,AUSTRALIA,6,5,508,1,2,5,2,1,0,16.0,13,4,5.0,6,0,289.0,339.0,2.0,0
Theo Hernández,FRANCE,DF,24,Milan,it,26 NOV 2022,17 : 00,Group D,DENMARK,6,5,508,1,2,5,2,1,0,16.0,13,4,5.0,6,0,289.0,339.0,2.0,0
Theo Hernández,FRANCE,DF,24,Milan,it,04 DEC 2022,16 : 00,Round of 16,POLAND,6,5,508,1,2,5,2,1,0,16.0,13,4,5.0,6,0,289.0,339.0,2.0,0
Theo Hernández,FRANCE,DF,24,Milan,it,14 DEC 2022,20 : 00,Semi-final,MOROCCO,6,5,508,1,2,5,2,1,0,16.0,13,4,5.0,6,0,289.0,339.0,2.0,0
Theo Hernández,FRANCE,DF,24,Milan,it,30 NOV 2022,16 : 00,Group D,TUNISIA,6,5,508,1,2,5,2,1,0,16.0,13,4,5.0,6,0,289.0,339.0,2.0,0
Theo Hernández,FRANCE,DF,24,Milan,it,10 DEC 2022,20 : 00,Quarter-final,ENGLAND,6,5,508,1,2,5,2,1,0,16.0,13,4,5.0,6,0,289.0,339.0,2.0,0
Theo Hernández,FRANCE,DF,24,Milan,it,18 DEC 2022,16 : 00,Final,ARGENTINA,6,5,508,1,2,5,2,1,0,16.0,13,4,5.0,6,0,289.0,339.0,2.0,0
Adrien Rabiot,FRANCE,MF,27,Juventus,it,22 NOV 2022,20 : 00,Group D,AUSTRALIA,6,5,483,1,1,9,4,1,0,12.0,9,10,12.0,10,0,237.0,284.0,2.0,0
Adrien Rabiot,FRANCE,MF,27,Juventus,it,26 NOV 2022,17 : 00,Group D,DENMARK,6,5,483,1,1,9,4,1,0,12.0,9,10,12.0,10,0,237.0,284.0,2.0,0
Adrien Rabiot,FRANCE,MF,27,Juventus,it,04 DEC 2022,16 : 00,Round of 16,POLAND,6,5,483,1,1,9,4,1,0,12.0,9,10,12.0,10,0,237.0,284.0,2.0,0
Adrien Rabiot,FRANCE,MF,27,Juventus,it,14 DEC 2022,20 : 00,Semi-final,MOROCCO,6,5,483,1,1,9,4,1,0,12.0,9,10,12.0,10,0,237.0,284.0,2.0,0
Adrien Rabiot,FRANCE,MF,27,Juventus,it,30 NOV 2022,16 : 00,Group D,TUNISIA,6,5,483,1,1,9,4,1,0,12.0,9,10,12.0,10,0,237.0,284.0,2.0,0
Adrien Rabiot,FRANCE,MF,27,Juventus,it,10 DEC 2022,20 : 00,Quarter-final,ENGLAND,6,5,483,1,1,9,4,1,0,12.0,9,10,12.0,10,0,237.0,284.0,2.0,0
Adrien Rabiot,FRANCE,MF,27,Juventus,it,18 DEC 2022,16 : 00,Final,ARGENTINA,6,5,483,1,1,9,4,1,0,12.0,9,10,12.0,10,0,237.0,284.0,2.0,0
Jules Koundé,FRANCE,DF,23,Barcelona,es,22 NOV 2022,20 : 00,Group D,AUSTRALIA,6,5,480,0,0,4,1,1,0,11.0,8,5,7.0,5,0,252.0,311.0,3.0,0
Jules Koundé,FRANCE,DF,23,Barcelona,es,26 NOV 2022,17 : 00,Group D,DENMARK,6,5,480,0,0,4,1,1,0,11.0,8,5,7.0,5,0,252.0,311.0,3.0,0
Jules Koundé,FRANCE,DF,23,Barcelona,es,04 DEC 2022,16 : 00,Round of 16,POLAND,6,5,480,0,0,4,1,1,0,11.0,8,5,7.0,5,0,252.0,311.0,3.0,0
Jules Koundé,FRANCE,DF,23,Barcelona,es,14 DEC 2022,20 : 00,Semi-final,MOROCCO,6,5,480,0,0,4,1,1,0,11.0,8,5,7.0,5,0,252.0,311.0,3.0,0
Jules Koundé,FRANCE,DF,23,Barcelona,es,30 NOV 2022,16 : 00,Group D,TUNISIA,6,5,480,0,0,4,1,1,0,11.0,8,5,7.0,5,0,252.0,311.0,3.0,0
Jules Koundé,FRANCE,DF,23,Barcelona,es,10 DEC 2022,20 : 00,Quarter-final,ENGLAND,6,5,480,0,0,4,1,1,0,11.0,8,5,7.0,5,0,252.0,311.0,3.0,0
Jules Koundé,FRANCE,DF,23,Barcelona,es,18 DEC 2022,16 : 00,Final,ARGENTINA,6,5,480,0,0,4,1,1,0,11.0,8,5,7.0,5,0,252.0,311.0,3.0,0
Dayot Upamecano,FRANCE,DF,23,Bayern Munich,de,22 NOV 2022,20 : 00,Group D,AUSTRALIA,5,5,480,0,0,1,0,0,0,11.0,7,6,5.0,4,0,314.0,351.0,0.0,0
Dayot Upamecano,FRANCE,DF,23,Bayern Munich,de,26 NOV 2022,17 : 00,Group D,DENMARK,5,5,480,0,0,1,0,0,0,11.0,7,6,5.0,4,0,314.0,351.0,0.0,0
Dayot Upamecano,FRANCE,DF,23,Bayern Munich,de,04 DEC 2022,16 : 00,Round of 16,POLAND,5,5,480,0,0,1,0,0,0,11.0,7,6,5.0,4,0,314.0,351.0,0.0,0
Dayot Upamecano,FRANCE,DF,23,Bayern Munich,de,14 DEC 2022,20 : 00,Semi-final,MOROCCO,5,5,480,0,0,1,0,0,0,11.0,7,6,5.0,4,0,314.0,351.0,0.0,0
Dayot Upamecano,FRANCE,DF,23,Bayern Munich,de,30 NOV 2022,16 : 00,Group D,TUNISIA,5,5,480,0,0,1,0,0,0,11.0,7,6,5.0,4,0,314.0,351.0,0.0,0
Dayot Upamecano,FRANCE,DF,23,Bayern Munich,de,10 DEC 2022,20 : 00,Quarter-final,ENGLAND,5,5,480,0,0,1,0,0,0,11.0,7,6,5.0,4,0,314.0,351.0,0.0,0
Dayot Upamecano,FRANCE,DF,23,Bayern Munich,de,18 DEC 2022,16 : 00,Final,ARGENTINA,5,5,480,0,0,1,0,0,0,11.0,7,6,5.0,4,0,314.0,351.0,0.0,0
Ibrahima Konaté,FRANCE,DF,23,Liverpool,eng,22 NOV 2022,20 : 00,Group D,AUSTRALIA,5,3,294,0,0,2,1,0,0,15.0,6,7,5.0,2,0,215.0,235.0,0.0,0
Ibrahima Konaté,FRANCE,DF,23,Liverpool,eng,26 NOV 2022,17 : 00,Group D,DENMARK,5,3,294,0,0,2,1,0,0,15.0,6,7,5.0,2,0,215.0,235.0,0.0,0
Ibrahima Konaté,FRANCE,DF,23,Liverpool,eng,04 DEC 2022,16 : 00,Round of 16,POLAND,5,3,294,0,0,2,1,0,0,15.0,6,7,5.0,2,0,215.0,235.0,0.0,0
Ibrahima Konaté,FRANCE,DF,23,Liverpool,eng,14 DEC 2022,20 : 00,Semi-final,MOROCCO,5,3,294,0,0,2,1,0,0,15.0,6,7,5.0,2,0,215.0,235.0,0.0,0
Ibrahima Konaté,FRANCE,DF,23,Liverpool,eng,30 NOV 2022,16 : 00,Group D,TUNISIA,5,3,294,0,0,2,1,0,0,15.0,6,7,5.0,2,0,215.0,235.0,0.0,0
Ibrahima Konaté,FRANCE,DF,23,Liverpool,eng,10 DEC 2022,20 : 00,Quarter-final,ENGLAND,5,3,294,0,0,2,1,0,0,15.0,6,7,5.0,2,0,215.0,235.0,0.0,0
Ibrahima Konaté,FRANCE,DF,23,Liverpool,eng,18 DEC 2022,16 : 00,Final,ARGENTINA,5,3,294,0,0,2,1,0,0,15.0,6,7,5.0,2,0,215.0,235.0,0.0,0
Youssouf Fofana,FRANCE,MF,23,Monaco,fr,22 NOV 2022,20 : 00,Group D,AUSTRALIA,6,2,227,0,0,4,0,0,0,8.0,5,3,6.0,3,0,96.0,112.0,2.0,0
Youssouf Fofana,FRANCE,MF,23,Monaco,fr,26 NOV 2022,17 : 00,Group D,DENMARK,6,2,227,0,0,4,0,0,0,8.0,5,3,6.0,3,0,96.0,112.0,2.0,0
Youssouf Fofana,FRANCE,MF,23,Monaco,fr,04 DEC 2022,16 : 00,Round of 16,POLAND,6,2,227,0,0,4,0,0,0,8.0,5,3,6.0,3,0,96.0,112.0,2.0,0
Youssouf Fofana,FRANCE,MF,23,Monaco,fr,14 DEC 2022,20 : 00,Semi-final,MOROCCO,6,2,227,0,0,4,0,0,0,8.0,5,3,6.0,3,0,96.0,112.0,2.0,0
Youssouf Fofana,FRANCE,MF,23,Monaco,fr,30 NOV 2022,16 : 00,Group D,TUNISIA,6,2,227,0,0,4,0,0,0,8.0,5,3,6.0,3,0,96.0,112.0,2.0,0
Youssouf Fofana,FRANCE,MF,23,Monaco,fr,10 DEC 2022,20 : 00,Quarter-final,ENGLAND,6,2,227,0,0,4,0,0,0,8.0,5,3,6.0,3,0,96.0,112.0,2.0,0
Youssouf Fofana,FRANCE,MF,23,Monaco,fr,18 DEC 2022,16 : 00,Final,ARGENTINA,6,2,227,0,0,4,0,0,0,8.0,5,3,6.0,3,0,96.0,112.0,2.0,0
Randal Kolo Muani,FRANCE,FW,23,Eint Frankfurt,de,22 NOV 2022,20 : 00,Group D,AUSTRALIA,3,1,182,1,0,4,2,0,0,7.0,5,1,1.0,4,0,25.0,43.0,3.0,0
Randal Kolo Muani,FRANCE,FW,23,Eint Frankfurt,de,26 NOV 2022,17 : 00,Group D,DENMARK,3,1,182,1,0,4,2,0,0,7.0,5,1,1.0,4,0,25.0,43.0,3.0,0
Randal Kolo Muani,FRANCE,FW,23,Eint Frankfurt,de,04 DEC 2022,16 : 00,Round of 16,POLAND,3,1,182,1,0,4,2,0,0,7.0,5,1,1.0,4,0,25.0,43.0,3.0,0
Randal Kolo Muani,FRANCE,FW,23,Eint Frankfurt,de,14 DEC 2022,20 : 00,Semi-final,MOROCCO,3,1,182,1,0,4,2,0,0,7.0,5,1,1.0,4,0,25.0,43.0,3.0,0
Randal Kolo Muani,FRANCE,FW,23,Eint Frankfurt,de,30 NOV 2022,16 : 00,Group D,TUNISIA,3,1,182,1,0,4,2,0,0,7.0,5,1,1.0,4,0,25.0,43.0,3.0,0
Randal Kolo Muani,FRANCE,FW,23,Eint Frankfurt,de,10 DEC 2022,20 : 00,Quarter-final,ENGLAND,3,1,182,1,0,4,2,0,0,7.0,5,1,1.0,4,0,25.0,43.0,3.0,0
Randal Kolo Muani,FRANCE,FW,23,Eint Frankfurt,de,18 DEC 2022,16 : 00,Final,ARGENTINA,3,1,182,1,0,4,2,0,0,7.0,5,1,1.0,4,0,25.0,43.0,3.0,0
Kingsley Coman,FRANCE,"FW,MF",26,Bayern Munich,de,22 NOV 2022,20 : 00,Group D,AUSTRALIA,6,1,169,0,0,1,0,0,0,3.0,2,2,3.0,1,0,56.0,72.0,6.0,0
Kingsley Coman,FRANCE,"FW,MF",26,Bayern Munich,de,26 NOV 2022,17 : 00,Group D,DENMARK,6,1,169,0,0,1,0,0,0,3.0,2,2,3.0,1,0,56.0,72.0,6.0,0
Kingsley Coman,FRANCE,"FW,MF",26,Bayern Munich,de,04 DEC 2022,16 : 00,Round of 16,POLAND,6,1,169,0,0,1,0,0,0,3.0,2,2,3.0,1,0,56.0,72.0,6.0,0
Kingsley Coman,FRANCE,"FW,MF",26,Bayern Munich,de,14 DEC 2022,20 : 00,Semi-final,MOROCCO,6,1,169,0,0,1,0,0,0,3.0,2,2,3.0,1,0,56.0,72.0,6.0,0
Kingsley Coman,FRANCE,"FW,MF",26,Bayern Munich,de,30 NOV 2022,16 : 00,Group D,TUNISIA,6,1,169,0,0,1,0,0,0,3.0,2,2,3.0,1,0,56.0,72.0,6.0,0
Kingsley Coman,FRANCE,"FW,MF",26,Bayern Munich,de,10 DEC 2022,20 : 00,Quarter-final,ENGLAND,6,1,169,0,0,1,0,0,0,3.0,2,2,3.0,1,0,56.0,72.0,6.0,0
Kingsley Coman,FRANCE,"FW,MF",26,Bayern Munich,de,18 DEC 2022,16 : 00,Final,ARGENTINA,6,1,169,0,0,1,0,0,0,3.0,2,2,3.0,1,0,56.0,72.0,6.0,0
Eduardo Camavinga,FRANCE,DF,19,Real Madrid,es,22 NOV 2022,20 : 00,Group D,AUSTRALIA,2,1,140,0,0,0,0,0,0,14.0,9,3,4.0,2,0,88.0,101.0,1.0,0
Eduardo Camavinga,FRANCE,DF,19,Real Madrid,es,26 NOV 2022,17 : 00,Group D,DENMARK,2,1,140,0,0,0,0,0,0,14.0,9,3,4.0,2,0,88.0,101.0,1.0,0
Eduardo Camavinga,FRANCE,DF,19,Real Madrid,es,04 DEC 2022,16 : 00,Round of 16,POLAND,2,1,140,0,0,0,0,0,0,14.0,9,3,4.0,2,0,88.0,101.0,1.0,0
Eduardo Camavinga,FRANCE,DF,19,Real Madrid,es,14 DEC 2022,20 : 00,Semi-final,MOROCCO,2,1,140,0,0,0,0,0,0,14.0,9,3,4.0,2,0,88.0,101.0,1.0,0
Eduardo Camavinga,FRANCE,DF,19,Real Madrid,es,30 NOV 2022,16 : 00,Group D,TUNISIA,2,1,140,0,0,0,0,0,0,14.0,9,3,4.0,2,0,88.0,101.0,1.0,0
Eduardo Camavinga,FRANCE,DF,19,Real Madrid,es,10 DEC 2022,20 : 00,Quarter-final,ENGLAND,2,1,140,0,0,0,0,0,0,14.0,9,3,4.0,2,0,88.0,101.0,1.0,0
Eduardo Camavinga,FRANCE,DF,19,Real Madrid,es,18 DEC 2022,16 : 00,Final,ARGENTINA,2,1,140,0,0,0,0,0,0,14.0,9,3,4.0,2,0,88.0,101.0,1.0,0
Axel Disasi,FRANCE,DF,24,Monaco,fr,22 NOV 2022,20 : 00,Group D,AUSTRALIA,3,1,92,0,0,1,0,0,0,3.0,2,3,0.0,0,0,61.0,78.0,1.0,0
Axel Disasi,FRANCE,DF,24,Monaco,fr,26 NOV 2022,17 : 00,Group D,DENMARK,3,1,92,0,0,1,0,0,0,3.0,2,3,0.0,0,0,61.0,78.0,1.0,0
Axel Disasi,FRANCE,DF,24,Monaco,fr,04 DEC 2022,16 : 00,Round of 16,POLAND,3,1,92,0,0,1,0,0,0,3.0,2,3,0.0,0,0,61.0,78.0,1.0,0
Axel Disasi,FRANCE,DF,24,Monaco,fr,14 DEC 2022,20 : 00,Semi-final,MOROCCO,3,1,92,0,0,1,0,0,0,3.0,2,3,0.0,0,0,61.0,78.0,1.0,0
Axel Disasi,FRANCE,DF,24,Monaco,fr,30 NOV 2022,16 : 00,Group D,TUNISIA,3,1,92,0,0,1,0,0,0,3.0,2,3,0.0,0,0,61.0,78.0,1.0,0
Axel Disasi,FRANCE,DF,24,Monaco,fr,10 DEC 2022,20 : 00,Quarter-final,ENGLAND,3,1,92,0,0,1,0,0,0,3.0,2,3,0.0,0,0,61.0,78.0,1.0,0
Axel Disasi,FRANCE,DF,24,Monaco,fr,18 DEC 2022,16 : 00,Final,ARGENTINA,3,1,92,0,0,1,0,0,0,3.0,2,3,0.0,0,0,61.0,78.0,1.0,0
Steve Mandanda,FRANCE,GK,37,Rennes,fr,22 NOV 2022,20 : 00,Group D,AUSTRALIA,1,1,90,0,0,0,0,0,0,0.0,0,0,0.0,0,0,19.0,31.0,0.0,0
Steve Mandanda,FRANCE,GK,37,Rennes,fr,26 NOV 2022,17 : 00,Group D,DENMARK,1,1,90,0,0,0,0,0,0,0.0,0,0,0.0,0,0,19.0,31.0,0.0,0
Steve Mandanda,FRANCE,GK,37,Rennes,fr,04 DEC 2022,16 : 00,Round of 16,POLAND,1,1,90,0,0,0,0,0,0,0.0,0,0,0.0,0,0,19.0,31.0,0.0,0
Steve Mandanda,FRANCE,GK,37,Rennes,fr,14 DEC 2022,20 : 00,Semi-final,MOROCCO,1,1,90,0,0,0,0,0,0,0.0,0,0,0.0,0,0,19.0,31.0,0.0,0
Steve Mandanda,FRANCE,GK,37,Rennes,fr,30 NOV 2022,16 : 00,Group D,TUNISIA,1,1,90,0,0,0,0,0,0,0.0,0,0,0.0,0,0,19.0,31.0,0.0,0
Steve Mandanda,FRANCE,GK,37,Rennes,fr,10 DEC 2022,20 : 00,Quarter-final,ENGLAND,1,1,90,0,0,0,0,0,0,0.0,0,0,0.0,0,0,19.0,31.0,0.0,0
Steve Mandanda,FRANCE,GK,37,Rennes,fr,18 DEC 2022,16 : 00,Final,ARGENTINA,1,1,90,0,0,0,0,0,0,0.0,0,0,0.0,0,0,19.0,31.0,0.0,0
Benjamin Pavard,FRANCE,DF,26,Bayern Munich,de,22 NOV 2022,20 : 00,Group D,AUSTRALIA,1,1,88,0,0,0,0,0,0,0.0,0,1,3.0,0,0,82.0,90.0,0.0,0
Benjamin Pavard,FRANCE,DF,26,Bayern Munich,de,26 NOV 2022,17 : 00,Group D,DENMARK,1,1,88,0,0,0,0,0,0,0.0,0,1,3.0,0,0,82.0,90.0,0.0,0
Benjamin Pavard,FRANCE,DF,26,Bayern Munich,de,04 DEC 2022,16 : 00,Round of 16,POLAND,1,1,88,0,0,0,0,0,0,0.0,0,1,3.0,0,0,82.0,90.0,0.0,0
Benjamin Pavard,FRANCE,DF,26,Bayern Munich,de,14 DEC 2022,20 : 00,Semi-final,MOROCCO,1,1,88,0,0,0,0,0,0,0.0,0,1,3.0,0,0,82.0,90.0,0.0,0
Benjamin Pavard,FRANCE,DF,26,Bayern Munich,de,30 NOV 2022,16 : 00,Group D,TUNISIA,1,1,88,0,0,0,0,0,0,0.0,0,1,3.0,0,0,82.0,90.0,0.0,0
Benjamin Pavard,FRANCE,DF,26,Bayern Munich,de,10 DEC 2022,20 : 00,Quarter-final,ENGLAND,1,1,88,0,0,0,0,0,0,0.0,0,1,3.0,0,0,82.0,90.0,0.0,0
Benjamin Pavard,FRANCE,DF,26,Bayern Munich,de,18 DEC 2022,16 : 00,Final,ARGENTINA,1,1,88,0,0,0,0,0,0,0.0,0,1,3.0,0,0,82.0,90.0,0.0,0
Mattéo Guendouzi,FRANCE,"FW,MF",23,Marseille,fr,22 NOV 2022,20 : 00,Group D,AUSTRALIA,1,1,78,0,0,0,0,0,0,1.0,1,0,0.0,0,0,27.0,33.0,0.0,0
Mattéo Guendouzi,FRANCE,"FW,MF",23,Marseille,fr,26 NOV 2022,17 : 00,Group D,DENMARK,1,1,78,0,0,0,0,0,0,1.0,1,0,0.0,0,0,27.0,33.0,0.0,0
Mattéo Guendouzi,FRANCE,"FW,MF",23,Marseille,fr,04 DEC 2022,16 : 00,Round of 16,POLAND,1,1,78,0,0,0,0,0,0,1.0,1,0,0.0,0,0,27.0,33.0,0.0,0
Mattéo Guendouzi,FRANCE,"FW,MF",23,Marseille,fr,14 DEC 2022,20 : 00,Semi-final,MOROCCO,1,1,78,0,0,0,0,0,0,1.0,1,0,0.0,0,0,27.0,33.0,0.0,0
Mattéo Guendouzi,FRANCE,"FW,MF",23,Marseille,fr,30 NOV 2022,16 : 00,Group D,TUNISIA,1,1,78,0,0,0,0,0,0,1.0,1,0,0.0,0,0,27.0,33.0,0.0,0
Mattéo Guendouzi,FRANCE,"FW,MF",23,Marseille,fr,10 DEC 2022,20 : 00,Quarter-final,ENGLAND,1,1,78,0,0,0,0,0,0,1.0,1,0,0.0,0,0,27.0,33.0,0.0,0
Mattéo Guendouzi,FRANCE,"FW,MF",23,Marseille,fr,18 DEC 2022,16 : 00,Final,ARGENTINA,1,1,78,0,0,0,0,0,0,1.0,1,0,0.0,0,0,27.0,33.0,0.0,0
Jordan Veretout,FRANCE,MF,29,Marseille,fr,22 NOV 2022,20 : 00,Group D,AUSTRALIA,1,1,62,0,0,0,0,0,0,2.0,0,0,0.0,2,0,33.0,36.0,0.0,0
Jordan Veretout,FRANCE,MF,29,Marseille,fr,26 NOV 2022,17 : 00,Group D,DENMARK,1,1,62,0,0,0,0,0,0,2.0,0,0,0.0,2,0,33.0,36.0,0.0,0
Jordan Veretout,FRANCE,MF,29,Marseille,fr,04 DEC 2022,16 : 00,Round of 16,POLAND,1,1,62,0,0,0,0,0,0,2.0,0,0,0.0,2,0,33.0,36.0,0.0,0
Jordan Veretout,FRANCE,MF,29,Marseille,fr,14 DEC 2022,20 : 00,Semi-final,MOROCCO,1,1,62,0,0,0,0,0,0,2.0,0,0,0.0,2,0,33.0,36.0,0.0,0
Jordan Veretout,FRANCE,MF,29,Marseille,fr,30 NOV 2022,16 : 00,Group D,TUNISIA,1,1,62,0,0,0,0,0,0,2.0,0,0,0.0,2,0,33.0,36.0,0.0,0
Jordan Veretout,FRANCE,MF,29,Marseille,fr,10 DEC 2022,20 : 00,Quarter-final,ENGLAND,1,1,62,0,0,0,0,0,0,2.0,0,0,0.0,2,0,33.0,36.0,0.0,0
Jordan Veretout,FRANCE,MF,29,Marseille,fr,18 DEC 2022,16 : 00,Final,ARGENTINA,1,1,62,0,0,0,0,0,0,2.0,0,0,0.0,2,0,33.0,36.0,0.0,0
Lucas Hernández,FRANCE,DF,26,Bayern Munich,de,22 NOV 2022,20 : 00,Group D,AUSTRALIA,1,1,12,0,0,0,0,0,0,1.0,1,0,0.0,0,0,5.0,10.0,0.0,0
Lucas Hernández,FRANCE,DF,26,Bayern Munich,de,26 NOV 2022,17 : 00,Group D,DENMARK,1,1,12,0,0,0,0,0,0,1.0,1,0,0.0,0,0,5.0,10.0,0.0,0
Lucas Hernández,FRANCE,DF,26,Bayern Munich,de,04 DEC 2022,16 : 00,Round of 16,POLAND,1,1,12,0,0,0,0,0,0,1.0,1,0,0.0,0,0,5.0,10.0,0.0,0
Lucas Hernández,FRANCE,DF,26,Bayern Munich,de,14 DEC 2022,20 : 00,Semi-final,MOROCCO,1,1,12,0,0,0,0,0,0,1.0,1,0,0.0,0,0,5.0,10.0,0.0,0
Lucas Hernández,FRANCE,DF,26,Bayern Munich,de,30 NOV 2022,16 : 00,Group D,TUNISIA,1,1,12,0,0,0,0,0,0,1.0,1,0,0.0,0,0,5.0,10.0,0.0,0
Lucas Hernández,FRANCE,DF,26,Bayern Munich,de,10 DEC 2022,20 : 00,Quarter-final,ENGLAND,1,1,12,0,0,0,0,0,0,1.0,1,0,0.0,0,0,5.0,10.0,0.0,0
Lucas Hernández,FRANCE,DF,26,Bayern Munich,de,18 DEC 2022,16 : 00,Final,ARGENTINA,1,1,12,0,0,0,0,0,0,1.0,1,0,0.0,0,0,5.0,10.0,0.0,0
Marcus Thuram,FRANCE,"FW,MF",24,M'Gladbach,de,22 NOV 2022,20 : 00,Group D,AUSTRALIA,5,0,151,0,2,1,0,1,0,3.0,2,0,2.0,3,0,27.0,40.0,6.0,1
Marcus Thuram,FRANCE,"FW,MF",24,M'Gladbach,de,26 NOV 2022,17 : 00,Group D,DENMARK,5,0,151,0,2,1,0,1,0,3.0,2,0,2.0,3,0,27.0,40.0,6.0,1
Marcus Thuram,FRANCE,"FW,MF",24,M'Gladbach,de,04 DEC 2022,16 : 00,Round of 16,POLAND,5,0,151,0,2,1,0,1,0,3.0,2,0,2.0,3,0,27.0,40.0,6.0,1
Marcus Thuram,FRANCE,"FW,MF",24,M'Gladbach,de,14 DEC 2022,20 : 00,Semi-final,MOROCCO,5,0,151,0,2,1,0,1,0,3.0,2,0,2.0,3,0,27.0,40.0,6.0,1
Marcus Thuram,FRANCE,"FW,MF",24,M'Gladbach,de,30 NOV 2022,16 : 00,Group D,TUNISIA,5,0,151,0,2,1,0,1,0,3.0,2,0,2.0,3,0,27.0,40.0,6.0,1
Marcus Thuram,FRANCE,"FW,MF",24,M'Gladbach,de,10 DEC 2022,20 : 00,Quarter-final,ENGLAND,5,0,151,0,2,1,0,1,0,3.0,2,0,2.0,3,0,27.0,40.0,6.0,1
Marcus Thuram,FRANCE,"FW,MF",24,M'Gladbach,de,18 DEC 2022,16 : 00,Final,ARGENTINA,5,0,151,0,2,1,0,1,0,3.0,2,0,2.0,3,0,27.0,40.0,6.0,1
William Saliba,FRANCE,DF,21,Arsenal,eng,22 NOV 2022,20 : 00,Group D,AUSTRALIA,1,0,28,0,0,0,0,0,0,0.0,0,0,1.0,0,0,37.0,37.0,1.0,0
William Saliba,FRANCE,DF,21,Arsenal,eng,26 NOV 2022,17 : 00,Group D,DENMARK,1,0,28,0,0,0,0,0,0,0.0,0,0,1.0,0,0,37.0,37.0,1.0,0
William Saliba,FRANCE,DF,21,Arsenal,eng,04 DEC 2022,16 : 00,Round of 16,POLAND,1,0,28,0,0,0,0,0,0,0.0,0,0,1.0,0,0,37.0,37.0,1.0,0
William Saliba,FRANCE,DF,21,Arsenal,eng,14 DEC 2022,20 : 00,Semi-final,MOROCCO,1,0,28,0,0,0,0,0,0,0.0,0,0,1.0,0,0,37.0,37.0,1.0,0
William Saliba,FRANCE,DF,21,Arsenal,eng,30 NOV 2022,16 : 00,Group D,TUNISIA,1,0,28,0,0,0,0,0,0,0.0,0,0,1.0,0,0,37.0,37.0,1.0,0
William Saliba,FRANCE,DF,21,Arsenal,eng,10 DEC 2022,20 : 00,Quarter-final,ENGLAND,1,0,28,0,0,0,0,0,0,0.0,0,0,1.0,0,0,37.0,37.0,1.0,0
William Saliba,FRANCE,DF,21,Arsenal,eng,18 DEC 2022,16 : 00,Final,ARGENTINA,1,0,28,0,0,0,0,0,0,0.0,0,0,1.0,0,0,37.0,37.0,1.0,0
Joško Gvardiol,CROATIA,DF,20,RB Leipzig,de,27 NOV 2022,17 : 00,Group F,CANADA,7,7,690,1,0,2,1,0,0,9.0,6,11,8.0,8,0,464.0,519.0,1.0,0
Joško Gvardiol,CROATIA,DF,20,RB Leipzig,de,01 DEC 2022,16 : 00,Group F,BELGIUM,7,7,690,1,0,2,1,0,0,9.0,6,11,8.0,8,0,464.0,519.0,1.0,0
Joško Gvardiol,CROATIA,DF,20,RB Leipzig,de,09 DEC 2022,16 : 00,Quarter-final,BRAZIL,7,7,690,1,0,2,1,0,0,9.0,6,11,8.0,8,0,464.0,519.0,1.0,0
Joško Gvardiol,CROATIA,DF,20,RB Leipzig,de,17 DEC 2022,16 : 00,Play-off for third place,MOROCCO,7,7,690,1,0,2,1,0,0,9.0,6,11,8.0,8,0,464.0,519.0,1.0,0
Joško Gvardiol,CROATIA,DF,20,RB Leipzig,de,23 NOV 2022,11 : 00,Group F,MOROCCO,7,7,690,1,0,2,1,0,0,9.0,6,11,8.0,8,0,464.0,519.0,1.0,0
Joško Gvardiol,CROATIA,DF,20,RB Leipzig,de,05 DEC 2022,16 : 00,Round of 16,JAPAN,7,7,690,1,0,2,1,0,0,9.0,6,11,8.0,8,0,464.0,519.0,1.0,0
Joško Gvardiol,CROATIA,DF,20,RB Leipzig,de,13 DEC 2022,20 : 00,Semi-final,ARGENTINA,7,7,690,1,0,2,1,0,0,9.0,6,11,8.0,8,0,464.0,519.0,1.0,0
Dominik Livaković,CROATIA,GK,27,Dinamo Zagreb,hr,27 NOV 2022,17 : 00,Group F,CANADA,7,7,690,0,0,0,0,1,0,0.0,0,0,0.0,1,0,194.0,228.0,0.0,0
Dominik Livaković,CROATIA,GK,27,Dinamo Zagreb,hr,01 DEC 2022,16 : 00,Group F,BELGIUM,7,7,690,0,0,0,0,1,0,0.0,0,0,0.0,1,0,194.0,228.0,0.0,0
Dominik Livaković,CROATIA,GK,27,Dinamo Zagreb,hr,09 DEC 2022,16 : 00,Quarter-final,BRAZIL,7,7,690,0,0,0,0,1,0,0.0,0,0,0.0,1,0,194.0,228.0,0.0,0
Dominik Livaković,CROATIA,GK,27,Dinamo Zagreb,hr,17 DEC 2022,16 : 00,Play-off for third place,MOROCCO,7,7,690,0,0,0,0,1,0,0.0,0,0,0.0,1,0,194.0,228.0,0.0,0
Dominik Livaković,CROATIA,GK,27,Dinamo Zagreb,hr,23 NOV 2022,11 : 00,Group F,MOROCCO,7,7,690,0,0,0,0,1,0,0.0,0,0,0.0,1,0,194.0,228.0,0.0,0
Dominik Livaković,CROATIA,GK,27,Dinamo Zagreb,hr,05 DEC 2022,16 : 00,Round of 16,JAPAN,7,7,690,0,0,0,0,1,0,0.0,0,0,0.0,1,0,194.0,228.0,0.0,0
Dominik Livaković,CROATIA,GK,27,Dinamo Zagreb,hr,13 DEC 2022,20 : 00,Semi-final,ARGENTINA,7,7,690,0,0,0,0,1,0,0.0,0,0,0.0,1,0,194.0,228.0,0.0,0
Ivan Perišić,CROATIA,"FW,DF",33,Tottenham,eng,27 NOV 2022,17 : 00,Group F,CANADA,7,7,669,1,3,16,4,0,0,7.0,4,7,9.0,10,0,202.0,292.0,6.0,3
Ivan Perišić,CROATIA,"FW,DF",33,Tottenham,eng,01 DEC 2022,16 : 00,Group F,BELGIUM,7,7,669,1,3,16,4,0,0,7.0,4,7,9.0,10,0,202.0,292.0,6.0,3
Ivan Perišić,CROATIA,"FW,DF",33,Tottenham,eng,09 DEC 2022,16 : 00,Quarter-final,BRAZIL,7,7,669,1,3,16,4,0,0,7.0,4,7,9.0,10,0,202.0,292.0,6.0,3
Ivan Perišić,CROATIA,"FW,DF",33,Tottenham,eng,17 DEC 2022,16 : 00,Play-off for third place,MOROCCO,7,7,669,1,3,16,4,0,0,7.0,4,7,9.0,10,0,202.0,292.0,6.0,3
Ivan Perišić,CROATIA,"FW,DF",33,Tottenham,eng,23 NOV 2022,11 : 00,Group F,MOROCCO,7,7,669,1,3,16,4,0,0,7.0,4,7,9.0,10,0,202.0,292.0,6.0,3
Ivan Perišić,CROATIA,"FW,DF",33,Tottenham,eng,05 DEC 2022,16 : 00,Round of 16,JAPAN,7,7,669,1,3,16,4,0,0,7.0,4,7,9.0,10,0,202.0,292.0,6.0,3
Ivan Perišić,CROATIA,"FW,DF",33,Tottenham,eng,13 DEC 2022,20 : 00,Semi-final,ARGENTINA,7,7,669,1,3,16,4,0,0,7.0,4,7,9.0,10,0,202.0,292.0,6.0,3
Luka Modrić,CROATIA,MF,36,Real Madrid,es,27 NOV 2022,17 : 00,Group F,CANADA,7,7,653,0,0,6,4,1,0,16.0,10,10,4.0,13,0,465.0,551.0,6.0,1
Luka Modrić,CROATIA,MF,36,Real Madrid,es,01 DEC 2022,16 : 00,Group F,BELGIUM,7,7,653,0,0,6,4,1,0,16.0,10,10,4.0,13,0,465.0,551.0,6.0,1
Luka Modrić,CROATIA,MF,36,Real Madrid,es,09 DEC 2022,16 : 00,Quarter-final,BRAZIL,7,7,653,0,0,6,4,1,0,16.0,10,10,4.0,13,0,465.0,551.0,6.0,1
Luka Modrić,CROATIA,MF,36,Real Madrid,es,17 DEC 2022,16 : 00,Play-off for third place,MOROCCO,7,7,653,0,0,6,4,1,0,16.0,10,10,4.0,13,0,465.0,551.0,6.0,1
Luka Modrić,CROATIA,MF,36,Real Madrid,es,23 NOV 2022,11 : 00,Group F,MOROCCO,7,7,653,0,0,6,4,1,0,16.0,10,10,4.0,13,0,465.0,551.0,6.0,1
Luka Modrić,CROATIA,MF,36,Real Madrid,es,05 DEC 2022,16 : 00,Round of 16,JAPAN,7,7,653,0,0,6,4,1,0,16.0,10,10,4.0,13,0,465.0,551.0,6.0,1
Luka Modrić,CROATIA,MF,36,Real Madrid,es,13 DEC 2022,20 : 00,Semi-final,ARGENTINA,7,7,653,0,0,6,4,1,0,16.0,10,10,4.0,13,0,465.0,551.0,6.0,1
Mateo Kovačić,CROATIA,MF,28,Chelsea,eng,27 NOV 2022,17 : 00,Group F,CANADA,7,7,635,0,0,3,1,2,0,24.0,17,4,4.0,3,0,415.0,460.0,11.0,0
Mateo Kovačić,CROATIA,MF,28,Chelsea,eng,01 DEC 2022,16 : 00,Group F,BELGIUM,7,7,635,0,0,3,1,2,0,24.0,17,4,4.0,3,0,415.0,460.0,11.0,0
Mateo Kovačić,CROATIA,MF,28,Chelsea,eng,09 DEC 2022,16 : 00,Quarter-final,BRAZIL,7,7,635,0,0,3,1,2,0,24.0,17,4,4.0,3,0,415.0,460.0,11.0,0
Mateo Kovačić,CROATIA,MF,28,Chelsea,eng,17 DEC 2022,16 : 00,Play-off for third place,MOROCCO,7,7,635,0,0,3,1,2,0,24.0,17,4,4.0,3,0,415.0,460.0,11.0,0
Mateo Kovačić,CROATIA,MF,28,Chelsea,eng,23 NOV 2022,11 : 00,Group F,MOROCCO,7,7,635,0,0,3,1,2,0,24.0,17,4,4.0,3,0,415.0,460.0,11.0,0
Mateo Kovačić,CROATIA,MF,28,Chelsea,eng,05 DEC 2022,16 : 00,Round of 16,JAPAN,7,7,635,0,0,3,1,2,0,24.0,17,4,4.0,3,0,415.0,460.0,11.0,0
Mateo Kovačić,CROATIA,MF,28,Chelsea,eng,13 DEC 2022,20 : 00,Semi-final,ARGENTINA,7,7,635,0,0,3,1,2,0,24.0,17,4,4.0,3,0,415.0,460.0,11.0,0
Andrej Kramarić,CROATIA,"FW,MF",30,Hoffenheim,de,27 NOV 2022,17 : 00,Group F,CANADA,7,7,474,2,0,10,4,0,0,3.0,2,0,6.0,1,0,153.0,176.0,4.0,2
Andrej Kramarić,CROATIA,"FW,MF",30,Hoffenheim,de,01 DEC 2022,16 : 00,Group F,BELGIUM,7,7,474,2,0,10,4,0,0,3.0,2,0,6.0,1,0,153.0,176.0,4.0,2
Andrej Kramarić,CROATIA,"FW,MF",30,Hoffenheim,de,09 DEC 2022,16 : 00,Quarter-final,BRAZIL,7,7,474,2,0,10,4,0,0,3.0,2,0,6.0,1,0,153.0,176.0,4.0,2
Andrej Kramarić,CROATIA,"FW,MF",30,Hoffenheim,de,17 DEC 2022,16 : 00,Play-off for third place,MOROCCO,7,7,474,2,0,10,4,0,0,3.0,2,0,6.0,1,0,153.0,176.0,4.0,2
Andrej Kramarić,CROATIA,"FW,MF",30,Hoffenheim,de,23 NOV 2022,11 : 00,Group F,MOROCCO,7,7,474,2,0,10,4,0,0,3.0,2,0,6.0,1,0,153.0,176.0,4.0,2
Andrej Kramarić,CROATIA,"FW,MF",30,Hoffenheim,de,05 DEC 2022,16 : 00,Round of 16,JAPAN,7,7,474,2,0,10,4,0,0,3.0,2,0,6.0,1,0,153.0,176.0,4.0,2
Andrej Kramarić,CROATIA,"FW,MF",30,Hoffenheim,de,13 DEC 2022,20 : 00,Semi-final,ARGENTINA,7,7,474,2,0,10,4,0,0,3.0,2,0,6.0,1,0,153.0,176.0,4.0,2
Josip Juranović,CROATIA,DF,26,Celtic,sct,27 NOV 2022,17 : 00,Group F,CANADA,6,6,600,0,1,1,0,0,0,12.0,8,3,5.0,1,0,318.0,405.0,1.0,0
Josip Juranović,CROATIA,DF,26,Celtic,sct,01 DEC 2022,16 : 00,Group F,BELGIUM,6,6,600,0,1,1,0,0,0,12.0,8,3,5.0,1,0,318.0,405.0,1.0,0
Josip Juranović,CROATIA,DF,26,Celtic,sct,09 DEC 2022,16 : 00,Quarter-final,BRAZIL,6,6,600,0,1,1,0,0,0,12.0,8,3,5.0,1,0,318.0,405.0,1.0,0
Josip Juranović,CROATIA,DF,26,Celtic,sct,17 DEC 2022,16 : 00,Play-off for third place,MOROCCO,6,6,600,0,1,1,0,0,0,12.0,8,3,5.0,1,0,318.0,405.0,1.0,0
Josip Juranović,CROATIA,DF,26,Celtic,sct,23 NOV 2022,11 : 00,Group F,MOROCCO,6,6,600,0,1,1,0,0,0,12.0,8,3,5.0,1,0,318.0,405.0,1.0,0
Josip Juranović,CROATIA,DF,26,Celtic,sct,05 DEC 2022,16 : 00,Round of 16,JAPAN,6,6,600,0,1,1,0,0,0,12.0,8,3,5.0,1,0,318.0,405.0,1.0,0
Josip Juranović,CROATIA,DF,26,Celtic,sct,13 DEC 2022,20 : 00,Semi-final,ARGENTINA,6,6,600,0,1,1,0,0,0,12.0,8,3,5.0,1,0,318.0,405.0,1.0,0
Dejan Lovren,CROATIA,DF,32,Zenit,ru,27 NOV 2022,17 : 00,Group F,CANADA,6,6,600,0,1,4,0,1,0,7.0,2,6,7.0,2,0,405.0,460.0,0.0,1
Dejan Lovren,CROATIA,DF,32,Zenit,ru,01 DEC 2022,16 : 00,Group F,BELGIUM,6,6,600,0,1,4,0,1,0,7.0,2,6,7.0,2,0,405.0,460.0,0.0,1
Dejan Lovren,CROATIA,DF,32,Zenit,ru,09 DEC 2022,16 : 00,Quarter-final,BRAZIL,6,6,600,0,1,4,0,1,0,7.0,2,6,7.0,2,0,405.0,460.0,0.0,1
Dejan Lovren,CROATIA,DF,32,Zenit,ru,17 DEC 2022,16 : 00,Play-off for third place,MOROCCO,6,6,600,0,1,4,0,1,0,7.0,2,6,7.0,2,0,405.0,460.0,0.0,1
Dejan Lovren,CROATIA,DF,32,Zenit,ru,23 NOV 2022,11 : 00,Group F,MOROCCO,6,6,600,0,1,4,0,1,0,7.0,2,6,7.0,2,0,405.0,460.0,0.0,1
Dejan Lovren,CROATIA,DF,32,Zenit,ru,05 DEC 2022,16 : 00,Round of 16,JAPAN,6,6,600,0,1,4,0,1,0,7.0,2,6,7.0,2,0,405.0,460.0,0.0,1
Dejan Lovren,CROATIA,DF,32,Zenit,ru,13 DEC 2022,20 : 00,Semi-final,ARGENTINA,6,6,600,0,1,4,0,1,0,7.0,2,6,7.0,2,0,405.0,460.0,0.0,1
Marcelo Brozović,CROATIA,MF,29,Inter,it,27 NOV 2022,17 : 00,Group F,CANADA,6,6,552,0,0,4,2,1,0,13.0,7,4,13.0,12,0,466.0,530.0,3.0,0
Marcelo Brozović,CROATIA,MF,29,Inter,it,01 DEC 2022,16 : 00,Group F,BELGIUM,6,6,552,0,0,4,2,1,0,13.0,7,4,13.0,12,0,466.0,530.0,3.0,0
Marcelo Brozović,CROATIA,MF,29,Inter,it,09 DEC 2022,16 : 00,Quarter-final,BRAZIL,6,6,552,0,0,4,2,1,0,13.0,7,4,13.0,12,0,466.0,530.0,3.0,0
Marcelo Brozović,CROATIA,MF,29,Inter,it,17 DEC 2022,16 : 00,Play-off for third place,MOROCCO,6,6,552,0,0,4,2,1,0,13.0,7,4,13.0,12,0,466.0,530.0,3.0,0
Marcelo Brozović,CROATIA,MF,29,Inter,it,23 NOV 2022,11 : 00,Group F,MOROCCO,6,6,552,0,0,4,2,1,0,13.0,7,4,13.0,12,0,466.0,530.0,3.0,0
Marcelo Brozović,CROATIA,MF,29,Inter,it,05 DEC 2022,16 : 00,Round of 16,JAPAN,6,6,552,0,0,4,2,1,0,13.0,7,4,13.0,12,0,466.0,530.0,3.0,0
Marcelo Brozović,CROATIA,MF,29,Inter,it,13 DEC 2022,20 : 00,Semi-final,ARGENTINA,6,6,552,0,0,4,2,1,0,13.0,7,4,13.0,12,0,466.0,530.0,3.0,0
Borna Sosa,CROATIA,DF,24,Stuttgart,de,27 NOV 2022,17 : 00,Group F,CANADA,5,5,424,0,0,2,0,0,0,14.0,6,2,4.0,4,0,220.0,278.0,2.0,0
Borna Sosa,CROATIA,DF,24,Stuttgart,de,01 DEC 2022,16 : 00,Group F,BELGIUM,5,5,424,0,0,2,0,0,0,14.0,6,2,4.0,4,0,220.0,278.0,2.0,0
Borna Sosa,CROATIA,DF,24,Stuttgart,de,09 DEC 2022,16 : 00,Quarter-final,BRAZIL,5,5,424,0,0,2,0,0,0,14.0,6,2,4.0,4,0,220.0,278.0,2.0,0
Borna Sosa,CROATIA,DF,24,Stuttgart,de,17 DEC 2022,16 : 00,Play-off for third place,MOROCCO,5,5,424,0,0,2,0,0,0,14.0,6,2,4.0,4,0,220.0,278.0,2.0,0
Borna Sosa,CROATIA,DF,24,Stuttgart,de,23 NOV 2022,11 : 00,Group F,MOROCCO,5,5,424,0,0,2,0,0,0,14.0,6,2,4.0,4,0,220.0,278.0,2.0,0
Borna Sosa,CROATIA,DF,24,Stuttgart,de,05 DEC 2022,16 : 00,Round of 16,JAPAN,5,5,424,0,0,2,0,0,0,14.0,6,2,4.0,4,0,220.0,278.0,2.0,0
Borna Sosa,CROATIA,DF,24,Stuttgart,de,13 DEC 2022,20 : 00,Semi-final,ARGENTINA,5,5,424,0,0,2,0,0,0,14.0,6,2,4.0,4,0,220.0,278.0,2.0,0
Marko Livaja,CROATIA,FW,28,Hajduk Split,hr,27 NOV 2022,17 : 00,Group F,CANADA,6,3,241,1,1,6,4,0,0,2.0,2,1,1.0,6,0,35.0,58.0,0.0,1
Marko Livaja,CROATIA,FW,28,Hajduk Split,hr,01 DEC 2022,16 : 00,Group F,BELGIUM,6,3,241,1,1,6,4,0,0,2.0,2,1,1.0,6,0,35.0,58.0,0.0,1
Marko Livaja,CROATIA,FW,28,Hajduk Split,hr,09 DEC 2022,16 : 00,Quarter-final,BRAZIL,6,3,241,1,1,6,4,0,0,2.0,2,1,1.0,6,0,35.0,58.0,0.0,1
Marko Livaja,CROATIA,FW,28,Hajduk Split,hr,17 DEC 2022,16 : 00,Play-off for third place,MOROCCO,6,3,241,1,1,6,4,0,0,2.0,2,1,1.0,6,0,35.0,58.0,0.0,1
Marko Livaja,CROATIA,FW,28,Hajduk Split,hr,23 NOV 2022,11 : 00,Group F,MOROCCO,6,3,241,1,1,6,4,0,0,2.0,2,1,1.0,6,0,35.0,58.0,0.0,1
Marko Livaja,CROATIA,FW,28,Hajduk Split,hr,05 DEC 2022,16 : 00,Round of 16,JAPAN,6,3,241,1,1,6,4,0,0,2.0,2,1,1.0,6,0,35.0,58.0,0.0,1
Marko Livaja,CROATIA,FW,28,Hajduk Split,hr,13 DEC 2022,20 : 00,Semi-final,ARGENTINA,6,3,241,1,1,6,4,0,0,2.0,2,1,1.0,6,0,35.0,58.0,0.0,1
Mario Pašalić,CROATIA,"FW,MF",27,Atalanta,it,27 NOV 2022,17 : 00,Group F,CANADA,7,2,271,0,0,3,0,0,0,7.0,5,3,6.0,4,0,76.0,95.0,0.0,2
Mario Pašalić,CROATIA,"FW,MF",27,Atalanta,it,01 DEC 2022,16 : 00,Group F,BELGIUM,7,2,271,0,0,3,0,0,0,7.0,5,3,6.0,4,0,76.0,95.0,0.0,2
Mario Pašalić,CROATIA,"FW,MF",27,Atalanta,it,09 DEC 2022,16 : 00,Quarter-final,BRAZIL,7,2,271,0,0,3,0,0,0,7.0,5,3,6.0,4,0,76.0,95.0,0.0,2
Mario Pašalić,CROATIA,"FW,MF",27,Atalanta,it,17 DEC 2022,16 : 00,Play-off for third place,MOROCCO,7,2,271,0,0,3,0,0,0,7.0,5,3,6.0,4,0,76.0,95.0,0.0,2
Mario Pašalić,CROATIA,"FW,MF",27,Atalanta,it,23 NOV 2022,11 : 00,Group F,MOROCCO,7,2,271,0,0,3,0,0,0,7.0,5,3,6.0,4,0,76.0,95.0,0.0,2
Mario Pašalić,CROATIA,"FW,MF",27,Atalanta,it,05 DEC 2022,16 : 00,Round of 16,JAPAN,7,2,271,0,0,3,0,0,0,7.0,5,3,6.0,4,0,76.0,95.0,0.0,2
Mario Pašalić,CROATIA,"FW,MF",27,Atalanta,it,13 DEC 2022,20 : 00,Semi-final,ARGENTINA,7,2,271,0,0,3,0,0,0,7.0,5,3,6.0,4,0,76.0,95.0,0.0,2
Bruno Petković,CROATIA,FW,27,Dinamo Zagreb,hr,27 NOV 2022,17 : 00,Group F,CANADA,6,1,234,1,0,1,1,1,0,6.0,4,0,3.0,3,0,40.0,75.0,2.0,0
Bruno Petković,CROATIA,FW,27,Dinamo Zagreb,hr,01 DEC 2022,16 : 00,Group F,BELGIUM,6,1,234,1,0,1,1,1,0,6.0,4,0,3.0,3,0,40.0,75.0,2.0,0
Bruno Petković,CROATIA,FW,27,Dinamo Zagreb,hr,09 DEC 2022,16 : 00,Quarter-final,BRAZIL,6,1,234,1,0,1,1,1,0,6.0,4,0,3.0,3,0,40.0,75.0,2.0,0
Bruno Petković,CROATIA,FW,27,Dinamo Zagreb,hr,17 DEC 2022,16 : 00,Play-off for third place,MOROCCO,6,1,234,1,0,1,1,1,0,6.0,4,0,3.0,3,0,40.0,75.0,2.0,0
Bruno Petković,CROATIA,FW,27,Dinamo Zagreb,hr,23 NOV 2022,11 : 00,Group F,MOROCCO,6,1,234,1,0,1,1,1,0,6.0,4,0,3.0,3,0,40.0,75.0,2.0,0
Bruno Petković,CROATIA,FW,27,Dinamo Zagreb,hr,05 DEC 2022,16 : 00,Round of 16,JAPAN,6,1,234,1,0,1,1,1,0,6.0,4,0,3.0,3,0,40.0,75.0,2.0,0
Bruno Petković,CROATIA,FW,27,Dinamo Zagreb,hr,13 DEC 2022,20 : 00,Semi-final,ARGENTINA,6,1,234,1,0,1,1,1,0,6.0,4,0,3.0,3,0,40.0,75.0,2.0,0
Nikola Vlašić,CROATIA,"FW,MF",24,Torino,it,27 NOV 2022,17 : 00,Group F,CANADA,6,1,209,0,0,5,1,0,0,1.0,1,1,2.0,4,0,45.0,55.0,3.0,0
Nikola Vlašić,CROATIA,"FW,MF",24,Torino,it,01 DEC 2022,16 : 00,Group F,BELGIUM,6,1,209,0,0,5,1,0,0,1.0,1,1,2.0,4,0,45.0,55.0,3.0,0
Nikola Vlašić,CROATIA,"FW,MF",24,Torino,it,09 DEC 2022,16 : 00,Quarter-final,BRAZIL,6,1,209,0,0,5,1,0,0,1.0,1,1,2.0,4,0,45.0,55.0,3.0,0
Nikola Vlašić,CROATIA,"FW,MF",24,Torino,it,17 DEC 2022,16 : 00,Play-off for third place,MOROCCO,6,1,209,0,0,5,1,0,0,1.0,1,1,2.0,4,0,45.0,55.0,3.0,0
Nikola Vlašić,CROATIA,"FW,MF",24,Torino,it,23 NOV 2022,11 : 00,Group F,MOROCCO,6,1,209,0,0,5,1,0,0,1.0,1,1,2.0,4,0,45.0,55.0,3.0,0
Nikola Vlašić,CROATIA,"FW,MF",24,Torino,it,05 DEC 2022,16 : 00,Round of 16,JAPAN,6,1,209,0,0,5,1,0,0,1.0,1,1,2.0,4,0,45.0,55.0,3.0,0
Nikola Vlašić,CROATIA,"FW,MF",24,Torino,it,13 DEC 2022,20 : 00,Semi-final,ARGENTINA,6,1,209,0,0,5,1,0,0,1.0,1,1,2.0,4,0,45.0,55.0,3.0,0
Mislav Oršić,CROATIA,FW,29,Dinamo Zagreb,hr,27 NOV 2022,17 : 00,Group F,CANADA,6,1,162,1,2,9,2,0,0,3.0,3,0,2.0,3,0,40.0,54.0,1.0,1
Mislav Oršić,CROATIA,FW,29,Dinamo Zagreb,hr,01 DEC 2022,16 : 00,Group F,BELGIUM,6,1,162,1,2,9,2,0,0,3.0,3,0,2.0,3,0,40.0,54.0,1.0,1
Mislav Oršić,CROATIA,FW,29,Dinamo Zagreb,hr,09 DEC 2022,16 : 00,Quarter-final,BRAZIL,6,1,162,1,2,9,2,0,0,3.0,3,0,2.0,3,0,40.0,54.0,1.0,1
Mislav Oršić,CROATIA,FW,29,Dinamo Zagreb,hr,17 DEC 2022,16 : 00,Play-off for third place,MOROCCO,6,1,162,1,2,9,2,0,0,3.0,3,0,2.0,3,0,40.0,54.0,1.0,1
Mislav Oršić,CROATIA,FW,29,Dinamo Zagreb,hr,23 NOV 2022,11 : 00,Group F,MOROCCO,6,1,162,1,2,9,2,0,0,3.0,3,0,2.0,3,0,40.0,54.0,1.0,1
Mislav Oršić,CROATIA,FW,29,Dinamo Zagreb,hr,05 DEC 2022,16 : 00,Round of 16,JAPAN,6,1,162,1,2,9,2,0,0,3.0,3,0,2.0,3,0,40.0,54.0,1.0,1
Mislav Oršić,CROATIA,FW,29,Dinamo Zagreb,hr,13 DEC 2022,20 : 00,Semi-final,ARGENTINA,6,1,162,1,2,9,2,0,0,3.0,3,0,2.0,3,0,40.0,54.0,1.0,1
Lovro Majer,CROATIA,"MF,FW",24,Rennes,fr,27 NOV 2022,17 : 00,Group F,CANADA,7,1,130,1,0,4,2,0,0,3.0,1,0,1.0,5,0,78.0,98.0,0.0,0
Lovro Majer,CROATIA,"MF,FW",24,Rennes,fr,01 DEC 2022,16 : 00,Group F,BELGIUM,7,1,130,1,0,4,2,0,0,3.0,1,0,1.0,5,0,78.0,98.0,0.0,0
Lovro Majer,CROATIA,"MF,FW",24,Rennes,fr,09 DEC 2022,16 : 00,Quarter-final,BRAZIL,7,1,130,1,0,4,2,0,0,3.0,1,0,1.0,5,0,78.0,98.0,0.0,0
Lovro Majer,CROATIA,"MF,FW",24,Rennes,fr,17 DEC 2022,16 : 00,Play-off for third place,MOROCCO,7,1,130,1,0,4,2,0,0,3.0,1,0,1.0,5,0,78.0,98.0,0.0,0
Lovro Majer,CROATIA,"MF,FW",24,Rennes,fr,23 NOV 2022,11 : 00,Group F,MOROCCO,7,1,130,1,0,4,2,0,0,3.0,1,0,1.0,5,0,78.0,98.0,0.0,0
Lovro Majer,CROATIA,"MF,FW",24,Rennes,fr,05 DEC 2022,16 : 00,Round of 16,JAPAN,7,1,130,1,0,4,2,0,0,3.0,1,0,1.0,5,0,78.0,98.0,0.0,0
Lovro Majer,CROATIA,"MF,FW",24,Rennes,fr,13 DEC 2022,20 : 00,Semi-final,ARGENTINA,7,1,130,1,0,4,2,0,0,3.0,1,0,1.0,5,0,78.0,98.0,0.0,0
Borna Barišić,CROATIA,DF,29,Rangers,sct,27 NOV 2022,17 : 00,Group F,CANADA,1,1,120,0,0,1,0,1,0,1.0,1,0,1.0,5,0,50.0,69.0,0.0,0
Borna Barišić,CROATIA,DF,29,Rangers,sct,01 DEC 2022,16 : 00,Group F,BELGIUM,1,1,120,0,0,1,0,1,0,1.0,1,0,1.0,5,0,50.0,69.0,0.0,0
Borna Barišić,CROATIA,DF,29,Rangers,sct,09 DEC 2022,16 : 00,Quarter-final,BRAZIL,1,1,120,0,0,1,0,1,0,1.0,1,0,1.0,5,0,50.0,69.0,0.0,0
Borna Barišić,CROATIA,DF,29,Rangers,sct,17 DEC 2022,16 : 00,Play-off for third place,MOROCCO,1,1,120,0,0,1,0,1,0,1.0,1,0,1.0,5,0,50.0,69.0,0.0,0
Borna Barišić,CROATIA,DF,29,Rangers,sct,23 NOV 2022,11 : 00,Group F,MOROCCO,1,1,120,0,0,1,0,1,0,1.0,1,0,1.0,5,0,50.0,69.0,0.0,0
Borna Barišić,CROATIA,DF,29,Rangers,sct,05 DEC 2022,16 : 00,Round of 16,JAPAN,1,1,120,0,0,1,0,1,0,1.0,1,0,1.0,5,0,50.0,69.0,0.0,0
Borna Barišić,CROATIA,DF,29,Rangers,sct,13 DEC 2022,20 : 00,Semi-final,ARGENTINA,1,1,120,0,0,1,0,1,0,1.0,1,0,1.0,5,0,50.0,69.0,0.0,0
Josip Stanišić,CROATIA,DF,22,Bayern Munich,de,27 NOV 2022,17 : 00,Group F,CANADA,1,1,90,0,0,1,0,0,0,3.0,3,1,0.0,1,0,36.0,49.0,0.0,0
Josip Stanišić,CROATIA,DF,22,Bayern Munich,de,01 DEC 2022,16 : 00,Group F,BELGIUM,1,1,90,0,0,1,0,0,0,3.0,3,1,0.0,1,0,36.0,49.0,0.0,0
Josip Stanišić,CROATIA,DF,22,Bayern Munich,de,09 DEC 2022,16 : 00,Quarter-final,BRAZIL,1,1,90,0,0,1,0,0,0,3.0,3,1,0.0,1,0,36.0,49.0,0.0,0
Josip Stanišić,CROATIA,DF,22,Bayern Munich,de,17 DEC 2022,16 : 00,Play-off for third place,MOROCCO,1,1,90,0,0,1,0,0,0,3.0,3,1,0.0,1,0,36.0,49.0,0.0,0
Josip Stanišić,CROATIA,DF,22,Bayern Munich,de,23 NOV 2022,11 : 00,Group F,MOROCCO,1,1,90,0,0,1,0,0,0,3.0,3,1,0.0,1,0,36.0,49.0,0.0,0
Josip Stanišić,CROATIA,DF,22,Bayern Munich,de,05 DEC 2022,16 : 00,Round of 16,JAPAN,1,1,90,0,0,1,0,0,0,3.0,3,1,0.0,1,0,36.0,49.0,0.0,0
Josip Stanišić,CROATIA,DF,22,Bayern Munich,de,13 DEC 2022,20 : 00,Semi-final,ARGENTINA,1,1,90,0,0,1,0,0,0,3.0,3,1,0.0,1,0,36.0,49.0,0.0,0
Josip Šutalo,CROATIA,DF,22,Dinamo Zagreb,hr,27 NOV 2022,17 : 00,Group F,CANADA,1,1,90,0,0,0,0,0,0,0.0,0,0,1.0,0,0,62.0,66.0,0.0,0
Josip Šutalo,CROATIA,DF,22,Dinamo Zagreb,hr,01 DEC 2022,16 : 00,Group F,BELGIUM,1,1,90,0,0,0,0,0,0,0.0,0,0,1.0,0,0,62.0,66.0,0.0,0
Josip Šutalo,CROATIA,DF,22,Dinamo Zagreb,hr,09 DEC 2022,16 : 00,Quarter-final,BRAZIL,1,1,90,0,0,0,0,0,0,0.0,0,0,1.0,0,0,62.0,66.0,0.0,0
Josip Šutalo,CROATIA,DF,22,Dinamo Zagreb,hr,17 DEC 2022,16 : 00,Play-off for third place,MOROCCO,1,1,90,0,0,0,0,0,0,0.0,0,0,1.0,0,0,62.0,66.0,0.0,0
Josip Šutalo,CROATIA,DF,22,Dinamo Zagreb,hr,23 NOV 2022,11 : 00,Group F,MOROCCO,1,1,90,0,0,0,0,0,0,0.0,0,0,1.0,0,0,62.0,66.0,0.0,0
Josip Šutalo,CROATIA,DF,22,Dinamo Zagreb,hr,05 DEC 2022,16 : 00,Round of 16,JAPAN,1,1,90,0,0,0,0,0,0,0.0,0,0,1.0,0,0,62.0,66.0,0.0,0
Josip Šutalo,CROATIA,DF,22,Dinamo Zagreb,hr,13 DEC 2022,20 : 00,Semi-final,ARGENTINA,1,1,90,0,0,0,0,0,0,0.0,0,0,1.0,0,0,62.0,66.0,0.0,0
Ante Budimir,CROATIA,FW,30,Osasuna,es,27 NOV 2022,17 : 00,Group F,CANADA,2,0,55,0,0,1,0,0,0,1.0,1,0,0.0,4,0,2.0,5.0,0.0,0
Ante Budimir,CROATIA,FW,30,Osasuna,es,01 DEC 2022,16 : 00,Group F,BELGIUM,2,0,55,0,0,1,0,0,0,1.0,1,0,0.0,4,0,2.0,5.0,0.0,0
Ante Budimir,CROATIA,FW,30,Osasuna,es,09 DEC 2022,16 : 00,Quarter-final,BRAZIL,2,0,55,0,0,1,0,0,0,1.0,1,0,0.0,4,0,2.0,5.0,0.0,0
Ante Budimir,CROATIA,FW,30,Osasuna,es,17 DEC 2022,16 : 00,Play-off for third place,MOROCCO,2,0,55,0,0,1,0,0,0,1.0,1,0,0.0,4,0,2.0,5.0,0.0,0
Ante Budimir,CROATIA,FW,30,Osasuna,es,23 NOV 2022,11 : 00,Group F,MOROCCO,2,0,55,0,0,1,0,0,0,1.0,1,0,0.0,4,0,2.0,5.0,0.0,0
Ante Budimir,CROATIA,FW,30,Osasuna,es,05 DEC 2022,16 : 00,Round of 16,JAPAN,2,0,55,0,0,1,0,0,0,1.0,1,0,0.0,4,0,2.0,5.0,0.0,0
Ante Budimir,CROATIA,FW,30,Osasuna,es,13 DEC 2022,20 : 00,Semi-final,ARGENTINA,2,0,55,0,0,1,0,0,0,1.0,1,0,0.0,4,0,2.0,5.0,0.0,0
Kristijan Jakić,CROATIA,FW,25,Eint Frankfurt,de,27 NOV 2022,17 : 00,Group F,CANADA,1,0,1,0,0,0,0,0,0,0.0,0,0,0.0,0,0,0.0,0.0,0.0,0
Kristijan Jakić,CROATIA,FW,25,Eint Frankfurt,de,01 DEC 2022,16 : 00,Group F,BELGIUM,1,0,1,0,0,0,0,0,0,0.0,0,0,0.0,0,0,0.0,0.0,0.0,0
Kristijan Jakić,CROATIA,FW,25,Eint Frankfurt,de,09 DEC 2022,16 : 00,Quarter-final,BRAZIL,1,0,1,0,0,0,0,0,0,0.0,0,0,0.0,0,0,0.0,0.0,0.0,0
Kristijan Jakić,CROATIA,FW,25,Eint Frankfurt,de,17 DEC 2022,16 : 00,Play-off for third place,MOROCCO,1,0,1,0,0,0,0,0,0,0.0,0,0,0.0,0,0,0.0,0.0,0.0,0
Kristijan Jakić,CROATIA,FW,25,Eint Frankfurt,de,23 NOV 2022,11 : 00,Group F,MOROCCO,1,0,1,0,0,0,0,0,0,0.0,0,0,0.0,0,0,0.0,0.0,0.0,0
Kristijan Jakić,CROATIA,FW,25,Eint Frankfurt,de,05 DEC 2022,16 : 00,Round of 16,JAPAN,1,0,1,0,0,0,0,0,0,0.0,0,0,0.0,0,0,0.0,0.0,0.0,0
Kristijan Jakić,CROATIA,FW,25,Eint Frankfurt,de,13 DEC 2022,20 : 00,Semi-final,ARGENTINA,1,0,1,0,0,0,0,0,0,0.0,0,0,0.0,0,0,0.0,0.0,0.0,0
Sofyan Amrabat,MOROCCO,MF,25,Fiorentina,it,23 NOV 2022,11 : 00,Group F,CROATIA,7,7,660,0,0,1,0,1,0,16.0,10,6,2.0,14,0,269.0,322.0,0.0,1
Sofyan Amrabat,MOROCCO,MF,25,Fiorentina,it,06 DEC 2022,16 : 00,Round of 16,SPAIN,7,7,660,0,0,1,0,1,0,16.0,10,6,2.0,14,0,269.0,322.0,0.0,1
Sofyan Amrabat,MOROCCO,MF,25,Fiorentina,it,10 DEC 2022,16 : 00,Quarter-final,PORTUGAL,7,7,660,0,0,1,0,1,0,16.0,10,6,2.0,14,0,269.0,322.0,0.0,1
Sofyan Amrabat,MOROCCO,MF,25,Fiorentina,it,27 NOV 2022,14 : 00,Group F,BELGIUM,7,7,660,0,0,1,0,1,0,16.0,10,6,2.0,14,0,269.0,322.0,0.0,1
Sofyan Amrabat,MOROCCO,MF,25,Fiorentina,it,01 DEC 2022,16 : 00,Group F,CANADA,7,7,660,0,0,1,0,1,0,16.0,10,6,2.0,14,0,269.0,322.0,0.0,1
Sofyan Amrabat,MOROCCO,MF,25,Fiorentina,it,14 DEC 2022,20 : 00,Semi-final,FRANCE,7,7,660,0,0,1,0,1,0,16.0,10,6,2.0,14,0,269.0,322.0,0.0,1
Sofyan Amrabat,MOROCCO,MF,25,Fiorentina,it,17 DEC 2022,16 : 00,Play-off for third place,CROATIA,7,7,660,0,0,1,0,1,0,16.0,10,6,2.0,14,0,269.0,322.0,0.0,1
Hakim Ziyech,MOROCCO,FW,29,Chelsea,eng,23 NOV 2022,11 : 00,Group F,CROATIA,7,7,635,1,1,10,2,0,0,10.0,7,10,10.0,12,0,211.0,306.0,12.0,2
Hakim Ziyech,MOROCCO,FW,29,Chelsea,eng,06 DEC 2022,16 : 00,Round of 16,SPAIN,7,7,635,1,1,10,2,0,0,10.0,7,10,10.0,12,0,211.0,306.0,12.0,2
Hakim Ziyech,MOROCCO,FW,29,Chelsea,eng,10 DEC 2022,16 : 00,Quarter-final,PORTUGAL,7,7,635,1,1,10,2,0,0,10.0,7,10,10.0,12,0,211.0,306.0,12.0,2
Hakim Ziyech,MOROCCO,FW,29,Chelsea,eng,27 NOV 2022,14 : 00,Group F,BELGIUM,7,7,635,1,1,10,2,0,0,10.0,7,10,10.0,12,0,211.0,306.0,12.0,2
Hakim Ziyech,MOROCCO,FW,29,Chelsea,eng,01 DEC 2022,16 : 00,Group F,CANADA,7,7,635,1,1,10,2,0,0,10.0,7,10,10.0,12,0,211.0,306.0,12.0,2
Hakim Ziyech,MOROCCO,FW,29,Chelsea,eng,14 DEC 2022,20 : 00,Semi-final,FRANCE,7,7,635,1,1,10,2,0,0,10.0,7,10,10.0,12,0,211.0,306.0,12.0,2
Hakim Ziyech,MOROCCO,FW,29,Chelsea,eng,17 DEC 2022,16 : 00,Play-off for third place,CROATIA,7,7,635,1,1,10,2,0,0,10.0,7,10,10.0,12,0,211.0,306.0,12.0,2
Achraf Hakimi,MOROCCO,DF,23,Paris S-G,fr,23 NOV 2022,11 : 00,Group F,CROATIA,7,7,631,0,1,4,1,0,0,26.0,17,9,7.0,6,0,312.0,382.0,2.0,0
Achraf Hakimi,MOROCCO,DF,23,Paris S-G,fr,06 DEC 2022,16 : 00,Round of 16,SPAIN,7,7,631,0,1,4,1,0,0,26.0,17,9,7.0,6,0,312.0,382.0,2.0,0
Achraf Hakimi,MOROCCO,DF,23,Paris S-G,fr,10 DEC 2022,16 : 00,Quarter-final,PORTUGAL,7,7,631,0,1,4,1,0,0,26.0,17,9,7.0,6,0,312.0,382.0,2.0,0
Achraf Hakimi,MOROCCO,DF,23,Paris S-G,fr,27 NOV 2022,14 : 00,Group F,BELGIUM,7,7,631,0,1,4,1,0,0,26.0,17,9,7.0,6,0,312.0,382.0,2.0,0
Achraf Hakimi,MOROCCO,DF,23,Paris S-G,fr,01 DEC 2022,16 : 00,Group F,CANADA,7,7,631,0,1,4,1,0,0,26.0,17,9,7.0,6,0,312.0,382.0,2.0,0
Achraf Hakimi,MOROCCO,DF,23,Paris S-G,fr,14 DEC 2022,20 : 00,Semi-final,FRANCE,7,7,631,0,1,4,1,0,0,26.0,17,9,7.0,6,0,312.0,382.0,2.0,0
Achraf Hakimi,MOROCCO,DF,23,Paris S-G,fr,17 DEC 2022,16 : 00,Play-off for third place,CROATIA,7,7,631,0,1,4,1,0,0,26.0,17,9,7.0,6,0,312.0,382.0,2.0,0
Youssef En-Nesyri,MOROCCO,FW,25,Sevilla,es,23 NOV 2022,11 : 00,Group F,CROATIA,7,7,542,2,0,9,3,0,0,3.0,2,1,5.0,2,0,50.0,81.0,5.0,4
Youssef En-Nesyri,MOROCCO,FW,25,Sevilla,es,06 DEC 2022,16 : 00,Round of 16,SPAIN,7,7,542,2,0,9,3,0,0,3.0,2,1,5.0,2,0,50.0,81.0,5.0,4
Youssef En-Nesyri,MOROCCO,FW,25,Sevilla,es,10 DEC 2022,16 : 00,Quarter-final,PORTUGAL,7,7,542,2,0,9,3,0,0,3.0,2,1,5.0,2,0,50.0,81.0,5.0,4
Youssef En-Nesyri,MOROCCO,FW,25,Sevilla,es,27 NOV 2022,14 : 00,Group F,BELGIUM,7,7,542,2,0,9,3,0,0,3.0,2,1,5.0,2,0,50.0,81.0,5.0,4
Youssef En-Nesyri,MOROCCO,FW,25,Sevilla,es,01 DEC 2022,16 : 00,Group F,CANADA,7,7,542,2,0,9,3,0,0,3.0,2,1,5.0,2,0,50.0,81.0,5.0,4
Youssef En-Nesyri,MOROCCO,FW,25,Sevilla,es,14 DEC 2022,20 : 00,Semi-final,FRANCE,7,7,542,2,0,9,3,0,0,3.0,2,1,5.0,2,0,50.0,81.0,5.0,4
Youssef En-Nesyri,MOROCCO,FW,25,Sevilla,es,17 DEC 2022,16 : 00,Play-off for third place,CROATIA,7,7,542,2,0,9,3,0,0,3.0,2,1,5.0,2,0,50.0,81.0,5.0,4
Sofiane Boufal,MOROCCO,FW,28,Angers,fr,23 NOV 2022,11 : 00,Group F,CROATIA,7,7,475,0,0,7,1,1,0,11.0,5,2,9.0,11,0,99.0,133.0,14.0,2
Sofiane Boufal,MOROCCO,FW,28,Angers,fr,06 DEC 2022,16 : 00,Round of 16,SPAIN,7,7,475,0,0,7,1,1,0,11.0,5,2,9.0,11,0,99.0,133.0,14.0,2
Sofiane Boufal,MOROCCO,FW,28,Angers,fr,10 DEC 2022,16 : 00,Quarter-final,PORTUGAL,7,7,475,0,0,7,1,1,0,11.0,5,2,9.0,11,0,99.0,133.0,14.0,2
Sofiane Boufal,MOROCCO,FW,28,Angers,fr,27 NOV 2022,14 : 00,Group F,BELGIUM,7,7,475,0,0,7,1,1,0,11.0,5,2,9.0,11,0,99.0,133.0,14.0,2
Sofiane Boufal,MOROCCO,FW,28,Angers,fr,01 DEC 2022,16 : 00,Group F,CANADA,7,7,475,0,0,7,1,1,0,11.0,5,2,9.0,11,0,99.0,133.0,14.0,2
Sofiane Boufal,MOROCCO,FW,28,Angers,fr,14 DEC 2022,20 : 00,Semi-final,FRANCE,7,7,475,0,0,7,1,1,0,11.0,5,2,9.0,11,0,99.0,133.0,14.0,2
Sofiane Boufal,MOROCCO,FW,28,Angers,fr,17 DEC 2022,16 : 00,Play-off for third place,CROATIA,7,7,475,0,0,7,1,1,0,11.0,5,2,9.0,11,0,99.0,133.0,14.0,2
Yassine Bounou,MOROCCO,GK,31,Sevilla,es,23 NOV 2022,11 : 00,Group F,CROATIA,6,6,570,0,0,0,0,0,0,0.0,0,0,0.0,0,0,154.0,209.0,0.0,0
Yassine Bounou,MOROCCO,GK,31,Sevilla,es,06 DEC 2022,16 : 00,Round of 16,SPAIN,6,6,570,0,0,0,0,0,0,0.0,0,0,0.0,0,0,154.0,209.0,0.0,0
Yassine Bounou,MOROCCO,GK,31,Sevilla,es,10 DEC 2022,16 : 00,Quarter-final,PORTUGAL,6,6,570,0,0,0,0,0,0,0.0,0,0,0.0,0,0,154.0,209.0,0.0,0
Yassine Bounou,MOROCCO,GK,31,Sevilla,es,27 NOV 2022,14 : 00,Group F,BELGIUM,6,6,570,0,0,0,0,0,0,0.0,0,0,0.0,0,0,154.0,209.0,0.0,0
Yassine Bounou,MOROCCO,GK,31,Sevilla,es,01 DEC 2022,16 : 00,Group F,CANADA,6,6,570,0,0,0,0,0,0,0.0,0,0,0.0,0,0,154.0,209.0,0.0,0
Yassine Bounou,MOROCCO,GK,31,Sevilla,es,14 DEC 2022,20 : 00,Semi-final,FRANCE,6,6,570,0,0,0,0,0,0,0.0,0,0,0.0,0,0,154.0,209.0,0.0,0
Yassine Bounou,MOROCCO,GK,31,Sevilla,es,17 DEC 2022,16 : 00,Play-off for third place,CROATIA,6,6,570,0,0,0,0,0,0,0.0,0,0,0.0,0,0,154.0,209.0,0.0,0
Azzedine Ounahi,MOROCCO,MF,22,Angers,fr,23 NOV 2022,11 : 00,Group F,CROATIA,7,6,568,0,0,6,1,1,0,9.0,8,7,5.0,3,0,216.0,265.0,10.0,1
Azzedine Ounahi,MOROCCO,MF,22,Angers,fr,06 DEC 2022,16 : 00,Round of 16,SPAIN,7,6,568,0,0,6,1,1,0,9.0,8,7,5.0,3,0,216.0,265.0,10.0,1
Azzedine Ounahi,MOROCCO,MF,22,Angers,fr,10 DEC 2022,16 : 00,Quarter-final,PORTUGAL,7,6,568,0,0,6,1,1,0,9.0,8,7,5.0,3,0,216.0,265.0,10.0,1
Azzedine Ounahi,MOROCCO,MF,22,Angers,fr,27 NOV 2022,14 : 00,Group F,BELGIUM,7,6,568,0,0,6,1,1,0,9.0,8,7,5.0,3,0,216.0,265.0,10.0,1
Azzedine Ounahi,MOROCCO,MF,22,Angers,fr,01 DEC 2022,16 : 00,Group F,CANADA,7,6,568,0,0,6,1,1,0,9.0,8,7,5.0,3,0,216.0,265.0,10.0,1
Azzedine Ounahi,MOROCCO,MF,22,Angers,fr,14 DEC 2022,20 : 00,Semi-final,FRANCE,7,6,568,0,0,6,1,1,0,9.0,8,7,5.0,3,0,216.0,265.0,10.0,1
Azzedine Ounahi,MOROCCO,MF,22,Angers,fr,17 DEC 2022,16 : 00,Play-off for third place,CROATIA,7,6,568,0,0,6,1,1,0,9.0,8,7,5.0,3,0,216.0,265.0,10.0,1
Romain Saïss,MOROCCO,DF,32,Beşiktaş,tr,23 NOV 2022,11 : 00,Group F,CROATIA,6,6,466,1,0,1,1,1,0,5.0,2,3,3.0,4,0,159.0,199.0,1.0,2
Romain Saïss,MOROCCO,DF,32,Beşiktaş,tr,06 DEC 2022,16 : 00,Round of 16,SPAIN,6,6,466,1,0,1,1,1,0,5.0,2,3,3.0,4,0,159.0,199.0,1.0,2
Romain Saïss,MOROCCO,DF,32,Beşiktaş,tr,10 DEC 2022,16 : 00,Quarter-final,PORTUGAL,6,6,466,1,0,1,1,1,0,5.0,2,3,3.0,4,0,159.0,199.0,1.0,2
Romain Saïss,MOROCCO,DF,32,Beşiktaş,tr,27 NOV 2022,14 : 00,Group F,BELGIUM,6,6,466,1,0,1,1,1,0,5.0,2,3,3.0,4,0,159.0,199.0,1.0,2
Romain Saïss,MOROCCO,DF,32,Beşiktaş,tr,01 DEC 2022,16 : 00,Group F,CANADA,6,6,466,1,0,1,1,1,0,5.0,2,3,3.0,4,0,159.0,199.0,1.0,2
Romain Saïss,MOROCCO,DF,32,Beşiktaş,tr,14 DEC 2022,20 : 00,Semi-final,FRANCE,6,6,466,1,0,1,1,1,0,5.0,2,3,3.0,4,0,159.0,199.0,1.0,2
Romain Saïss,MOROCCO,DF,32,Beşiktaş,tr,17 DEC 2022,16 : 00,Play-off for third place,CROATIA,6,6,466,1,0,1,1,1,0,5.0,2,3,3.0,4,0,159.0,199.0,1.0,2
Noussair Mazraoui,MOROCCO,DF,24,Bayern Munich,de,23 NOV 2022,11 : 00,Group F,CROATIA,5,5,365,0,0,4,2,0,0,14.0,9,1,6.0,3,0,98.0,121.0,1.0,1
Noussair Mazraoui,MOROCCO,DF,24,Bayern Munich,de,06 DEC 2022,16 : 00,Round of 16,SPAIN,5,5,365,0,0,4,2,0,0,14.0,9,1,6.0,3,0,98.0,121.0,1.0,1
Noussair Mazraoui,MOROCCO,DF,24,Bayern Munich,de,10 DEC 2022,16 : 00,Quarter-final,PORTUGAL,5,5,365,0,0,4,2,0,0,14.0,9,1,6.0,3,0,98.0,121.0,1.0,1
Noussair Mazraoui,MOROCCO,DF,24,Bayern Munich,de,27 NOV 2022,14 : 00,Group F,BELGIUM,5,5,365,0,0,4,2,0,0,14.0,9,1,6.0,3,0,98.0,121.0,1.0,1
Noussair Mazraoui,MOROCCO,DF,24,Bayern Munich,de,01 DEC 2022,16 : 00,Group F,CANADA,5,5,365,0,0,4,2,0,0,14.0,9,1,6.0,3,0,98.0,121.0,1.0,1
Noussair Mazraoui,MOROCCO,DF,24,Bayern Munich,de,14 DEC 2022,20 : 00,Semi-final,FRANCE,5,5,365,0,0,4,2,0,0,14.0,9,1,6.0,3,0,98.0,121.0,1.0,1
Noussair Mazraoui,MOROCCO,DF,24,Bayern Munich,de,17 DEC 2022,16 : 00,Play-off for third place,CROATIA,5,5,365,0,0,4,2,0,0,14.0,9,1,6.0,3,0,98.0,121.0,1.0,1
Selim Amallah,MOROCCO,MF,25,Standard Liège,be,23 NOV 2022,11 : 00,Group F,CROATIA,7,4,409,0,0,2,0,1,0,13.0,9,8,6.0,11,0,65.0,87.0,1.0,0
Selim Amallah,MOROCCO,MF,25,Standard Liège,be,06 DEC 2022,16 : 00,Round of 16,SPAIN,7,4,409,0,0,2,0,1,0,13.0,9,8,6.0,11,0,65.0,87.0,1.0,0
Selim Amallah,MOROCCO,MF,25,Standard Liège,be,10 DEC 2022,16 : 00,Quarter-final,PORTUGAL,7,4,409,0,0,2,0,1,0,13.0,9,8,6.0,11,0,65.0,87.0,1.0,0
Selim Amallah,MOROCCO,MF,25,Standard Liège,be,27 NOV 2022,14 : 00,Group F,BELGIUM,7,4,409,0,0,2,0,1,0,13.0,9,8,6.0,11,0,65.0,87.0,1.0,0
Selim Amallah,MOROCCO,MF,25,Standard Liège,be,01 DEC 2022,16 : 00,Group F,CANADA,7,4,409,0,0,2,0,1,0,13.0,9,8,6.0,11,0,65.0,87.0,1.0,0
Selim Amallah,MOROCCO,MF,25,Standard Liège,be,14 DEC 2022,20 : 00,Semi-final,FRANCE,7,4,409,0,0,2,0,1,0,13.0,9,8,6.0,11,0,65.0,87.0,1.0,0
Selim Amallah,MOROCCO,MF,25,Standard Liège,be,17 DEC 2022,16 : 00,Play-off for third place,CROATIA,7,4,409,0,0,2,0,1,0,13.0,9,8,6.0,11,0,65.0,87.0,1.0,0
Nayef Aguerd,MOROCCO,DF,26,West Ham,eng,23 NOV 2022,11 : 00,Group F,CROATIA,4,4,353,0,0,1,0,0,0,4.0,2,4,3.0,2,1,137.0,158.0,0.0,1
Nayef Aguerd,MOROCCO,DF,26,West Ham,eng,06 DEC 2022,16 : 00,Round of 16,SPAIN,4,4,353,0,0,1,0,0,0,4.0,2,4,3.0,2,1,137.0,158.0,0.0,1
Nayef Aguerd,MOROCCO,DF,26,West Ham,eng,10 DEC 2022,16 : 00,Quarter-final,PORTUGAL,4,4,353,0,0,1,0,0,0,4.0,2,4,3.0,2,1,137.0,158.0,0.0,1
Nayef Aguerd,MOROCCO,DF,26,West Ham,eng,27 NOV 2022,14 : 00,Group F,BELGIUM,4,4,353,0,0,1,0,0,0,4.0,2,4,3.0,2,1,137.0,158.0,0.0,1
Nayef Aguerd,MOROCCO,DF,26,West Ham,eng,01 DEC 2022,16 : 00,Group F,CANADA,4,4,353,0,0,1,0,0,0,4.0,2,4,3.0,2,1,137.0,158.0,0.0,1
Nayef Aguerd,MOROCCO,DF,26,West Ham,eng,14 DEC 2022,20 : 00,Semi-final,FRANCE,4,4,353,0,0,1,0,0,0,4.0,2,4,3.0,2,1,137.0,158.0,0.0,1
Nayef Aguerd,MOROCCO,DF,26,West Ham,eng,17 DEC 2022,16 : 00,Play-off for third place,CROATIA,4,4,353,0,0,1,0,0,0,4.0,2,4,3.0,2,1,137.0,158.0,0.0,1
Jawad El Yamiq,MOROCCO,DF,30,Valladolid,es,23 NOV 2022,11 : 00,Group F,CROATIA,6,3,309,0,0,2,1,0,0,4.0,2,5,6.0,1,0,146.0,164.0,0.0,0
Jawad El Yamiq,MOROCCO,DF,30,Valladolid,es,06 DEC 2022,16 : 00,Round of 16,SPAIN,6,3,309,0,0,2,1,0,0,4.0,2,5,6.0,1,0,146.0,164.0,0.0,0
Jawad El Yamiq,MOROCCO,DF,30,Valladolid,es,10 DEC 2022,16 : 00,Quarter-final,PORTUGAL,6,3,309,0,0,2,1,0,0,4.0,2,5,6.0,1,0,146.0,164.0,0.0,0
Jawad El Yamiq,MOROCCO,DF,30,Valladolid,es,27 NOV 2022,14 : 00,Group F,BELGIUM,6,3,309,0,0,2,1,0,0,4.0,2,5,6.0,1,0,146.0,164.0,0.0,0
Jawad El Yamiq,MOROCCO,DF,30,Valladolid,es,01 DEC 2022,16 : 00,Group F,CANADA,6,3,309,0,0,2,1,0,0,4.0,2,5,6.0,1,0,146.0,164.0,0.0,0
Jawad El Yamiq,MOROCCO,DF,30,Valladolid,es,14 DEC 2022,20 : 00,Semi-final,FRANCE,6,3,309,0,0,2,1,0,0,4.0,2,5,6.0,1,0,146.0,164.0,0.0,0
Jawad El Yamiq,MOROCCO,DF,30,Valladolid,es,17 DEC 2022,16 : 00,Play-off for third place,CROATIA,6,3,309,0,0,2,1,0,0,4.0,2,5,6.0,1,0,146.0,164.0,0.0,0
Yahya Attiat Allah,MOROCCO,DF,27,Wydad Casablanca,ma,23 NOV 2022,11 : 00,Group F,CROATIA,6,2,318,0,1,2,0,0,0,4.0,2,0,4.0,8,0,98.0,137.0,0.0,0
Yahya Attiat Allah,MOROCCO,DF,27,Wydad Casablanca,ma,06 DEC 2022,16 : 00,Round of 16,SPAIN,6,2,318,0,1,2,0,0,0,4.0,2,0,4.0,8,0,98.0,137.0,0.0,0
Yahya Attiat Allah,MOROCCO,DF,27,Wydad Casablanca,ma,10 DEC 2022,16 : 00,Quarter-final,PORTUGAL,6,2,318,0,1,2,0,0,0,4.0,2,0,4.0,8,0,98.0,137.0,0.0,0
Yahya Attiat Allah,MOROCCO,DF,27,Wydad Casablanca,ma,27 NOV 2022,14 : 00,Group F,BELGIUM,6,2,318,0,1,2,0,0,0,4.0,2,0,4.0,8,0,98.0,137.0,0.0,0
Yahya Attiat Allah,MOROCCO,DF,27,Wydad Casablanca,ma,01 DEC 2022,16 : 00,Group F,CANADA,6,2,318,0,1,2,0,0,0,4.0,2,0,4.0,8,0,98.0,137.0,0.0,0
Yahya Attiat Allah,MOROCCO,DF,27,Wydad Casablanca,ma,14 DEC 2022,20 : 00,Semi-final,FRANCE,6,2,318,0,1,2,0,0,0,4.0,2,0,4.0,8,0,98.0,137.0,0.0,0
Yahya Attiat Allah,MOROCCO,DF,27,Wydad Casablanca,ma,17 DEC 2022,16 : 00,Play-off for third place,CROATIA,6,2,318,0,1,2,0,0,0,4.0,2,0,4.0,8,0,98.0,137.0,0.0,0
Achraf Dari,MOROCCO,DF,23,Brest,fr,23 NOV 2022,11 : 00,Group F,CROATIA,3,2,187,1,0,1,1,1,0,1.0,0,5,7.0,2,0,99.0,111.0,0.0,0
Achraf Dari,MOROCCO,DF,23,Brest,fr,06 DEC 2022,16 : 00,Round of 16,SPAIN,3,2,187,1,0,1,1,1,0,1.0,0,5,7.0,2,0,99.0,111.0,0.0,0
Achraf Dari,MOROCCO,DF,23,Brest,fr,10 DEC 2022,16 : 00,Quarter-final,PORTUGAL,3,2,187,1,0,1,1,1,0,1.0,0,5,7.0,2,0,99.0,111.0,0.0,0
Achraf Dari,MOROCCO,DF,23,Brest,fr,27 NOV 2022,14 : 00,Group F,BELGIUM,3,2,187,1,0,1,1,1,0,1.0,0,5,7.0,2,0,99.0,111.0,0.0,0
Achraf Dari,MOROCCO,DF,23,Brest,fr,01 DEC 2022,16 : 00,Group F,CANADA,3,2,187,1,0,1,1,1,0,1.0,0,5,7.0,2,0,99.0,111.0,0.0,0
Achraf Dari,MOROCCO,DF,23,Brest,fr,14 DEC 2022,20 : 00,Semi-final,FRANCE,3,2,187,1,0,1,1,1,0,1.0,0,5,7.0,2,0,99.0,111.0,0.0,0
Achraf Dari,MOROCCO,DF,23,Brest,fr,17 DEC 2022,16 : 00,Play-off for third place,CROATIA,3,2,187,1,0,1,1,1,0,1.0,0,5,7.0,2,0,99.0,111.0,0.0,0
Abdelhamid Sabiri,MOROCCO,MF,25,Sampdoria,it,23 NOV 2022,11 : 00,Group F,CROATIA,5,2,181,0,1,3,0,1,0,3.0,1,5,3.0,2,0,45.0,58.0,0.0,0
Abdelhamid Sabiri,MOROCCO,MF,25,Sampdoria,it,06 DEC 2022,16 : 00,Round of 16,SPAIN,5,2,181,0,1,3,0,1,0,3.0,1,5,3.0,2,0,45.0,58.0,0.0,0
Abdelhamid Sabiri,MOROCCO,MF,25,Sampdoria,it,10 DEC 2022,16 : 00,Quarter-final,PORTUGAL,5,2,181,0,1,3,0,1,0,3.0,1,5,3.0,2,0,45.0,58.0,0.0,0
Abdelhamid Sabiri,MOROCCO,MF,25,Sampdoria,it,27 NOV 2022,14 : 00,Group F,BELGIUM,5,2,181,0,1,3,0,1,0,3.0,1,5,3.0,2,0,45.0,58.0,0.0,0
Abdelhamid Sabiri,MOROCCO,MF,25,Sampdoria,it,01 DEC 2022,16 : 00,Group F,CANADA,5,2,181,0,1,3,0,1,0,3.0,1,5,3.0,2,0,45.0,58.0,0.0,0
Abdelhamid Sabiri,MOROCCO,MF,25,Sampdoria,it,14 DEC 2022,20 : 00,Semi-final,FRANCE,5,2,181,0,1,3,0,1,0,3.0,1,5,3.0,2,0,45.0,58.0,0.0,0
Abdelhamid Sabiri,MOROCCO,MF,25,Sampdoria,it,17 DEC 2022,16 : 00,Play-off for third place,CROATIA,5,2,181,0,1,3,0,1,0,3.0,1,5,3.0,2,0,45.0,58.0,0.0,0
Munir,MOROCCO,GK,33,Al-Wehda,sa,23 NOV 2022,11 : 00,Group F,CROATIA,1,1,90,0,0,0,0,0,0,0.0,0,0,0.0,0,0,19.0,28.0,0.0,0
Munir,MOROCCO,GK,33,Al-Wehda,sa,06 DEC 2022,16 : 00,Round of 16,SPAIN,1,1,90,0,0,0,0,0,0,0.0,0,0,0.0,0,0,19.0,28.0,0.0,0
Munir,MOROCCO,GK,33,Al-Wehda,sa,10 DEC 2022,16 : 00,Quarter-final,PORTUGAL,1,1,90,0,0,0,0,0,0,0.0,0,0,0.0,0,0,19.0,28.0,0.0,0
Munir,MOROCCO,GK,33,Al-Wehda,sa,27 NOV 2022,14 : 00,Group F,BELGIUM,1,1,90,0,0,0,0,0,0,0.0,0,0,0.0,0,0,19.0,28.0,0.0,0
Munir,MOROCCO,GK,33,Al-Wehda,sa,01 DEC 2022,16 : 00,Group F,CANADA,1,1,90,0,0,0,0,0,0,0.0,0,0,0.0,0,0,19.0,28.0,0.0,0
Munir,MOROCCO,GK,33,Al-Wehda,sa,14 DEC 2022,20 : 00,Semi-final,FRANCE,1,1,90,0,0,0,0,0,0,0.0,0,0,0.0,0,0,19.0,28.0,0.0,0
Munir,MOROCCO,GK,33,Al-Wehda,sa,17 DEC 2022,16 : 00,Play-off for third place,CROATIA,1,1,90,0,0,0,0,0,0,0.0,0,0,0.0,0,0,19.0,28.0,0.0,0
Bilal El Khannous,MOROCCO,MF,18,Genk,be,23 NOV 2022,11 : 00,Group F,CROATIA,1,1,55,0,0,0,0,0,0,0.0,0,0,1.0,0,0,20.0,24.0,0.0,0
Bilal El Khannous,MOROCCO,MF,18,Genk,be,06 DEC 2022,16 : 00,Round of 16,SPAIN,1,1,55,0,0,0,0,0,0,0.0,0,0,1.0,0,0,20.0,24.0,0.0,0
Bilal El Khannous,MOROCCO,MF,18,Genk,be,10 DEC 2022,16 : 00,Quarter-final,PORTUGAL,1,1,55,0,0,0,0,0,0,0.0,0,0,1.0,0,0,20.0,24.0,0.0,0
Bilal El Khannous,MOROCCO,MF,18,Genk,be,27 NOV 2022,14 : 00,Group F,BELGIUM,1,1,55,0,0,0,0,0,0,0.0,0,0,1.0,0,0,20.0,24.0,0.0,0
Bilal El Khannous,MOROCCO,MF,18,Genk,be,01 DEC 2022,16 : 00,Group F,CANADA,1,1,55,0,0,0,0,0,0,0.0,0,0,1.0,0,0,20.0,24.0,0.0,0
Bilal El Khannous,MOROCCO,MF,18,Genk,be,14 DEC 2022,20 : 00,Semi-final,FRANCE,1,1,55,0,0,0,0,0,0,0.0,0,0,1.0,0,0,20.0,24.0,0.0,0
Bilal El Khannous,MOROCCO,MF,18,Genk,be,17 DEC 2022,16 : 00,Play-off for third place,CROATIA,1,1,55,0,0,0,0,0,0,0.0,0,0,1.0,0,0,20.0,24.0,0.0,0
Abdessamad Ezzalzouli,MOROCCO,"FW,MF",20,Osasuna,es,23 NOV 2022,11 : 00,Group F,CROATIA,3,0,93,0,0,1,0,0,0,3.0,2,0,4.0,4,0,10.0,13.0,1.0,0
Abdessamad Ezzalzouli,MOROCCO,"FW,MF",20,Osasuna,es,06 DEC 2022,16 : 00,Round of 16,SPAIN,3,0,93,0,0,1,0,0,0,3.0,2,0,4.0,4,0,10.0,13.0,1.0,0
Abdessamad Ezzalzouli,MOROCCO,"FW,MF",20,Osasuna,es,10 DEC 2022,16 : 00,Quarter-final,PORTUGAL,3,0,93,0,0,1,0,0,0,3.0,2,0,4.0,4,0,10.0,13.0,1.0,0
Abdessamad Ezzalzouli,MOROCCO,"FW,MF",20,Osasuna,es,27 NOV 2022,14 : 00,Group F,BELGIUM,3,0,93,0,0,1,0,0,0,3.0,2,0,4.0,4,0,10.0,13.0,1.0,0
Abdessamad Ezzalzouli,MOROCCO,"FW,MF",20,Osasuna,es,01 DEC 2022,16 : 00,Group F,CANADA,3,0,93,0,0,1,0,0,0,3.0,2,0,4.0,4,0,10.0,13.0,1.0,0
Abdessamad Ezzalzouli,MOROCCO,"FW,MF",20,Osasuna,es,14 DEC 2022,20 : 00,Semi-final,FRANCE,3,0,93,0,0,1,0,0,0,3.0,2,0,4.0,4,0,10.0,13.0,1.0,0
Abdessamad Ezzalzouli,MOROCCO,"FW,MF",20,Osasuna,es,17 DEC 2022,16 : 00,Play-off for third place,CROATIA,3,0,93,0,0,1,0,0,0,3.0,2,0,4.0,4,0,10.0,13.0,1.0,0
Zakaria Aboukhlal,MOROCCO,"FW,MF",22,Toulouse,fr,23 NOV 2022,11 : 00,Group F,CROATIA,4,0,79,1,0,3,2,0,0,1.0,1,1,2.0,1,0,7.0,14.0,0.0,2
Zakaria Aboukhlal,MOROCCO,"FW,MF",22,Toulouse,fr,06 DEC 2022,16 : 00,Round of 16,SPAIN,4,0,79,1,0,3,2,0,0,1.0,1,1,2.0,1,0,7.0,14.0,0.0,2
Zakaria Aboukhlal,MOROCCO,"FW,MF",22,Toulouse,fr,10 DEC 2022,16 : 00,Quarter-final,PORTUGAL,4,0,79,1,0,3,2,0,0,1.0,1,1,2.0,1,0,7.0,14.0,0.0,2
Zakaria Aboukhlal,MOROCCO,"FW,MF",22,Toulouse,fr,27 NOV 2022,14 : 00,Group F,BELGIUM,4,0,79,1,0,3,2,0,0,1.0,1,1,2.0,1,0,7.0,14.0,0.0,2
Zakaria Aboukhlal,MOROCCO,"FW,MF",22,Toulouse,fr,01 DEC 2022,16 : 00,Group F,CANADA,4,0,79,1,0,3,2,0,0,1.0,1,1,2.0,1,0,7.0,14.0,0.0,2
Zakaria Aboukhlal,MOROCCO,"FW,MF",22,Toulouse,fr,14 DEC 2022,20 : 00,Semi-final,FRANCE,4,0,79,1,0,3,2,0,0,1.0,1,1,2.0,1,0,7.0,14.0,0.0,2
Zakaria Aboukhlal,MOROCCO,"FW,MF",22,Toulouse,fr,17 DEC 2022,16 : 00,Play-off for third place,CROATIA,4,0,79,1,0,3,2,0,0,1.0,1,1,2.0,1,0,7.0,14.0,0.0,2
Abderrazak Hamdallah,MOROCCO,FW,31,Al-Ittihad,sa,23 NOV 2022,11 : 00,Group F,CROATIA,4,0,68,0,0,2,1,0,0,0.0,0,0,0.0,3,0,8.0,15.0,2.0,0
Abderrazak Hamdallah,MOROCCO,FW,31,Al-Ittihad,sa,06 DEC 2022,16 : 00,Round of 16,SPAIN,4,0,68,0,0,2,1,0,0,0.0,0,0,0.0,3,0,8.0,15.0,2.0,0
Abderrazak Hamdallah,MOROCCO,FW,31,Al-Ittihad,sa,10 DEC 2022,16 : 00,Quarter-final,PORTUGAL,4,0,68,0,0,2,1,0,0,0.0,0,0,0.0,3,0,8.0,15.0,2.0,0
Abderrazak Hamdallah,MOROCCO,FW,31,Al-Ittihad,sa,27 NOV 2022,14 : 00,Group F,BELGIUM,4,0,68,0,0,2,1,0,0,0.0,0,0,0.0,3,0,8.0,15.0,2.0,0
Abderrazak Hamdallah,MOROCCO,FW,31,Al-Ittihad,sa,01 DEC 2022,16 : 00,Group F,CANADA,4,0,68,0,0,2,1,0,0,0.0,0,0,0.0,3,0,8.0,15.0,2.0,0
Abderrazak Hamdallah,MOROCCO,FW,31,Al-Ittihad,sa,14 DEC 2022,20 : 00,Semi-final,FRANCE,4,0,68,0,0,2,1,0,0,0.0,0,0,0.0,3,0,8.0,15.0,2.0,0
Abderrazak Hamdallah,MOROCCO,FW,31,Al-Ittihad,sa,17 DEC 2022,16 : 00,Play-off for third place,CROATIA,4,0,68,0,0,2,1,0,0,0.0,0,0,0.0,3,0,8.0,15.0,2.0,0
Walid Cheddira,MOROCCO,FW,24,Bari,it,23 NOV 2022,11 : 00,Group F,CROATIA,2,0,64,0,0,2,1,2,1,1.0,0,0,0.0,5,0,4.0,8.0,0.0,2
Walid Cheddira,MOROCCO,FW,24,Bari,it,06 DEC 2022,16 : 00,Round of 16,SPAIN,2,0,64,0,0,2,1,2,1,1.0,0,0,0.0,5,0,4.0,8.0,0.0,2
Walid Cheddira,MOROCCO,FW,24,Bari,it,10 DEC 2022,16 : 00,Quarter-final,PORTUGAL,2,0,64,0,0,2,1,2,1,1.0,0,0,0.0,5,0,4.0,8.0,0.0,2
Walid Cheddira,MOROCCO,FW,24,Bari,it,27 NOV 2022,14 : 00,Group F,BELGIUM,2,0,64,0,0,2,1,2,1,1.0,0,0,0.0,5,0,4.0,8.0,0.0,2
Walid Cheddira,MOROCCO,FW,24,Bari,it,01 DEC 2022,16 : 00,Group F,CANADA,2,0,64,0,0,2,1,2,1,1.0,0,0,0.0,5,0,4.0,8.0,0.0,2
Walid Cheddira,MOROCCO,FW,24,Bari,it,14 DEC 2022,20 : 00,Semi-final,FRANCE,2,0,64,0,0,2,1,2,1,1.0,0,0,0.0,5,0,4.0,8.0,0.0,2
Walid Cheddira,MOROCCO,FW,24,Bari,it,17 DEC 2022,16 : 00,Play-off for third place,CROATIA,2,0,64,0,0,2,1,2,1,1.0,0,0,0.0,5,0,4.0,8.0,0.0,2
Badr Banoun,MOROCCO,DF,28,Qatar SC,qa,23 NOV 2022,11 : 00,Group F,CROATIA,3,0,54,0,0,0,0,0,0,0.0,0,1,1.0,2,0,21.0,22.0,0.0,0
Badr Banoun,MOROCCO,DF,28,Qatar SC,qa,06 DEC 2022,16 : 00,Round of 16,SPAIN,3,0,54,0,0,0,0,0,0,0.0,0,1,1.0,2,0,21.0,22.0,0.0,0
Badr Banoun,MOROCCO,DF,28,Qatar SC,qa,10 DEC 2022,16 : 00,Quarter-final,PORTUGAL,3,0,54,0,0,0,0,0,0,0.0,0,1,1.0,2,0,21.0,22.0,0.0,0
Badr Banoun,MOROCCO,DF,28,Qatar SC,qa,27 NOV 2022,14 : 00,Group F,BELGIUM,3,0,54,0,0,0,0,0,0,0.0,0,1,1.0,2,0,21.0,22.0,0.0,0
Badr Banoun,MOROCCO,DF,28,Qatar SC,qa,01 DEC 2022,16 : 00,Group F,CANADA,3,0,54,0,0,0,0,0,0,0.0,0,1,1.0,2,0,21.0,22.0,0.0,0
Badr Banoun,MOROCCO,DF,28,Qatar SC,qa,14 DEC 2022,20 : 00,Semi-final,FRANCE,3,0,54,0,0,0,0,0,0,0.0,0,1,1.0,2,0,21.0,22.0,0.0,0
Badr Banoun,MOROCCO,DF,28,Qatar SC,qa,17 DEC 2022,16 : 00,Play-off for third place,CROATIA,3,0,54,0,0,0,0,0,0,0.0,0,1,1.0,2,0,21.0,22.0,0.0,0
Ilias Chair,MOROCCO,MF,24,QPR,eng,23 NOV 2022,11 : 00,Group F,CROATIA,1,0,45,0,0,0,0,0,0,1.0,0,0,0.0,0,0,13.0,15.0,0.0,0
Ilias Chair,MOROCCO,MF,24,QPR,eng,06 DEC 2022,16 : 00,Round of 16,SPAIN,1,0,45,0,0,0,0,0,0,1.0,0,0,0.0,0,0,13.0,15.0,0.0,0
Ilias Chair,MOROCCO,MF,24,QPR,eng,10 DEC 2022,16 : 00,Quarter-final,PORTUGAL,1,0,45,0,0,0,0,0,0,1.0,0,0,0.0,0,0,13.0,15.0,0.0,0
Ilias Chair,MOROCCO,MF,24,QPR,eng,27 NOV 2022,14 : 00,Group F,BELGIUM,1,0,45,0,0,0,0,0,0,1.0,0,0,0.0,0,0,13.0,15.0,0.0,0
Ilias Chair,MOROCCO,MF,24,QPR,eng,01 DEC 2022,16 : 00,Group F,CANADA,1,0,45,0,0,0,0,0,0,1.0,0,0,0.0,0,0,13.0,15.0,0.0,0
Ilias Chair,MOROCCO,MF,24,QPR,eng,14 DEC 2022,20 : 00,Semi-final,FRANCE,1,0,45,0,0,0,0,0,0,1.0,0,0,0.0,0,0,13.0,15.0,0.0,0
Ilias Chair,MOROCCO,MF,24,QPR,eng,17 DEC 2022,16 : 00,Play-off for third place,CROATIA,1,0,45,0,0,0,0,0,0,1.0,0,0,0.0,0,0,13.0,15.0,0.0,0
Anass Zaroury,MOROCCO,FW,21,Burnley,eng,23 NOV 2022,11 : 00,Group F,CROATIA,1,0,27,0,0,0,0,0,0,0.0,0,0,2.0,0,0,8.0,13.0,1.0,1
Anass Zaroury,MOROCCO,FW,21,Burnley,eng,06 DEC 2022,16 : 00,Round of 16,SPAIN,1,0,27,0,0,0,0,0,0,0.0,0,0,2.0,0,0,8.0,13.0,1.0,1
Anass Zaroury,MOROCCO,FW,21,Burnley,eng,10 DEC 2022,16 : 00,Quarter-final,PORTUGAL,1,0,27,0,0,0,0,0,0,0.0,0,0,2.0,0,0,8.0,13.0,1.0,1
Anass Zaroury,MOROCCO,FW,21,Burnley,eng,27 NOV 2022,14 : 00,Group F,BELGIUM,1,0,27,0,0,0,0,0,0,0.0,0,0,2.0,0,0,8.0,13.0,1.0,1
Anass Zaroury,MOROCCO,FW,21,Burnley,eng,01 DEC 2022,16 : 00,Group F,CANADA,1,0,27,0,0,0,0,0,0,0.0,0,0,2.0,0,0,8.0,13.0,1.0,1
Anass Zaroury,MOROCCO,FW,21,Burnley,eng,14 DEC 2022,20 : 00,Semi-final,FRANCE,1,0,27,0,0,0,0,0,0,0.0,0,0,2.0,0,0,8.0,13.0,1.0,1
Anass Zaroury,MOROCCO,FW,21,Burnley,eng,17 DEC 2022,16 : 00,Play-off for third place,CROATIA,1,0,27,0,0,0,0,0,0,0.0,0,0,2.0,0,0,8.0,13.0,1.0,1
Yahya Jabrane,MOROCCO,MF,30,Wydad Casablanca,ma,23 NOV 2022,11 : 00,Group F,CROATIA,2,0,15,0,0,0,0,0,0,,0,0,,0,0,,,,0
Yahya Jabrane,MOROCCO,MF,30,Wydad Casablanca,ma,06 DEC 2022,16 : 00,Round of 16,SPAIN,2,0,15,0,0,0,0,0,0,,0,0,,0,0,,,,0
Yahya Jabrane,MOROCCO,MF,30,Wydad Casablanca,ma,10 DEC 2022,16 : 00,Quarter-final,PORTUGAL,2,0,15,0,0,0,0,0,0,,0,0,,0,0,,,,0
Yahya Jabrane,MOROCCO,MF,30,Wydad Casablanca,ma,27 NOV 2022,14 : 00,Group F,BELGIUM,2,0,15,0,0,0,0,0,0,,0,0,,0,0,,,,0
Yahya Jabrane,MOROCCO,MF,30,Wydad Casablanca,ma,01 DEC 2022,16 : 00,Group F,CANADA,2,0,15,0,0,0,0,0,0,,0,0,,0,0,,,,0
Yahya Jabrane,MOROCCO,MF,30,Wydad Casablanca,ma,14 DEC 2022,20 : 00,Semi-final,FRANCE,2,0,15,0,0,0,0,0,0,,0,0,,0,0,,,,0
Yahya Jabrane,MOROCCO,MF,30,Wydad Casablanca,ma,17 DEC 2022,16 : 00,Play-off for third place,CROATIA,2,0,15,0,0,0,0,0,0,,0,0,,0,0,,,,0
Andries Noppert,NETHERLANDS,GK,28,Heerenveen,nl,25 NOV 2022,17 : 00,Group A,ECUADOR,5,5,480,0,0,0,0,0,0,0.0,0,0,0.0,0,0,157.0,192.0,0.0,0
Andries Noppert,NETHERLANDS,GK,28,Heerenveen,nl,29 NOV 2022,16 : 00,Group A,QATAR,5,5,480,0,0,0,0,0,0,0.0,0,0,0.0,0,0,157.0,192.0,0.0,0
Andries Noppert,NETHERLANDS,GK,28,Heerenveen,nl,03 DEC 2022,16 : 00,Round of 16,UNITED STATES,5,5,480,0,0,0,0,0,0,0.0,0,0,0.0,0,0,157.0,192.0,0.0,0
Andries Noppert,NETHERLANDS,GK,28,Heerenveen,nl,09 DEC 2022,20 : 00,Quarter-final,ARGENTINA,5,5,480,0,0,0,0,0,0,0.0,0,0,0.0,0,0,157.0,192.0,0.0,0
Andries Noppert,NETHERLANDS,GK,28,Heerenveen,nl,21 NOV 2022,17 : 00,Group A,SENEGAL,5,5,480,0,0,0,0,0,0,0.0,0,0,0.0,0,0,157.0,192.0,0.0,0
Virgil van Dijk,NETHERLANDS,DF,30,Liverpool,eng,25 NOV 2022,17 : 00,Group A,ECUADOR,5,5,480,0,0,3,0,0,0,2.0,1,4,8.0,5,0,311.0,356.0,0.0,0
Virgil van Dijk,NETHERLANDS,DF,30,Liverpool,eng,29 NOV 2022,16 : 00,Group A,QATAR,5,5,480,0,0,3,0,0,0,2.0,1,4,8.0,5,0,311.0,356.0,0.0,0
Virgil van Dijk,NETHERLANDS,DF,30,Liverpool,eng,03 DEC 2022,16 : 00,Round of 16,UNITED STATES,5,5,480,0,0,3,0,0,0,2.0,1,4,8.0,5,0,311.0,356.0,0.0,0
Virgil van Dijk,NETHERLANDS,DF,30,Liverpool,eng,09 DEC 2022,20 : 00,Quarter-final,ARGENTINA,5,5,480,0,0,3,0,0,0,2.0,1,4,8.0,5,0,311.0,356.0,0.0,0
Virgil van Dijk,NETHERLANDS,DF,30,Liverpool,eng,21 NOV 2022,17 : 00,Group A,SENEGAL,5,5,480,0,0,3,0,0,0,2.0,1,4,8.0,5,0,311.0,356.0,0.0,0
Nathan Aké,NETHERLANDS,DF,27,Manchester City,eng,25 NOV 2022,17 : 00,Group A,ECUADOR,5,5,479,0,0,0,0,1,0,6.0,3,8,3.0,4,0,315.0,349.0,0.0,0
Nathan Aké,NETHERLANDS,DF,27,Manchester City,eng,29 NOV 2022,16 : 00,Group A,QATAR,5,5,479,0,0,0,0,1,0,6.0,3,8,3.0,4,0,315.0,349.0,0.0,0
Nathan Aké,NETHERLANDS,DF,27,Manchester City,eng,03 DEC 2022,16 : 00,Round of 16,UNITED STATES,5,5,479,0,0,0,0,1,0,6.0,3,8,3.0,4,0,315.0,349.0,0.0,0
Nathan Aké,NETHERLANDS,DF,27,Manchester City,eng,09 DEC 2022,20 : 00,Quarter-final,ARGENTINA,5,5,479,0,0,0,0,1,0,6.0,3,8,3.0,4,0,315.0,349.0,0.0,0
Nathan Aké,NETHERLANDS,DF,27,Manchester City,eng,21 NOV 2022,17 : 00,Group A,SENEGAL,5,5,479,0,0,0,0,1,0,6.0,3,8,3.0,4,0,315.0,349.0,0.0,0
Denzel Dumfries,NETHERLANDS,DF,26,Inter,it,25 NOV 2022,17 : 00,Group A,ECUADOR,5,5,479,1,2,1,1,2,1,8.0,5,7,5.0,17,0,149.0,217.0,0.0,2
Denzel Dumfries,NETHERLANDS,DF,26,Inter,it,29 NOV 2022,16 : 00,Group A,QATAR,5,5,479,1,2,1,1,2,1,8.0,5,7,5.0,17,0,149.0,217.0,0.0,2
Denzel Dumfries,NETHERLANDS,DF,26,Inter,it,03 DEC 2022,16 : 00,Round of 16,UNITED STATES,5,5,479,1,2,1,1,2,1,8.0,5,7,5.0,17,0,149.0,217.0,0.0,2
Denzel Dumfries,NETHERLANDS,DF,26,Inter,it,09 DEC 2022,20 : 00,Quarter-final,ARGENTINA,5,5,479,1,2,1,1,2,1,8.0,5,7,5.0,17,0,149.0,217.0,0.0,2
Denzel Dumfries,NETHERLANDS,DF,26,Inter,it,21 NOV 2022,17 : 00,Group A,SENEGAL,5,5,479,1,2,1,1,2,1,8.0,5,7,5.0,17,0,149.0,217.0,0.0,2
Frenkie de Jong,NETHERLANDS,MF,25,Barcelona,es,25 NOV 2022,17 : 00,Group A,ECUADOR,5,5,475,1,1,2,1,1,0,12.0,5,6,6.0,4,0,323.0,364.0,3.0,0
Frenkie de Jong,NETHERLANDS,MF,25,Barcelona,es,29 NOV 2022,16 : 00,Group A,QATAR,5,5,475,1,1,2,1,1,0,12.0,5,6,6.0,4,0,323.0,364.0,3.0,0
Frenkie de Jong,NETHERLANDS,MF,25,Barcelona,es,03 DEC 2022,16 : 00,Round of 16,UNITED STATES,5,5,475,1,1,2,1,1,0,12.0,5,6,6.0,4,0,323.0,364.0,3.0,0
Frenkie de Jong,NETHERLANDS,MF,25,Barcelona,es,09 DEC 2022,20 : 00,Quarter-final,ARGENTINA,5,5,475,1,1,2,1,1,0,12.0,5,6,6.0,4,0,323.0,364.0,3.0,0
Frenkie de Jong,NETHERLANDS,MF,25,Barcelona,es,21 NOV 2022,17 : 00,Group A,SENEGAL,5,5,475,1,1,2,1,1,0,12.0,5,6,6.0,4,0,323.0,364.0,3.0,0
Cody Gakpo,NETHERLANDS,"FW,MF",23,PSV Eindhoven,nl,25 NOV 2022,17 : 00,Group A,ECUADOR,5,5,450,3,0,5,3,0,0,8.0,2,3,10.0,8,0,93.0,148.0,5.0,3
Cody Gakpo,NETHERLANDS,"FW,MF",23,PSV Eindhoven,nl,29 NOV 2022,16 : 00,Group A,QATAR,5,5,450,3,0,5,3,0,0,8.0,2,3,10.0,8,0,93.0,148.0,5.0,3
Cody Gakpo,NETHERLANDS,"FW,MF",23,PSV Eindhoven,nl,03 DEC 2022,16 : 00,Round of 16,UNITED STATES,5,5,450,3,0,5,3,0,0,8.0,2,3,10.0,8,0,93.0,148.0,5.0,3
Cody Gakpo,NETHERLANDS,"FW,MF",23,PSV Eindhoven,nl,09 DEC 2022,20 : 00,Quarter-final,ARGENTINA,5,5,450,3,0,5,3,0,0,8.0,2,3,10.0,8,0,93.0,148.0,5.0,3
Cody Gakpo,NETHERLANDS,"FW,MF",23,PSV Eindhoven,nl,21 NOV 2022,17 : 00,Group A,SENEGAL,5,5,450,3,0,5,3,0,0,8.0,2,3,10.0,8,0,93.0,148.0,5.0,3
Daley Blind,NETHERLANDS,DF,32,Ajax,nl,25 NOV 2022,17 : 00,Group A,ECUADOR,5,5,423,1,1,5,2,0,0,14.0,9,5,6.0,3,0,252.0,300.0,1.0,0
Daley Blind,NETHERLANDS,DF,32,Ajax,nl,29 NOV 2022,16 : 00,Group A,QATAR,5,5,423,1,1,5,2,0,0,14.0,9,5,6.0,3,0,252.0,300.0,1.0,0
Daley Blind,NETHERLANDS,DF,32,Ajax,nl,03 DEC 2022,16 : 00,Round of 16,UNITED STATES,5,5,423,1,1,5,2,0,0,14.0,9,5,6.0,3,0,252.0,300.0,1.0,0
Daley Blind,NETHERLANDS,DF,32,Ajax,nl,09 DEC 2022,20 : 00,Quarter-final,ARGENTINA,5,5,423,1,1,5,2,0,0,14.0,9,5,6.0,3,0,252.0,300.0,1.0,0
Daley Blind,NETHERLANDS,DF,32,Ajax,nl,21 NOV 2022,17 : 00,Group A,SENEGAL,5,5,423,1,1,5,2,0,0,14.0,9,5,6.0,3,0,252.0,300.0,1.0,0
Jurriën Timber,NETHERLANDS,DF,20,Ajax,nl,25 NOV 2022,17 : 00,Group A,ECUADOR,4,4,390,0,0,0,0,1,0,12.0,6,10,1.0,17,0,283.0,313.0,4.0,0
Jurriën Timber,NETHERLANDS,DF,20,Ajax,nl,29 NOV 2022,16 : 00,Group A,QATAR,4,4,390,0,0,0,0,1,0,12.0,6,10,1.0,17,0,283.0,313.0,4.0,0
Jurriën Timber,NETHERLANDS,DF,20,Ajax,nl,03 DEC 2022,16 : 00,Round of 16,UNITED STATES,4,4,390,0,0,0,0,1,0,12.0,6,10,1.0,17,0,283.0,313.0,4.0,0
Jurriën Timber,NETHERLANDS,DF,20,Ajax,nl,09 DEC 2022,20 : 00,Quarter-final,ARGENTINA,4,4,390,0,0,0,0,1,0,12.0,6,10,1.0,17,0,283.0,313.0,4.0,0
Jurriën Timber,NETHERLANDS,DF,20,Ajax,nl,21 NOV 2022,17 : 00,Group A,SENEGAL,4,4,390,0,0,0,0,1,0,12.0,6,10,1.0,17,0,283.0,313.0,4.0,0
Memphis,NETHERLANDS,FW,28,Barcelona,es,25 NOV 2022,17 : 00,Group A,ECUADOR,5,3,297,1,0,10,5,1,0,1.0,1,1,4.0,1,0,93.0,123.0,2.0,1
Memphis,NETHERLANDS,FW,28,Barcelona,es,29 NOV 2022,16 : 00,Group A,QATAR,5,3,297,1,0,10,5,1,0,1.0,1,1,4.0,1,0,93.0,123.0,2.0,1
Memphis,NETHERLANDS,FW,28,Barcelona,es,03 DEC 2022,16 : 00,Round of 16,UNITED STATES,5,3,297,1,0,10,5,1,0,1.0,1,1,4.0,1,0,93.0,123.0,2.0,1
Memphis,NETHERLANDS,FW,28,Barcelona,es,09 DEC 2022,20 : 00,Quarter-final,ARGENTINA,5,3,297,1,0,10,5,1,0,1.0,1,1,4.0,1,0,93.0,123.0,2.0,1
Memphis,NETHERLANDS,FW,28,Barcelona,es,21 NOV 2022,17 : 00,Group A,SENEGAL,5,3,297,1,0,10,5,1,0,1.0,1,1,4.0,1,0,93.0,123.0,2.0,1
Steven Bergwijn,NETHERLANDS,FW,24,Ajax,nl,25 NOV 2022,17 : 00,Group A,ECUADOR,4,3,213,0,0,2,0,1,0,1.0,1,0,2.0,2,0,64.0,72.0,1.0,0
Steven Bergwijn,NETHERLANDS,FW,24,Ajax,nl,29 NOV 2022,16 : 00,Group A,QATAR,4,3,213,0,0,2,0,1,0,1.0,1,0,2.0,2,0,64.0,72.0,1.0,0
Steven Bergwijn,NETHERLANDS,FW,24,Ajax,nl,03 DEC 2022,16 : 00,Round of 16,UNITED STATES,4,3,213,0,0,2,0,1,0,1.0,1,0,2.0,2,0,64.0,72.0,1.0,0
Steven Bergwijn,NETHERLANDS,FW,24,Ajax,nl,09 DEC 2022,20 : 00,Quarter-final,ARGENTINA,4,3,213,0,0,2,0,1,0,1.0,1,0,2.0,2,0,64.0,72.0,1.0,0
Steven Bergwijn,NETHERLANDS,FW,24,Ajax,nl,21 NOV 2022,17 : 00,Group A,SENEGAL,4,3,213,0,0,2,0,1,0,1.0,1,0,2.0,2,0,64.0,72.0,1.0,0
Davy Klaassen,NETHERLANDS,"MF,FW",29,Ajax,nl,25 NOV 2022,17 : 00,Group A,ECUADOR,4,3,190,1,2,2,1,0,0,3.0,2,1,2.0,1,0,59.0,77.0,0.0,0
Davy Klaassen,NETHERLANDS,"MF,FW",29,Ajax,nl,29 NOV 2022,16 : 00,Group A,QATAR,4,3,190,1,2,2,1,0,0,3.0,2,1,2.0,1,0,59.0,77.0,0.0,0
Davy Klaassen,NETHERLANDS,"MF,FW",29,Ajax,nl,03 DEC 2022,16 : 00,Round of 16,UNITED STATES,4,3,190,1,2,2,1,0,0,3.0,2,1,2.0,1,0,59.0,77.0,0.0,0
Davy Klaassen,NETHERLANDS,"MF,FW",29,Ajax,nl,09 DEC 2022,20 : 00,Quarter-final,ARGENTINA,4,3,190,1,2,2,1,0,0,3.0,2,1,2.0,1,0,59.0,77.0,0.0,0
Davy Klaassen,NETHERLANDS,"MF,FW",29,Ajax,nl,21 NOV 2022,17 : 00,Group A,SENEGAL,4,3,190,1,2,2,1,0,0,3.0,2,1,2.0,1,0,59.0,77.0,0.0,0
Marten de Roon,NETHERLANDS,MF,31,Atalanta,it,25 NOV 2022,17 : 00,Group A,ECUADOR,5,3,184,0,0,0,0,0,0,7.0,5,2,4.0,3,0,97.0,119.0,0.0,0
Marten de Roon,NETHERLANDS,MF,31,Atalanta,it,29 NOV 2022,16 : 00,Group A,QATAR,5,3,184,0,0,0,0,0,0,7.0,5,2,4.0,3,0,97.0,119.0,0.0,0
Marten de Roon,NETHERLANDS,MF,31,Atalanta,it,03 DEC 2022,16 : 00,Round of 16,UNITED STATES,5,3,184,0,0,0,0,0,0,7.0,5,2,4.0,3,0,97.0,119.0,0.0,0
Marten de Roon,NETHERLANDS,MF,31,Atalanta,it,09 DEC 2022,20 : 00,Quarter-final,ARGENTINA,5,3,184,0,0,0,0,0,0,7.0,5,2,4.0,3,0,97.0,119.0,0.0,0
Marten de Roon,NETHERLANDS,MF,31,Atalanta,it,21 NOV 2022,17 : 00,Group A,SENEGAL,5,3,184,0,0,0,0,0,0,7.0,5,2,4.0,3,0,97.0,119.0,0.0,0
Teun Koopmeiners,NETHERLANDS,MF,24,Atalanta,it,25 NOV 2022,17 : 00,Group A,ECUADOR,5,1,219,0,1,2,1,1,0,10.0,5,4,2.0,6,0,90.0,119.0,1.0,0
Teun Koopmeiners,NETHERLANDS,MF,24,Atalanta,it,29 NOV 2022,16 : 00,Group A,QATAR,5,1,219,0,1,2,1,1,0,10.0,5,4,2.0,6,0,90.0,119.0,1.0,0
Teun Koopmeiners,NETHERLANDS,MF,24,Atalanta,it,03 DEC 2022,16 : 00,Round of 16,UNITED STATES,5,1,219,0,1,2,1,1,0,10.0,5,4,2.0,6,0,90.0,119.0,1.0,0
Teun Koopmeiners,NETHERLANDS,MF,24,Atalanta,it,09 DEC 2022,20 : 00,Quarter-final,ARGENTINA,5,1,219,0,1,2,1,1,0,10.0,5,4,2.0,6,0,90.0,119.0,1.0,0
Teun Koopmeiners,NETHERLANDS,MF,24,Atalanta,it,21 NOV 2022,17 : 00,Group A,SENEGAL,5,1,219,0,1,2,1,1,0,10.0,5,4,2.0,6,0,90.0,119.0,1.0,0
Steven Berghuis,NETHERLANDS,MF,30,Ajax,nl,25 NOV 2022,17 : 00,Group A,ECUADOR,4,1,200,0,1,5,0,1,0,2.0,1,0,1.0,4,0,97.0,131.0,1.0,0
Steven Berghuis,NETHERLANDS,MF,30,Ajax,nl,29 NOV 2022,16 : 00,Group A,QATAR,4,1,200,0,1,5,0,1,0,2.0,1,0,1.0,4,0,97.0,131.0,1.0,0
Steven Berghuis,NETHERLANDS,MF,30,Ajax,nl,03 DEC 2022,16 : 00,Round of 16,UNITED STATES,4,1,200,0,1,5,0,1,0,2.0,1,0,1.0,4,0,97.0,131.0,1.0,0
Steven Berghuis,NETHERLANDS,MF,30,Ajax,nl,09 DEC 2022,20 : 00,Quarter-final,ARGENTINA,4,1,200,0,1,5,0,1,0,2.0,1,0,1.0,4,0,97.0,131.0,1.0,0
Steven Berghuis,NETHERLANDS,MF,30,Ajax,nl,21 NOV 2022,17 : 00,Group A,SENEGAL,4,1,200,0,1,5,0,1,0,2.0,1,0,1.0,4,0,97.0,131.0,1.0,0
Matthijs de Ligt,NETHERLANDS,DF,22,Bayern Munich,de,25 NOV 2022,17 : 00,Group A,ECUADOR,2,1,91,0,0,0,0,1,0,0.0,0,0,0.0,4,0,41.0,45.0,0.0,0
Matthijs de Ligt,NETHERLANDS,DF,22,Bayern Munich,de,29 NOV 2022,16 : 00,Group A,QATAR,2,1,91,0,0,0,0,1,0,0.0,0,0,0.0,4,0,41.0,45.0,0.0,0
Matthijs de Ligt,NETHERLANDS,DF,22,Bayern Munich,de,03 DEC 2022,16 : 00,Round of 16,UNITED STATES,2,1,91,0,0,0,0,1,0,0.0,0,0,0.0,4,0,41.0,45.0,0.0,0
Matthijs de Ligt,NETHERLANDS,DF,22,Bayern Munich,de,09 DEC 2022,20 : 00,Quarter-final,ARGENTINA,2,1,91,0,0,0,0,1,0,0.0,0,0,0.0,4,0,41.0,45.0,0.0,0
Matthijs de Ligt,NETHERLANDS,DF,22,Bayern Munich,de,21 NOV 2022,17 : 00,Group A,SENEGAL,2,1,91,0,0,0,0,1,0,0.0,0,0,0.0,4,0,41.0,45.0,0.0,0
Vincent Janssen,NETHERLANDS,FW,27,Antwerp,be,25 NOV 2022,17 : 00,Group A,ECUADOR,2,1,86,0,0,2,0,0,0,2.0,0,0,2.0,2,0,16.0,20.0,1.0,0
Vincent Janssen,NETHERLANDS,FW,27,Antwerp,be,29 NOV 2022,16 : 00,Group A,QATAR,2,1,86,0,0,2,0,0,0,2.0,0,0,2.0,2,0,16.0,20.0,1.0,0
Vincent Janssen,NETHERLANDS,FW,27,Antwerp,be,03 DEC 2022,16 : 00,Round of 16,UNITED STATES,2,1,86,0,0,2,0,0,0,2.0,0,0,2.0,2,0,16.0,20.0,1.0,0
Vincent Janssen,NETHERLANDS,FW,27,Antwerp,be,09 DEC 2022,20 : 00,Quarter-final,ARGENTINA,2,1,86,0,0,2,0,0,0,2.0,0,0,2.0,2,0,16.0,20.0,1.0,0
Vincent Janssen,NETHERLANDS,FW,27,Antwerp,be,21 NOV 2022,17 : 00,Group A,SENEGAL,2,1,86,0,0,2,0,0,0,2.0,0,0,2.0,2,0,16.0,20.0,1.0,0
Wout Weghorst,NETHERLANDS,FW,29,Beşiktaş,tr,25 NOV 2022,17 : 00,Group A,ECUADOR,4,0,64,2,0,2,2,1,0,0.0,0,0,1.0,5,0,9.0,15.0,0.0,1
Wout Weghorst,NETHERLANDS,FW,29,Beşiktaş,tr,29 NOV 2022,16 : 00,Group A,QATAR,4,0,64,2,0,2,2,1,0,0.0,0,0,1.0,5,0,9.0,15.0,0.0,1
Wout Weghorst,NETHERLANDS,FW,29,Beşiktaş,tr,03 DEC 2022,16 : 00,Round of 16,UNITED STATES,4,0,64,2,0,2,2,1,0,0.0,0,0,1.0,5,0,9.0,15.0,0.0,1
Wout Weghorst,NETHERLANDS,FW,29,Beşiktaş,tr,09 DEC 2022,20 : 00,Quarter-final,ARGENTINA,4,0,64,2,0,2,2,1,0,0.0,0,0,1.0,5,0,9.0,15.0,0.0,1
Wout Weghorst,NETHERLANDS,FW,29,Beşiktaş,tr,21 NOV 2022,17 : 00,Group A,SENEGAL,4,0,64,2,0,2,2,1,0,0.0,0,0,1.0,5,0,9.0,15.0,0.0,1
Luuk de Jong,NETHERLANDS,FW,31,PSV Eindhoven,nl,25 NOV 2022,17 : 00,Group A,ECUADOR,1,0,57,0,0,1,0,0,0,2.0,1,0,0.0,1,0,8.0,12.0,0.0,1
Luuk de Jong,NETHERLANDS,FW,31,PSV Eindhoven,nl,29 NOV 2022,16 : 00,Group A,QATAR,1,0,57,0,0,1,0,0,0,2.0,1,0,0.0,1,0,8.0,12.0,0.0,1
Luuk de Jong,NETHERLANDS,FW,31,PSV Eindhoven,nl,03 DEC 2022,16 : 00,Round of 16,UNITED STATES,1,0,57,0,0,1,0,0,0,2.0,1,0,0.0,1,0,8.0,12.0,0.0,1
Luuk de Jong,NETHERLANDS,FW,31,PSV Eindhoven,nl,09 DEC 2022,20 : 00,Quarter-final,ARGENTINA,1,0,57,0,0,1,0,0,0,2.0,1,0,0.0,1,0,8.0,12.0,0.0,1
Luuk de Jong,NETHERLANDS,FW,31,PSV Eindhoven,nl,21 NOV 2022,17 : 00,Group A,SENEGAL,1,0,57,0,0,1,0,0,0,2.0,1,0,0.0,1,0,8.0,12.0,0.0,1
Xavi Simons,NETHERLANDS,"FW,MF",19,PSV Eindhoven,nl,25 NOV 2022,17 : 00,Group A,ECUADOR,1,0,9,0,0,0,0,0,0,1.0,0,0,0.0,0,0,6.0,10.0,0.0,0
Xavi Simons,NETHERLANDS,"FW,MF",19,PSV Eindhoven,nl,29 NOV 2022,16 : 00,Group A,QATAR,1,0,9,0,0,0,0,0,0,1.0,0,0,0.0,0,0,6.0,10.0,0.0,0
Xavi Simons,NETHERLANDS,"FW,MF",19,PSV Eindhoven,nl,03 DEC 2022,16 : 00,Round of 16,UNITED STATES,1,0,9,0,0,0,0,0,0,1.0,0,0,0.0,0,0,6.0,10.0,0.0,0
Xavi Simons,NETHERLANDS,"FW,MF",19,PSV Eindhoven,nl,09 DEC 2022,20 : 00,Quarter-final,ARGENTINA,1,0,9,0,0,0,0,0,0,1.0,0,0,0.0,0,0,6.0,10.0,0.0,0
Xavi Simons,NETHERLANDS,"FW,MF",19,PSV Eindhoven,nl,21 NOV 2022,17 : 00,Group A,SENEGAL,1,0,9,0,0,0,0,0,0,1.0,0,0,0.0,0,0,6.0,10.0,0.0,0
Noa Lang,NETHERLANDS,MF,22,Club Brugge,be,25 NOV 2022,17 : 00,Group A,ECUADOR,1,0,8,0,0,0,0,1,0,0.0,0,1,1.0,0,0,1.0,3.0,0.0,0
Noa Lang,NETHERLANDS,MF,22,Club Brugge,be,29 NOV 2022,16 : 00,Group A,QATAR,1,0,8,0,0,0,0,1,0,0.0,0,1,1.0,0,0,1.0,3.0,0.0,0
Noa Lang,NETHERLANDS,MF,22,Club Brugge,be,03 DEC 2022,16 : 00,Round of 16,UNITED STATES,1,0,8,0,0,0,0,1,0,0.0,0,1,1.0,0,0,1.0,3.0,0.0,0
Noa Lang,NETHERLANDS,MF,22,Club Brugge,be,09 DEC 2022,20 : 00,Quarter-final,ARGENTINA,1,0,8,0,0,0,0,1,0,0.0,0,1,1.0,0,0,1.0,3.0,0.0,0
Noa Lang,NETHERLANDS,MF,22,Club Brugge,be,21 NOV 2022,17 : 00,Group A,SENEGAL,1,0,8,0,0,0,0,1,0,0.0,0,1,1.0,0,0,1.0,3.0,0.0,0
Kenneth Taylor,NETHERLANDS,MF,20,Ajax,nl,25 NOV 2022,17 : 00,Group A,ECUADOR,1,0,5,0,0,0,0,0,0,0.0,0,0,0.0,0,0,8.0,8.0,0.0,0
Kenneth Taylor,NETHERLANDS,MF,20,Ajax,nl,29 NOV 2022,16 : 00,Group A,QATAR,1,0,5,0,0,0,0,0,0,0.0,0,0,0.0,0,0,8.0,8.0,0.0,0
Kenneth Taylor,NETHERLANDS,MF,20,Ajax,nl,03 DEC 2022,16 : 00,Round of 16,UNITED STATES,1,0,5,0,0,0,0,0,0,0.0,0,0,0.0,0,0,8.0,8.0,0.0,0
Kenneth Taylor,NETHERLANDS,MF,20,Ajax,nl,09 DEC 2022,20 : 00,Quarter-final,ARGENTINA,1,0,5,0,0,0,0,0,0,0.0,0,0,0.0,0,0,8.0,8.0,0.0,0
Kenneth Taylor,NETHERLANDS,MF,20,Ajax,nl,21 NOV 2022,17 : 00,Group A,SENEGAL,1,0,5,0,0,0,0,0,0,0.0,0,0,0.0,0,0,8.0,8.0,0.0,0
Jordan Pickford,ENGLAND,GK,28,Everton,eng,21 NOV 2022,14 : 00,Group B,IRAN,5,5,450,0,0,0,0,0,0,0.0,0,0,0.0,0,0,126.0,160.0,0.0,0
Jordan Pickford,ENGLAND,GK,28,Everton,eng,25 NOV 2022,20 : 00,Group B,UNITED STATES,5,5,450,0,0,0,0,0,0,0.0,0,0,0.0,0,0,126.0,160.0,0.0,0
Jordan Pickford,ENGLAND,GK,28,Everton,eng,04 DEC 2022,20 : 00,Round of 16,SENEGAL,5,5,450,0,0,0,0,0,0,0.0,0,0,0.0,0,0,126.0,160.0,0.0,0
Jordan Pickford,ENGLAND,GK,28,Everton,eng,10 DEC 2022,20 : 00,Quarter-final,FRANCE,5,5,450,0,0,0,0,0,0,0.0,0,0,0.0,0,0,126.0,160.0,0.0,0
Jordan Pickford,ENGLAND,GK,28,Everton,eng,29 NOV 2022,20 : 00,Group B,WALES,5,5,450,0,0,0,0,0,0,0.0,0,0,0.0,0,0,126.0,160.0,0.0,0
John Stones,ENGLAND,DF,28,Manchester City,eng,21 NOV 2022,14 : 00,Group B,IRAN,5,5,434,0,0,4,1,0,0,2.0,2,1,3.0,4,0,435.0,454.0,2.0,0
John Stones,ENGLAND,DF,28,Manchester City,eng,25 NOV 2022,20 : 00,Group B,UNITED STATES,5,5,434,0,0,4,1,0,0,2.0,2,1,3.0,4,0,435.0,454.0,2.0,0
John Stones,ENGLAND,DF,28,Manchester City,eng,04 DEC 2022,20 : 00,Round of 16,SENEGAL,5,5,434,0,0,4,1,0,0,2.0,2,1,3.0,4,0,435.0,454.0,2.0,0
John Stones,ENGLAND,DF,28,Manchester City,eng,10 DEC 2022,20 : 00,Quarter-final,FRANCE,5,5,434,0,0,4,1,0,0,2.0,2,1,3.0,4,0,435.0,454.0,2.0,0
John Stones,ENGLAND,DF,28,Manchester City,eng,29 NOV 2022,20 : 00,Group B,WALES,5,5,434,0,0,4,1,0,0,2.0,2,1,3.0,4,0,435.0,454.0,2.0,0
Harry Maguire,ENGLAND,DF,29,Manchester Utd,eng,21 NOV 2022,14 : 00,Group B,IRAN,5,5,429,0,1,6,1,1,0,7.0,3,4,4.0,6,0,354.0,407.0,2.0,1
Harry Maguire,ENGLAND,DF,29,Manchester Utd,eng,25 NOV 2022,20 : 00,Group B,UNITED STATES,5,5,429,0,1,6,1,1,0,7.0,3,4,4.0,6,0,354.0,407.0,2.0,1
Harry Maguire,ENGLAND,DF,29,Manchester Utd,eng,04 DEC 2022,20 : 00,Round of 16,SENEGAL,5,5,429,0,1,6,1,1,0,7.0,3,4,4.0,6,0,354.0,407.0,2.0,1
Harry Maguire,ENGLAND,DF,29,Manchester Utd,eng,10 DEC 2022,20 : 00,Quarter-final,FRANCE,5,5,429,0,1,6,1,1,0,7.0,3,4,4.0,6,0,354.0,407.0,2.0,1
Harry Maguire,ENGLAND,DF,29,Manchester Utd,eng,29 NOV 2022,20 : 00,Group B,WALES,5,5,429,0,1,6,1,1,0,7.0,3,4,4.0,6,0,354.0,407.0,2.0,1
Luke Shaw,ENGLAND,DF,26,Manchester Utd,eng,21 NOV 2022,14 : 00,Group B,IRAN,5,5,424,0,1,3,1,0,0,3.0,1,4,2.0,5,0,335.0,400.0,2.0,0
Luke Shaw,ENGLAND,DF,26,Manchester Utd,eng,25 NOV 2022,20 : 00,Group B,UNITED STATES,5,5,424,0,1,3,1,0,0,3.0,1,4,2.0,5,0,335.0,400.0,2.0,0
Luke Shaw,ENGLAND,DF,26,Manchester Utd,eng,04 DEC 2022,20 : 00,Round of 16,SENEGAL,5,5,424,0,1,3,1,0,0,3.0,1,4,2.0,5,0,335.0,400.0,2.0,0
Luke Shaw,ENGLAND,DF,26,Manchester Utd,eng,10 DEC 2022,20 : 00,Quarter-final,FRANCE,5,5,424,0,1,3,1,0,0,3.0,1,4,2.0,5,0,335.0,400.0,2.0,0
Luke Shaw,ENGLAND,DF,26,Manchester Utd,eng,29 NOV 2022,20 : 00,Group B,WALES,5,5,424,0,1,3,1,0,0,3.0,1,4,2.0,5,0,335.0,400.0,2.0,0
Declan Rice,ENGLAND,MF,23,West Ham,eng,21 NOV 2022,14 : 00,Group B,IRAN,5,5,417,0,0,0,0,0,0,6.0,5,11,4.0,3,0,300.0,322.0,0.0,0
Declan Rice,ENGLAND,MF,23,West Ham,eng,25 NOV 2022,20 : 00,Group B,UNITED STATES,5,5,417,0,0,0,0,0,0,6.0,5,11,4.0,3,0,300.0,322.0,0.0,0
Declan Rice,ENGLAND,MF,23,West Ham,eng,04 DEC 2022,20 : 00,Round of 16,SENEGAL,5,5,417,0,0,0,0,0,0,6.0,5,11,4.0,3,0,300.0,322.0,0.0,0
Declan Rice,ENGLAND,MF,23,West Ham,eng,10 DEC 2022,20 : 00,Quarter-final,FRANCE,5,5,417,0,0,0,0,0,0,6.0,5,11,4.0,3,0,300.0,322.0,0.0,0
Declan Rice,ENGLAND,MF,23,West Ham,eng,29 NOV 2022,20 : 00,Group B,WALES,5,5,417,0,0,0,0,0,0,6.0,5,11,4.0,3,0,300.0,322.0,0.0,0
Jude Bellingham,ENGLAND,MF,18,Dortmund,de,21 NOV 2022,14 : 00,Group B,IRAN,5,5,414,1,1,5,3,0,0,16.0,15,5,10.0,5,0,235.0,265.0,6.0,0
Jude Bellingham,ENGLAND,MF,18,Dortmund,de,25 NOV 2022,20 : 00,Group B,UNITED STATES,5,5,414,1,1,5,3,0,0,16.0,15,5,10.0,5,0,235.0,265.0,6.0,0
Jude Bellingham,ENGLAND,MF,18,Dortmund,de,04 DEC 2022,20 : 00,Round of 16,SENEGAL,5,5,414,1,1,5,3,0,0,16.0,15,5,10.0,5,0,235.0,265.0,6.0,0
Jude Bellingham,ENGLAND,MF,18,Dortmund,de,10 DEC 2022,20 : 00,Quarter-final,FRANCE,5,5,414,1,1,5,3,0,0,16.0,15,5,10.0,5,0,235.0,265.0,6.0,0
Jude Bellingham,ENGLAND,MF,18,Dortmund,de,29 NOV 2022,20 : 00,Group B,WALES,5,5,414,1,1,5,3,0,0,16.0,15,5,10.0,5,0,235.0,265.0,6.0,0
Harry Kane,ENGLAND,FW,28,Tottenham,eng,21 NOV 2022,14 : 00,Group B,IRAN,5,5,402,2,3,10,5,0,0,2.0,1,0,2.0,1,0,62.0,98.0,4.0,0
Harry Kane,ENGLAND,FW,28,Tottenham,eng,25 NOV 2022,20 : 00,Group B,UNITED STATES,5,5,402,2,3,10,5,0,0,2.0,1,0,2.0,1,0,62.0,98.0,4.0,0
Harry Kane,ENGLAND,FW,28,Tottenham,eng,04 DEC 2022,20 : 00,Round of 16,SENEGAL,5,5,402,2,3,10,5,0,0,2.0,1,0,2.0,1,0,62.0,98.0,4.0,0
Harry Kane,ENGLAND,FW,28,Tottenham,eng,10 DEC 2022,20 : 00,Quarter-final,FRANCE,5,5,402,2,3,10,5,0,0,2.0,1,0,2.0,1,0,62.0,98.0,4.0,0
Harry Kane,ENGLAND,FW,28,Tottenham,eng,29 NOV 2022,20 : 00,Group B,WALES,5,5,402,2,3,10,5,0,0,2.0,1,0,2.0,1,0,62.0,98.0,4.0,0
Bukayo Saka,ENGLAND,FW,20,Arsenal,eng,21 NOV 2022,14 : 00,Group B,IRAN,4,4,288,3,0,7,5,0,0,7.0,4,2,5.0,7,0,84.0,108.0,2.0,2
Bukayo Saka,ENGLAND,FW,20,Arsenal,eng,25 NOV 2022,20 : 00,Group B,UNITED STATES,4,4,288,3,0,7,5,0,0,7.0,4,2,5.0,7,0,84.0,108.0,2.0,2
Bukayo Saka,ENGLAND,FW,20,Arsenal,eng,04 DEC 2022,20 : 00,Round of 16,SENEGAL,4,4,288,3,0,7,5,0,0,7.0,4,2,5.0,7,0,84.0,108.0,2.0,2
Bukayo Saka,ENGLAND,FW,20,Arsenal,eng,10 DEC 2022,20 : 00,Quarter-final,FRANCE,4,4,288,3,0,7,5,0,0,7.0,4,2,5.0,7,0,84.0,108.0,2.0,2
Bukayo Saka,ENGLAND,FW,20,Arsenal,eng,29 NOV 2022,20 : 00,Group B,WALES,4,4,288,3,0,7,5,0,0,7.0,4,2,5.0,7,0,84.0,108.0,2.0,2
Jordan Henderson,ENGLAND,MF,31,Liverpool,eng,21 NOV 2022,14 : 00,Group B,IRAN,4,3,271,1,0,2,1,0,0,4.0,2,1,3.0,5,0,137.0,163.0,0.0,0
Jordan Henderson,ENGLAND,MF,31,Liverpool,eng,25 NOV 2022,20 : 00,Group B,UNITED STATES,4,3,271,1,0,2,1,0,0,4.0,2,1,3.0,5,0,137.0,163.0,0.0,0
Jordan Henderson,ENGLAND,MF,31,Liverpool,eng,04 DEC 2022,20 : 00,Round of 16,SENEGAL,4,3,271,1,0,2,1,0,0,4.0,2,1,3.0,5,0,137.0,163.0,0.0,0
Jordan Henderson,ENGLAND,MF,31,Liverpool,eng,10 DEC 2022,20 : 00,Quarter-final,FRANCE,4,3,271,1,0,2,1,0,0,4.0,2,1,3.0,5,0,137.0,163.0,0.0,0
Jordan Henderson,ENGLAND,MF,31,Liverpool,eng,29 NOV 2022,20 : 00,Group B,WALES,4,3,271,1,0,2,1,0,0,4.0,2,1,3.0,5,0,137.0,163.0,0.0,0
Phil Foden,ENGLAND,"FW,MF",22,Manchester City,eng,21 NOV 2022,14 : 00,Group B,IRAN,4,3,258,1,2,6,1,0,0,1.0,1,1,2.0,2,0,90.0,117.0,3.0,0
Phil Foden,ENGLAND,"FW,MF",22,Manchester City,eng,25 NOV 2022,20 : 00,Group B,UNITED STATES,4,3,258,1,2,6,1,0,0,1.0,1,1,2.0,2,0,90.0,117.0,3.0,0
Phil Foden,ENGLAND,"FW,MF",22,Manchester City,eng,04 DEC 2022,20 : 00,Round of 16,SENEGAL,4,3,258,1,2,6,1,0,0,1.0,1,1,2.0,2,0,90.0,117.0,3.0,0
Phil Foden,ENGLAND,"FW,MF",22,Manchester City,eng,10 DEC 2022,20 : 00,Quarter-final,FRANCE,4,3,258,1,2,6,1,0,0,1.0,1,1,2.0,2,0,90.0,117.0,3.0,0
Phil Foden,ENGLAND,"FW,MF",22,Manchester City,eng,29 NOV 2022,20 : 00,Group B,WALES,4,3,258,1,2,6,1,0,0,1.0,1,1,2.0,2,0,90.0,117.0,3.0,0
Kyle Walker,ENGLAND,DF,32,Manchester City,eng,21 NOV 2022,14 : 00,Group B,IRAN,3,3,236,0,0,0,0,0,0,3.0,1,3,2.0,3,0,162.0,181.0,2.0,0
Kyle Walker,ENGLAND,DF,32,Manchester City,eng,25 NOV 2022,20 : 00,Group B,UNITED STATES,3,3,236,0,0,0,0,0,0,3.0,1,3,2.0,3,0,162.0,181.0,2.0,0
Kyle Walker,ENGLAND,DF,32,Manchester City,eng,04 DEC 2022,20 : 00,Round of 16,SENEGAL,3,3,236,0,0,0,0,0,0,3.0,1,3,2.0,3,0,162.0,181.0,2.0,0
Kyle Walker,ENGLAND,DF,32,Manchester City,eng,10 DEC 2022,20 : 00,Quarter-final,FRANCE,3,3,236,0,0,0,0,0,0,3.0,1,3,2.0,3,0,162.0,181.0,2.0,0
Kyle Walker,ENGLAND,DF,32,Manchester City,eng,29 NOV 2022,20 : 00,Group B,WALES,3,3,236,0,0,0,0,0,0,3.0,1,3,2.0,3,0,162.0,181.0,2.0,0
Kieran Trippier,ENGLAND,DF,31,Newcastle Utd,eng,21 NOV 2022,14 : 00,Group B,IRAN,3,2,206,0,0,1,0,0,0,6.0,4,1,3.0,1,0,165.0,195.0,1.0,0
Kieran Trippier,ENGLAND,DF,31,Newcastle Utd,eng,25 NOV 2022,20 : 00,Group B,UNITED STATES,3,2,206,0,0,1,0,0,0,6.0,4,1,3.0,1,0,165.0,195.0,1.0,0
Kieran Trippier,ENGLAND,DF,31,Newcastle Utd,eng,04 DEC 2022,20 : 00,Round of 16,SENEGAL,3,2,206,0,0,1,0,0,0,6.0,4,1,3.0,1,0,165.0,195.0,1.0,0
Kieran Trippier,ENGLAND,DF,31,Newcastle Utd,eng,10 DEC 2022,20 : 00,Quarter-final,FRANCE,3,2,206,0,0,1,0,0,0,6.0,4,1,3.0,1,0,165.0,195.0,1.0,0
Kieran Trippier,ENGLAND,DF,31,Newcastle Utd,eng,29 NOV 2022,20 : 00,Group B,WALES,3,2,206,0,0,1,0,0,0,6.0,4,1,3.0,1,0,165.0,195.0,1.0,0
Mason Mount,ENGLAND,MF,23,Chelsea,eng,21 NOV 2022,14 : 00,Group B,IRAN,4,2,186,0,0,4,1,0,0,2.0,2,0,2.0,7,0,61.0,73.0,2.0,0
Mason Mount,ENGLAND,MF,23,Chelsea,eng,25 NOV 2022,20 : 00,Group B,UNITED STATES,4,2,186,0,0,4,1,0,0,2.0,2,0,2.0,7,0,61.0,73.0,2.0,0
Mason Mount,ENGLAND,MF,23,Chelsea,eng,04 DEC 2022,20 : 00,Round of 16,SENEGAL,4,2,186,0,0,4,1,0,0,2.0,2,0,2.0,7,0,61.0,73.0,2.0,0
Mason Mount,ENGLAND,MF,23,Chelsea,eng,10 DEC 2022,20 : 00,Quarter-final,FRANCE,4,2,186,0,0,4,1,0,0,2.0,2,0,2.0,7,0,61.0,73.0,2.0,0
Mason Mount,ENGLAND,MF,23,Chelsea,eng,29 NOV 2022,20 : 00,Group B,WALES,4,2,186,0,0,4,1,0,0,2.0,2,0,2.0,7,0,61.0,73.0,2.0,0
Raheem Sterling,ENGLAND,FW,27,Chelsea,eng,21 NOV 2022,14 : 00,Group B,IRAN,3,2,149,1,1,1,1,0,0,1.0,1,1,1.0,0,0,45.0,55.0,2.0,1
Raheem Sterling,ENGLAND,FW,27,Chelsea,eng,25 NOV 2022,20 : 00,Group B,UNITED STATES,3,2,149,1,1,1,1,0,0,1.0,1,1,1.0,0,0,45.0,55.0,2.0,1
Raheem Sterling,ENGLAND,FW,27,Chelsea,eng,04 DEC 2022,20 : 00,Round of 16,SENEGAL,3,2,149,1,1,1,1,0,0,1.0,1,1,1.0,0,0,45.0,55.0,2.0,1
Raheem Sterling,ENGLAND,FW,27,Chelsea,eng,10 DEC 2022,20 : 00,Quarter-final,FRANCE,3,2,149,1,1,1,1,0,0,1.0,1,1,1.0,0,0,45.0,55.0,2.0,1
Raheem Sterling,ENGLAND,FW,27,Chelsea,eng,29 NOV 2022,20 : 00,Group B,WALES,3,2,149,1,1,1,1,0,0,1.0,1,1,1.0,0,0,45.0,55.0,2.0,1
Marcus Rashford,ENGLAND,FW,24,Manchester Utd,eng,21 NOV 2022,14 : 00,Group B,IRAN,5,1,140,3,0,11,6,0,0,1.0,0,1,2.0,1,0,49.0,66.0,5.0,1
Marcus Rashford,ENGLAND,FW,24,Manchester Utd,eng,25 NOV 2022,20 : 00,Group B,UNITED STATES,5,1,140,3,0,11,6,0,0,1.0,0,1,2.0,1,0,49.0,66.0,5.0,1
Marcus Rashford,ENGLAND,FW,24,Manchester Utd,eng,04 DEC 2022,20 : 00,Round of 16,SENEGAL,5,1,140,3,0,11,6,0,0,1.0,0,1,2.0,1,0,49.0,66.0,5.0,1
Marcus Rashford,ENGLAND,FW,24,Manchester Utd,eng,10 DEC 2022,20 : 00,Quarter-final,FRANCE,5,1,140,3,0,11,6,0,0,1.0,0,1,2.0,1,0,49.0,66.0,5.0,1
Marcus Rashford,ENGLAND,FW,24,Manchester Utd,eng,29 NOV 2022,20 : 00,Group B,WALES,5,1,140,3,0,11,6,0,0,1.0,0,1,2.0,1,0,49.0,66.0,5.0,1
Jack Grealish,ENGLAND,FW,26,Manchester City,eng,21 NOV 2022,14 : 00,Group B,IRAN,5,0,86,1,0,1,1,0,0,3.0,1,3,2.0,0,0,48.0,54.0,3.0,0
Jack Grealish,ENGLAND,FW,26,Manchester City,eng,25 NOV 2022,20 : 00,Group B,UNITED STATES,5,0,86,1,0,1,1,0,0,3.0,1,3,2.0,0,0,48.0,54.0,3.0,0
Jack Grealish,ENGLAND,FW,26,Manchester City,eng,04 DEC 2022,20 : 00,Round of 16,SENEGAL,5,0,86,1,0,1,1,0,0,3.0,1,3,2.0,0,0,48.0,54.0,3.0,0
Jack Grealish,ENGLAND,FW,26,Manchester City,eng,10 DEC 2022,20 : 00,Quarter-final,FRANCE,5,0,86,1,0,1,1,0,0,3.0,1,3,2.0,0,0,48.0,54.0,3.0,0
Jack Grealish,ENGLAND,FW,26,Manchester City,eng,29 NOV 2022,20 : 00,Group B,WALES,5,0,86,1,0,1,1,0,0,3.0,1,3,2.0,0,0,48.0,54.0,3.0,0
Callum Wilson,ENGLAND,FW,30,Newcastle Utd,eng,21 NOV 2022,14 : 00,Group B,IRAN,2,0,48,0,1,0,0,0,0,0.0,0,0,0.0,0,0,9.0,10.0,0.0,0
Callum Wilson,ENGLAND,FW,30,Newcastle Utd,eng,25 NOV 2022,20 : 00,Group B,UNITED STATES,2,0,48,0,1,0,0,0,0,0.0,0,0,0.0,0,0,9.0,10.0,0.0,0
Callum Wilson,ENGLAND,FW,30,Newcastle Utd,eng,04 DEC 2022,20 : 00,Round of 16,SENEGAL,2,0,48,0,1,0,0,0,0,0.0,0,0,0.0,0,0,9.0,10.0,0.0,0
Callum Wilson,ENGLAND,FW,30,Newcastle Utd,eng,10 DEC 2022,20 : 00,Quarter-final,FRANCE,2,0,48,0,1,0,0,0,0,0.0,0,0,0.0,0,0,9.0,10.0,0.0,0
Callum Wilson,ENGLAND,FW,30,Newcastle Utd,eng,29 NOV 2022,20 : 00,Group B,WALES,2,0,48,0,1,0,0,0,0,0.0,0,0,0.0,0,0,9.0,10.0,0.0,0
Kalvin Phillips,ENGLAND,MF,26,Manchester City,eng,21 NOV 2022,14 : 00,Group B,IRAN,2,0,42,0,1,0,0,0,0,0.0,0,0,0.0,1,0,17.0,19.0,0.0,0
Kalvin Phillips,ENGLAND,MF,26,Manchester City,eng,25 NOV 2022,20 : 00,Group B,UNITED STATES,2,0,42,0,1,0,0,0,0,0.0,0,0,0.0,1,0,17.0,19.0,0.0,0
Kalvin Phillips,ENGLAND,MF,26,Manchester City,eng,04 DEC 2022,20 : 00,Round of 16,SENEGAL,2,0,42,0,1,0,0,0,0,0.0,0,0,0.0,1,0,17.0,19.0,0.0,0
Kalvin Phillips,ENGLAND,MF,26,Manchester City,eng,10 DEC 2022,20 : 00,Quarter-final,FRANCE,2,0,42,0,1,0,0,0,0,0.0,0,0,0.0,1,0,17.0,19.0,0.0,0
Kalvin Phillips,ENGLAND,MF,26,Manchester City,eng,29 NOV 2022,20 : 00,Group B,WALES,2,0,42,0,1,0,0,0,0,0.0,0,0,0.0,1,0,17.0,19.0,0.0,0
Eric Dier,ENGLAND,DF,28,Tottenham,eng,21 NOV 2022,14 : 00,Group B,IRAN,2,0,36,0,0,0,0,0,0,1.0,1,0,0.0,1,0,40.0,41.0,0.0,0
Eric Dier,ENGLAND,DF,28,Tottenham,eng,25 NOV 2022,20 : 00,Group B,UNITED STATES,2,0,36,0,0,0,0,0,0,1.0,1,0,0.0,1,0,40.0,41.0,0.0,0
Eric Dier,ENGLAND,DF,28,Tottenham,eng,04 DEC 2022,20 : 00,Round of 16,SENEGAL,2,0,36,0,0,0,0,0,0,1.0,1,0,0.0,1,0,40.0,41.0,0.0,0
Eric Dier,ENGLAND,DF,28,Tottenham,eng,10 DEC 2022,20 : 00,Quarter-final,FRANCE,2,0,36,0,0,0,0,0,0,1.0,1,0,0.0,1,0,40.0,41.0,0.0,0
Eric Dier,ENGLAND,DF,28,Tottenham,eng,29 NOV 2022,20 : 00,Group B,WALES,2,0,36,0,0,0,0,0,0,1.0,1,0,0.0,1,0,40.0,41.0,0.0,0
Trent Alexander-Arnold,ENGLAND,DF,23,Liverpool,eng,21 NOV 2022,14 : 00,Group B,IRAN,1,0,34,0,0,0,0,0,0,0.0,0,0,1.0,1,0,21.0,23.0,0.0,0
Trent Alexander-Arnold,ENGLAND,DF,23,Liverpool,eng,25 NOV 2022,20 : 00,Group B,UNITED STATES,1,0,34,0,0,0,0,0,0,0.0,0,0,1.0,1,0,21.0,23.0,0.0,0
Trent Alexander-Arnold,ENGLAND,DF,23,Liverpool,eng,04 DEC 2022,20 : 00,Round of 16,SENEGAL,1,0,34,0,0,0,0,0,0,0.0,0,0,1.0,1,0,21.0,23.0,0.0,0
Trent Alexander-Arnold,ENGLAND,DF,23,Liverpool,eng,10 DEC 2022,20 : 00,Quarter-final,FRANCE,1,0,34,0,0,0,0,0,0,0.0,0,0,1.0,1,0,21.0,23.0,0.0,0
Trent Alexander-Arnold,ENGLAND,DF,23,Liverpool,eng,29 NOV 2022,20 : 00,Group B,WALES,1,0,34,0,0,0,0,0,0,0.0,0,0,1.0,1,0,21.0,23.0,0.0,0
Marquinhos,BRAZIL,DF,28,Paris S-G,fr,24 NOV 2022,20 : 00,Group G,SERBIA,5,4,426,0,0,2,0,1,0,5.0,4,2,6.0,1,0,352.0,368.0,1.0,0
Marquinhos,BRAZIL,DF,28,Paris S-G,fr,28 NOV 2022,17 : 00,Group G,SWITZERLAND,5,4,426,0,0,2,0,1,0,5.0,4,2,6.0,1,0,352.0,368.0,1.0,0
Marquinhos,BRAZIL,DF,28,Paris S-G,fr,05 DEC 2022,20 : 00,Round of 16,KOREA REPUBLIC,5,4,426,0,0,2,0,1,0,5.0,4,2,6.0,1,0,352.0,368.0,1.0,0
Marquinhos,BRAZIL,DF,28,Paris S-G,fr,02 DEC 2022,20 : 00,Group G,CAMEROON,5,4,426,0,0,2,0,1,0,5.0,4,2,6.0,1,0,352.0,368.0,1.0,0
Marquinhos,BRAZIL,DF,28,Paris S-G,fr,09 DEC 2022,16 : 00,Quarter-final,CROATIA,5,4,426,0,0,2,0,1,0,5.0,4,2,6.0,1,0,352.0,368.0,1.0,0
Casemiro,BRAZIL,MF,30,Manchester Utd,eng,24 NOV 2022,20 : 00,Group G,SERBIA,4,4,390,1,0,9,3,1,0,11.0,4,7,13.0,7,0,208.0,251.0,1.0,0
Casemiro,BRAZIL,MF,30,Manchester Utd,eng,28 NOV 2022,17 : 00,Group G,SWITZERLAND,4,4,390,1,0,9,3,1,0,11.0,4,7,13.0,7,0,208.0,251.0,1.0,0
Casemiro,BRAZIL,MF,30,Manchester Utd,eng,05 DEC 2022,20 : 00,Round of 16,KOREA REPUBLIC,4,4,390,1,0,9,3,1,0,11.0,4,7,13.0,7,0,208.0,251.0,1.0,0
Casemiro,BRAZIL,MF,30,Manchester Utd,eng,02 DEC 2022,20 : 00,Group G,CAMEROON,4,4,390,1,0,9,3,1,0,11.0,4,7,13.0,7,0,208.0,251.0,1.0,0
Casemiro,BRAZIL,MF,30,Manchester Utd,eng,09 DEC 2022,16 : 00,Quarter-final,CROATIA,4,4,390,1,0,9,3,1,0,11.0,4,7,13.0,7,0,208.0,251.0,1.0,0
Thiago Silva,BRAZIL,DF,37,Chelsea,eng,24 NOV 2022,20 : 00,Group G,SERBIA,4,4,390,0,1,2,0,0,0,3.0,1,5,3.0,2,0,322.0,344.0,0.0,0
Thiago Silva,BRAZIL,DF,37,Chelsea,eng,28 NOV 2022,17 : 00,Group G,SWITZERLAND,4,4,390,0,1,2,0,0,0,3.0,1,5,3.0,2,0,322.0,344.0,0.0,0
Thiago Silva,BRAZIL,DF,37,Chelsea,eng,05 DEC 2022,20 : 00,Round of 16,KOREA REPUBLIC,4,4,390,0,1,2,0,0,0,3.0,1,5,3.0,2,0,322.0,344.0,0.0,0
Thiago Silva,BRAZIL,DF,37,Chelsea,eng,02 DEC 2022,20 : 00,Group G,CAMEROON,4,4,390,0,1,2,0,0,0,3.0,1,5,3.0,2,0,322.0,344.0,0.0,0
Thiago Silva,BRAZIL,DF,37,Chelsea,eng,09 DEC 2022,16 : 00,Quarter-final,CROATIA,4,4,390,0,1,2,0,0,0,3.0,1,5,3.0,2,0,322.0,344.0,0.0,0
Alisson,BRAZIL,GK,29,Liverpool,eng,24 NOV 2022,20 : 00,Group G,SERBIA,4,4,379,0,0,0,0,0,0,0.0,0,0,0.0,0,0,80.0,93.0,0.0,0
Alisson,BRAZIL,GK,29,Liverpool,eng,28 NOV 2022,17 : 00,Group G,SWITZERLAND,4,4,379,0,0,0,0,0,0,0.0,0,0,0.0,0,0,80.0,93.0,0.0,0
Alisson,BRAZIL,GK,29,Liverpool,eng,05 DEC 2022,20 : 00,Round of 16,KOREA REPUBLIC,4,4,379,0,0,0,0,0,0,0.0,0,0,0.0,0,0,80.0,93.0,0.0,0
Alisson,BRAZIL,GK,29,Liverpool,eng,02 DEC 2022,20 : 00,Group G,CAMEROON,4,4,379,0,0,0,0,0,0,0.0,0,0,0.0,0,0,80.0,93.0,0.0,0
Alisson,BRAZIL,GK,29,Liverpool,eng,09 DEC 2022,16 : 00,Quarter-final,CROATIA,4,4,379,0,0,0,0,0,0,0.0,0,0,0.0,0,0,80.0,93.0,0.0,0
Éder Militão,BRAZIL,DF,24,Real Madrid,es,24 NOV 2022,20 : 00,Group G,SERBIA,4,4,347,0,0,5,1,1,0,7.0,6,3,1.0,7,0,251.0,277.0,0.0,0
Éder Militão,BRAZIL,DF,24,Real Madrid,es,28 NOV 2022,17 : 00,Group G,SWITZERLAND,4,4,347,0,0,5,1,1,0,7.0,6,3,1.0,7,0,251.0,277.0,0.0,0
Éder Militão,BRAZIL,DF,24,Real Madrid,es,05 DEC 2022,20 : 00,Round of 16,KOREA REPUBLIC,4,4,347,0,0,5,1,1,0,7.0,6,3,1.0,7,0,251.0,277.0,0.0,0
Éder Militão,BRAZIL,DF,24,Real Madrid,es,02 DEC 2022,20 : 00,Group G,CAMEROON,4,4,347,0,0,5,1,1,0,7.0,6,3,1.0,7,0,251.0,277.0,0.0,0
Éder Militão,BRAZIL,DF,24,Real Madrid,es,09 DEC 2022,16 : 00,Quarter-final,CROATIA,4,4,347,0,0,5,1,1,0,7.0,6,3,1.0,7,0,251.0,277.0,0.0,0
Richarlison,BRAZIL,FW,25,Tottenham,eng,24 NOV 2022,20 : 00,Group G,SERBIA,4,4,323,3,0,8,4,0,0,2.0,2,1,4.0,5,0,40.0,58.0,0.0,1
Richarlison,BRAZIL,FW,25,Tottenham,eng,28 NOV 2022,17 : 00,Group G,SWITZERLAND,4,4,323,3,0,8,4,0,0,2.0,2,1,4.0,5,0,40.0,58.0,0.0,1
Richarlison,BRAZIL,FW,25,Tottenham,eng,05 DEC 2022,20 : 00,Round of 16,KOREA REPUBLIC,4,4,323,3,0,8,4,0,0,2.0,2,1,4.0,5,0,40.0,58.0,0.0,1
Richarlison,BRAZIL,FW,25,Tottenham,eng,02 DEC 2022,20 : 00,Group G,CAMEROON,4,4,323,3,0,8,4,0,0,2.0,2,1,4.0,5,0,40.0,58.0,0.0,1
Richarlison,BRAZIL,FW,25,Tottenham,eng,09 DEC 2022,16 : 00,Quarter-final,CROATIA,4,4,323,3,0,8,4,0,0,2.0,2,1,4.0,5,0,40.0,58.0,0.0,1
Raphinha,BRAZIL,FW,25,Barcelona,es,24 NOV 2022,20 : 00,Group G,SERBIA,5,4,315,0,1,8,6,0,0,8.0,6,3,3.0,2,0,111.0,150.0,4.0,0
Raphinha,BRAZIL,FW,25,Barcelona,es,28 NOV 2022,17 : 00,Group G,SWITZERLAND,5,4,315,0,1,8,6,0,0,8.0,6,3,3.0,2,0,111.0,150.0,4.0,0
Raphinha,BRAZIL,FW,25,Barcelona,es,05 DEC 2022,20 : 00,Round of 16,KOREA REPUBLIC,5,4,315,0,1,8,6,0,0,8.0,6,3,3.0,2,0,111.0,150.0,4.0,0
Raphinha,BRAZIL,FW,25,Barcelona,es,02 DEC 2022,20 : 00,Group G,CAMEROON,5,4,315,0,1,8,6,0,0,8.0,6,3,3.0,2,0,111.0,150.0,4.0,0
Raphinha,BRAZIL,FW,25,Barcelona,es,09 DEC 2022,16 : 00,Quarter-final,CROATIA,5,4,315,0,1,8,6,0,0,8.0,6,3,3.0,2,0,111.0,150.0,4.0,0
Lucas Paquetá,BRAZIL,MF,24,West Ham,eng,24 NOV 2022,20 : 00,Group G,SERBIA,4,4,314,1,1,4,4,0,0,7.0,5,2,5.0,4,0,169.0,202.0,0.0,0
Lucas Paquetá,BRAZIL,MF,24,West Ham,eng,28 NOV 2022,17 : 00,Group G,SWITZERLAND,4,4,314,1,1,4,4,0,0,7.0,5,2,5.0,4,0,169.0,202.0,0.0,0
Lucas Paquetá,BRAZIL,MF,24,West Ham,eng,05 DEC 2022,20 : 00,Round of 16,KOREA REPUBLIC,4,4,314,1,1,4,4,0,0,7.0,5,2,5.0,4,0,169.0,202.0,0.0,0
Lucas Paquetá,BRAZIL,MF,24,West Ham,eng,02 DEC 2022,20 : 00,Group G,CAMEROON,4,4,314,1,1,4,4,0,0,7.0,5,2,5.0,4,0,169.0,202.0,0.0,0
Lucas Paquetá,BRAZIL,MF,24,West Ham,eng,09 DEC 2022,16 : 00,Quarter-final,CROATIA,4,4,314,1,1,4,4,0,0,7.0,5,2,5.0,4,0,169.0,202.0,0.0,0
Vinicius Júnior,BRAZIL,FW,21,Real Madrid,es,24 NOV 2022,20 : 00,Group G,SERBIA,4,4,299,1,2,9,4,0,0,3.0,1,0,5.0,0,0,68.0,90.0,5.0,3
Vinicius Júnior,BRAZIL,FW,21,Real Madrid,es,28 NOV 2022,17 : 00,Group G,SWITZERLAND,4,4,299,1,2,9,4,0,0,3.0,1,0,5.0,0,0,68.0,90.0,5.0,3
Vinicius Júnior,BRAZIL,FW,21,Real Madrid,es,05 DEC 2022,20 : 00,Round of 16,KOREA REPUBLIC,4,4,299,1,2,9,4,0,0,3.0,1,0,5.0,0,0,68.0,90.0,5.0,3
Vinicius Júnior,BRAZIL,FW,21,Real Madrid,es,02 DEC 2022,20 : 00,Group G,CAMEROON,4,4,299,1,2,9,4,0,0,3.0,1,0,5.0,0,0,68.0,90.0,5.0,3
Vinicius Júnior,BRAZIL,FW,21,Real Madrid,es,09 DEC 2022,16 : 00,Quarter-final,CROATIA,4,4,299,1,2,9,4,0,0,3.0,1,0,5.0,0,0,68.0,90.0,5.0,3
Danilo,BRAZIL,DF,30,Juventus,it,24 NOV 2022,20 : 00,Group G,SERBIA,3,3,281,0,0,2,0,1,0,5.0,2,3,2.0,3,0,230.0,269.0,1.0,0
Danilo,BRAZIL,DF,30,Juventus,it,28 NOV 2022,17 : 00,Group G,SWITZERLAND,3,3,281,0,0,2,0,1,0,5.0,2,3,2.0,3,0,230.0,269.0,1.0,0
Danilo,BRAZIL,DF,30,Juventus,it,05 DEC 2022,20 : 00,Round of 16,KOREA REPUBLIC,3,3,281,0,0,2,0,1,0,5.0,2,3,2.0,3,0,230.0,269.0,1.0,0
Danilo,BRAZIL,DF,30,Juventus,it,02 DEC 2022,20 : 00,Group G,CAMEROON,3,3,281,0,0,2,0,1,0,5.0,2,3,2.0,3,0,230.0,269.0,1.0,0
Danilo,BRAZIL,DF,30,Juventus,it,09 DEC 2022,16 : 00,Quarter-final,CROATIA,3,3,281,0,0,2,0,1,0,5.0,2,3,2.0,3,0,230.0,269.0,1.0,0
Neymar,BRAZIL,MF,30,Paris S-G,fr,24 NOV 2022,20 : 00,Group G,SERBIA,3,3,279,2,0,11,6,0,0,1.0,0,1,2.0,4,0,121.0,153.0,6.0,2
Neymar,BRAZIL,MF,30,Paris S-G,fr,28 NOV 2022,17 : 00,Group G,SWITZERLAND,3,3,279,2,0,11,6,0,0,1.0,0,1,2.0,4,0,121.0,153.0,6.0,2
Neymar,BRAZIL,MF,30,Paris S-G,fr,05 DEC 2022,20 : 00,Round of 16,KOREA REPUBLIC,3,3,279,2,0,11,6,0,0,1.0,0,1,2.0,4,0,121.0,153.0,6.0,2
Neymar,BRAZIL,MF,30,Paris S-G,fr,02 DEC 2022,20 : 00,Group G,CAMEROON,3,3,279,2,0,11,6,0,0,1.0,0,1,2.0,4,0,121.0,153.0,6.0,2
Neymar,BRAZIL,MF,30,Paris S-G,fr,09 DEC 2022,16 : 00,Quarter-final,CROATIA,3,3,279,2,0,11,6,0,0,1.0,0,1,2.0,4,0,121.0,153.0,6.0,2
Alex Sandro,BRAZIL,DF,31,Juventus,it,24 NOV 2022,20 : 00,Group G,SERBIA,3,2,190,0,0,1,0,0,0,8.0,3,3,1.0,3,0,150.0,169.0,1.0,0
Alex Sandro,BRAZIL,DF,31,Juventus,it,28 NOV 2022,17 : 00,Group G,SWITZERLAND,3,2,190,0,0,1,0,0,0,8.0,3,3,1.0,3,0,150.0,169.0,1.0,0
Alex Sandro,BRAZIL,DF,31,Juventus,it,05 DEC 2022,20 : 00,Round of 16,KOREA REPUBLIC,3,2,190,0,0,1,0,0,0,8.0,3,3,1.0,3,0,150.0,169.0,1.0,0
Alex Sandro,BRAZIL,DF,31,Juventus,it,02 DEC 2022,20 : 00,Group G,CAMEROON,3,2,190,0,0,1,0,0,0,8.0,3,3,1.0,3,0,150.0,169.0,1.0,0
Alex Sandro,BRAZIL,DF,31,Juventus,it,09 DEC 2022,16 : 00,Quarter-final,CROATIA,3,2,190,0,0,1,0,0,0,8.0,3,3,1.0,3,0,150.0,169.0,1.0,0
Fred,BRAZIL,MF,29,Manchester Utd,eng,24 NOV 2022,20 : 00,Group G,SERBIA,4,2,142,0,0,3,1,1,0,3.0,3,0,1.0,3,0,71.0,83.0,0.0,0
Fred,BRAZIL,MF,29,Manchester Utd,eng,28 NOV 2022,17 : 00,Group G,SWITZERLAND,4,2,142,0,0,3,1,1,0,3.0,3,0,1.0,3,0,71.0,83.0,0.0,0
Fred,BRAZIL,MF,29,Manchester Utd,eng,05 DEC 2022,20 : 00,Round of 16,KOREA REPUBLIC,4,2,142,0,0,3,1,1,0,3.0,3,0,1.0,3,0,71.0,83.0,0.0,0
Fred,BRAZIL,MF,29,Manchester Utd,eng,02 DEC 2022,20 : 00,Group G,CAMEROON,4,2,142,0,0,3,1,1,0,3.0,3,0,1.0,3,0,71.0,83.0,0.0,0
Fred,BRAZIL,MF,29,Manchester Utd,eng,09 DEC 2022,16 : 00,Quarter-final,CROATIA,4,2,142,0,0,3,1,1,0,3.0,3,0,1.0,3,0,71.0,83.0,0.0,0
Rodrygo,BRAZIL,"MF,FW",21,Real Madrid,es,24 NOV 2022,20 : 00,Group G,SERBIA,5,1,181,0,1,6,2,0,0,4.0,1,2,6.0,3,0,91.0,113.0,2.0,1
Rodrygo,BRAZIL,"MF,FW",21,Real Madrid,es,28 NOV 2022,17 : 00,Group G,SWITZERLAND,5,1,181,0,1,6,2,0,0,4.0,1,2,6.0,3,0,91.0,113.0,2.0,1
Rodrygo,BRAZIL,"MF,FW",21,Real Madrid,es,05 DEC 2022,20 : 00,Round of 16,KOREA REPUBLIC,5,1,181,0,1,6,2,0,0,4.0,1,2,6.0,3,0,91.0,113.0,2.0,1
Rodrygo,BRAZIL,"MF,FW",21,Real Madrid,es,02 DEC 2022,20 : 00,Group G,CAMEROON,5,1,181,0,1,6,2,0,0,4.0,1,2,6.0,3,0,91.0,113.0,2.0,1
Rodrygo,BRAZIL,"MF,FW",21,Real Madrid,es,09 DEC 2022,16 : 00,Quarter-final,CROATIA,5,1,181,0,1,6,2,0,0,4.0,1,2,6.0,3,0,91.0,113.0,2.0,1
Antony,BRAZIL,FW,22,Manchester Utd,eng,24 NOV 2022,20 : 00,Group G,SERBIA,4,1,172,0,0,6,2,0,0,3.0,0,1,3.0,2,0,86.0,109.0,4.0,0
Antony,BRAZIL,FW,22,Manchester Utd,eng,28 NOV 2022,17 : 00,Group G,SWITZERLAND,4,1,172,0,0,6,2,0,0,3.0,0,1,3.0,2,0,86.0,109.0,4.0,0
Antony,BRAZIL,FW,22,Manchester Utd,eng,05 DEC 2022,20 : 00,Round of 16,KOREA REPUBLIC,4,1,172,0,0,6,2,0,0,3.0,0,1,3.0,2,0,86.0,109.0,4.0,0
Antony,BRAZIL,FW,22,Manchester Utd,eng,02 DEC 2022,20 : 00,Group G,CAMEROON,4,1,172,0,0,6,2,0,0,3.0,0,1,3.0,2,0,86.0,109.0,4.0,0
Antony,BRAZIL,FW,22,Manchester Utd,eng,09 DEC 2022,16 : 00,Quarter-final,CROATIA,4,1,172,0,0,6,2,0,0,3.0,0,1,3.0,2,0,86.0,109.0,4.0,0
Dani Alves,BRAZIL,DF,39,UNAM,mx,24 NOV 2022,20 : 00,Group G,SERBIA,2,1,118,0,0,3,0,0,0,5.0,4,2,1.0,5,0,83.0,97.0,1.0,0
Dani Alves,BRAZIL,DF,39,UNAM,mx,28 NOV 2022,17 : 00,Group G,SWITZERLAND,2,1,118,0,0,3,0,0,0,5.0,4,2,1.0,5,0,83.0,97.0,1.0,0
Dani Alves,BRAZIL,DF,39,UNAM,mx,05 DEC 2022,20 : 00,Round of 16,KOREA REPUBLIC,2,1,118,0,0,3,0,0,0,5.0,4,2,1.0,5,0,83.0,97.0,1.0,0
Dani Alves,BRAZIL,DF,39,UNAM,mx,02 DEC 2022,20 : 00,Group G,CAMEROON,2,1,118,0,0,3,0,0,0,5.0,4,2,1.0,5,0,83.0,97.0,1.0,0
Dani Alves,BRAZIL,DF,39,UNAM,mx,09 DEC 2022,16 : 00,Quarter-final,CROATIA,2,1,118,0,0,3,0,0,0,5.0,4,2,1.0,5,0,83.0,97.0,1.0,0
Martinelli,BRAZIL,FW,20,Arsenal,eng,24 NOV 2022,20 : 00,Group G,SERBIA,3,1,113,0,0,4,3,0,0,2.0,1,0,2.0,2,0,34.0,45.0,3.0,1
Martinelli,BRAZIL,FW,20,Arsenal,eng,28 NOV 2022,17 : 00,Group G,SWITZERLAND,3,1,113,0,0,4,3,0,0,2.0,1,0,2.0,2,0,34.0,45.0,3.0,1
Martinelli,BRAZIL,FW,20,Arsenal,eng,05 DEC 2022,20 : 00,Round of 16,KOREA REPUBLIC,3,1,113,0,0,4,3,0,0,2.0,1,0,2.0,2,0,34.0,45.0,3.0,1
Martinelli,BRAZIL,FW,20,Arsenal,eng,02 DEC 2022,20 : 00,Group G,CAMEROON,3,1,113,0,0,4,3,0,0,2.0,1,0,2.0,2,0,34.0,45.0,3.0,1
Martinelli,BRAZIL,FW,20,Arsenal,eng,09 DEC 2022,16 : 00,Quarter-final,CROATIA,3,1,113,0,0,4,3,0,0,2.0,1,0,2.0,2,0,34.0,45.0,3.0,1
Gleison Bremer,BRAZIL,DF,25,Juventus,it,24 NOV 2022,20 : 00,Group G,SERBIA,2,1,109,0,0,1,0,0,0,1.0,1,1,1.0,2,0,78.0,84.0,0.0,0
Gleison Bremer,BRAZIL,DF,25,Juventus,it,28 NOV 2022,17 : 00,Group G,SWITZERLAND,2,1,109,0,0,1,0,0,0,1.0,1,1,1.0,2,0,78.0,84.0,0.0,0
Gleison Bremer,BRAZIL,DF,25,Juventus,it,05 DEC 2022,20 : 00,Round of 16,KOREA REPUBLIC,2,1,109,0,0,1,0,0,0,1.0,1,1,1.0,2,0,78.0,84.0,0.0,0
Gleison Bremer,BRAZIL,DF,25,Juventus,it,02 DEC 2022,20 : 00,Group G,CAMEROON,2,1,109,0,0,1,0,0,0,1.0,1,1,1.0,2,0,78.0,84.0,0.0,0
Gleison Bremer,BRAZIL,DF,25,Juventus,it,09 DEC 2022,16 : 00,Quarter-final,CROATIA,2,1,109,0,0,1,0,0,0,1.0,1,1,1.0,2,0,78.0,84.0,0.0,0
Gabriel Jesus,BRAZIL,FW,25,Arsenal,eng,24 NOV 2022,20 : 00,Group G,SERBIA,3,1,93,0,0,2,1,0,0,2.0,1,2,0.0,1,0,22.0,28.0,1.0,0
Gabriel Jesus,BRAZIL,FW,25,Arsenal,eng,28 NOV 2022,17 : 00,Group G,SWITZERLAND,3,1,93,0,0,2,1,0,0,2.0,1,2,0.0,1,0,22.0,28.0,1.0,0
Gabriel Jesus,BRAZIL,FW,25,Arsenal,eng,05 DEC 2022,20 : 00,Round of 16,KOREA REPUBLIC,3,1,93,0,0,2,1,0,0,2.0,1,2,0.0,1,0,22.0,28.0,1.0,0
Gabriel Jesus,BRAZIL,FW,25,Arsenal,eng,02 DEC 2022,20 : 00,Group G,CAMEROON,3,1,93,0,0,2,1,0,0,2.0,1,2,0.0,1,0,22.0,28.0,1.0,0
Gabriel Jesus,BRAZIL,FW,25,Arsenal,eng,09 DEC 2022,16 : 00,Quarter-final,CROATIA,3,1,93,0,0,2,1,0,0,2.0,1,2,0.0,1,0,22.0,28.0,1.0,0
Ederson,BRAZIL,GK,28,Manchester City,eng,24 NOV 2022,20 : 00,Group G,SERBIA,1,1,90,0,0,0,0,0,0,0.0,0,0,0.0,0,0,28.0,31.0,0.0,0
Ederson,BRAZIL,GK,28,Manchester City,eng,28 NOV 2022,17 : 00,Group G,SWITZERLAND,1,1,90,0,0,0,0,0,0,0.0,0,0,0.0,0,0,28.0,31.0,0.0,0
Ederson,BRAZIL,GK,28,Manchester City,eng,05 DEC 2022,20 : 00,Round of 16,KOREA REPUBLIC,1,1,90,0,0,0,0,0,0,0.0,0,0,0.0,0,0,28.0,31.0,0.0,0
Ederson,BRAZIL,GK,28,Manchester City,eng,02 DEC 2022,20 : 00,Group G,CAMEROON,1,1,90,0,0,0,0,0,0,0.0,0,0,0.0,0,0,28.0,31.0,0.0,0
Ederson,BRAZIL,GK,28,Manchester City,eng,09 DEC 2022,16 : 00,Quarter-final,CROATIA,1,1,90,0,0,0,0,0,0,0.0,0,0,0.0,0,0,28.0,31.0,0.0,0
Fabinho,BRAZIL,MF,28,Liverpool,eng,24 NOV 2022,20 : 00,Group G,SERBIA,1,1,90,0,0,0,0,0,0,3.0,2,1,0.0,2,0,51.0,57.0,0.0,0
Fabinho,BRAZIL,MF,28,Liverpool,eng,28 NOV 2022,17 : 00,Group G,SWITZERLAND,1,1,90,0,0,0,0,0,0,3.0,2,1,0.0,2,0,51.0,57.0,0.0,0
Fabinho,BRAZIL,MF,28,Liverpool,eng,05 DEC 2022,20 : 00,Round of 16,KOREA REPUBLIC,1,1,90,0,0,0,0,0,0,3.0,2,1,0.0,2,0,51.0,57.0,0.0,0
Fabinho,BRAZIL,MF,28,Liverpool,eng,02 DEC 2022,20 : 00,Group G,CAMEROON,1,1,90,0,0,0,0,0,0,3.0,2,1,0.0,2,0,51.0,57.0,0.0,0
Fabinho,BRAZIL,MF,28,Liverpool,eng,09 DEC 2022,16 : 00,Quarter-final,CROATIA,1,1,90,0,0,0,0,0,0,3.0,2,1,0.0,2,0,51.0,57.0,0.0,0
Alex Telles,BRAZIL,DF,29,Sevilla,es,24 NOV 2022,20 : 00,Group G,SERBIA,2,1,59,0,0,0,0,0,0,2.0,2,0,0.0,1,0,33.0,42.0,0.0,0
Alex Telles,BRAZIL,DF,29,Sevilla,es,28 NOV 2022,17 : 00,Group G,SWITZERLAND,2,1,59,0,0,0,0,0,0,2.0,2,0,0.0,1,0,33.0,42.0,0.0,0
Alex Telles,BRAZIL,DF,29,Sevilla,es,05 DEC 2022,20 : 00,Round of 16,KOREA REPUBLIC,2,1,59,0,0,0,0,0,0,2.0,2,0,0.0,1,0,33.0,42.0,0.0,0
Alex Telles,BRAZIL,DF,29,Sevilla,es,02 DEC 2022,20 : 00,Group G,CAMEROON,2,1,59,0,0,0,0,0,0,2.0,2,0,0.0,1,0,33.0,42.0,0.0,0
Alex Telles,BRAZIL,DF,29,Sevilla,es,09 DEC 2022,16 : 00,Quarter-final,CROATIA,2,1,59,0,0,0,0,0,0,2.0,2,0,0.0,1,0,33.0,42.0,0.0,0
Bruno Guimarães,BRAZIL,MF,24,Newcastle Utd,eng,24 NOV 2022,20 : 00,Group G,SERBIA,2,0,69,0,0,5,2,1,0,0.0,0,0,1.0,2,0,43.0,54.0,2.0,0
Bruno Guimarães,BRAZIL,MF,24,Newcastle Utd,eng,28 NOV 2022,17 : 00,Group G,SWITZERLAND,2,0,69,0,0,5,2,1,0,0.0,0,0,1.0,2,0,43.0,54.0,2.0,0
Bruno Guimarães,BRAZIL,MF,24,Newcastle Utd,eng,05 DEC 2022,20 : 00,Round of 16,KOREA REPUBLIC,2,0,69,0,0,5,2,1,0,0.0,0,0,1.0,2,0,43.0,54.0,2.0,0
Bruno Guimarães,BRAZIL,MF,24,Newcastle Utd,eng,02 DEC 2022,20 : 00,Group G,CAMEROON,2,0,69,0,0,5,2,1,0,0.0,0,0,1.0,2,0,43.0,54.0,2.0,0
Bruno Guimarães,BRAZIL,MF,24,Newcastle Utd,eng,09 DEC 2022,16 : 00,Quarter-final,CROATIA,2,0,69,0,0,5,2,1,0,0.0,0,0,1.0,2,0,43.0,54.0,2.0,0
Pedro,BRAZIL,FW,24,Flamengo,br,24 NOV 2022,20 : 00,Group G,SERBIA,2,0,64,0,0,4,1,0,0,2.0,2,1,0.0,2,0,10.0,13.0,0.0,0
Pedro,BRAZIL,FW,24,Flamengo,br,28 NOV 2022,17 : 00,Group G,SWITZERLAND,2,0,64,0,0,4,1,0,0,2.0,2,1,0.0,2,0,10.0,13.0,0.0,0
Pedro,BRAZIL,FW,24,Flamengo,br,05 DEC 2022,20 : 00,Round of 16,KOREA REPUBLIC,2,0,64,0,0,4,1,0,0,2.0,2,1,0.0,2,0,10.0,13.0,0.0,0
Pedro,BRAZIL,FW,24,Flamengo,br,02 DEC 2022,20 : 00,Group G,CAMEROON,2,0,64,0,0,4,1,0,0,2.0,2,1,0.0,2,0,10.0,13.0,0.0,0
Pedro,BRAZIL,FW,24,Flamengo,br,09 DEC 2022,16 : 00,Quarter-final,CROATIA,2,0,64,0,0,4,1,0,0,2.0,2,1,0.0,2,0,10.0,13.0,0.0,0
Everton Ribeiro,BRAZIL,MF,33,Flamengo,br,24 NOV 2022,20 : 00,Group G,SERBIA,1,0,36,0,0,0,0,0,0,1.0,0,0,0.0,0,0,15.0,18.0,0.0,0
Everton Ribeiro,BRAZIL,MF,33,Flamengo,br,28 NOV 2022,17 : 00,Group G,SWITZERLAND,1,0,36,0,0,0,0,0,0,1.0,0,0,0.0,0,0,15.0,18.0,0.0,0
Everton Ribeiro,BRAZIL,MF,33,Flamengo,br,05 DEC 2022,20 : 00,Round of 16,KOREA REPUBLIC,1,0,36,0,0,0,0,0,0,1.0,0,0,0.0,0,0,15.0,18.0,0.0,0
Everton Ribeiro,BRAZIL,MF,33,Flamengo,br,02 DEC 2022,20 : 00,Group G,CAMEROON,1,0,36,0,0,0,0,0,0,1.0,0,0,0.0,0,0,15.0,18.0,0.0,0
Everton Ribeiro,BRAZIL,MF,33,Flamengo,br,09 DEC 2022,16 : 00,Quarter-final,CROATIA,1,0,36,0,0,0,0,0,0,1.0,0,0,0.0,0,0,15.0,18.0,0.0,0
Wéverton,BRAZIL,GK,34,Palmeiras,br,24 NOV 2022,20 : 00,Group G,SERBIA,1,0,11,0,0,0,0,0,0,0.0,0,0,0.0,0,0,3.0,5.0,0.0,0
Wéverton,BRAZIL,GK,34,Palmeiras,br,28 NOV 2022,17 : 00,Group G,SWITZERLAND,1,0,11,0,0,0,0,0,0,0.0,0,0,0.0,0,0,3.0,5.0,0.0,0
Wéverton,BRAZIL,GK,34,Palmeiras,br,05 DEC 2022,20 : 00,Round of 16,KOREA REPUBLIC,1,0,11,0,0,0,0,0,0,0.0,0,0,0.0,0,0,3.0,5.0,0.0,0
Wéverton,BRAZIL,GK,34,Palmeiras,br,02 DEC 2022,20 : 00,Group G,CAMEROON,1,0,11,0,0,0,0,0,0,0.0,0,0,0.0,0,0,3.0,5.0,0.0,0
Wéverton,BRAZIL,GK,34,Palmeiras,br,09 DEC 2022,16 : 00,Quarter-final,CROATIA,1,0,11,0,0,0,0,0,0,0.0,0,0,0.0,0,0,3.0,5.0,0.0,0
Diogo Costa,PORTUGAL,GK,22,Porto,pt,24 NOV 2022,17 : 00,Group H,GHANA,5,5,450,0,0,0,0,0,0,1.0,0,0,0.0,0,0,113.0,160.0,0.0,0
Diogo Costa,PORTUGAL,GK,22,Porto,pt,28 NOV 2022,20 : 00,Group H,URUGUAY,5,5,450,0,0,0,0,0,0,1.0,0,0,0.0,0,0,113.0,160.0,0.0,0
Diogo Costa,PORTUGAL,GK,22,Porto,pt,06 DEC 2022,20 : 00,Round of 16,SWITZERLAND,5,5,450,0,0,0,0,0,0,1.0,0,0,0.0,0,0,113.0,160.0,0.0,0
Diogo Costa,PORTUGAL,GK,22,Porto,pt,02 DEC 2022,16 : 00,Group H,KOREA REPUBLIC,5,5,450,0,0,0,0,0,0,1.0,0,0,0.0,0,0,113.0,160.0,0.0,0
Diogo Costa,PORTUGAL,GK,22,Porto,pt,10 DEC 2022,16 : 00,Quarter-final,MOROCCO,5,5,450,0,0,0,0,0,0,1.0,0,0,0.0,0,0,113.0,160.0,0.0,0
Rúben Dias,PORTUGAL,DF,25,Manchester City,eng,24 NOV 2022,17 : 00,Group H,GHANA,4,4,360,0,0,1,0,1,0,4.0,4,3,2.0,4,0,248.0,274.0,0.0,0
Rúben Dias,PORTUGAL,DF,25,Manchester City,eng,28 NOV 2022,20 : 00,Group H,URUGUAY,4,4,360,0,0,1,0,1,0,4.0,4,3,2.0,4,0,248.0,274.0,0.0,0
Rúben Dias,PORTUGAL,DF,25,Manchester City,eng,06 DEC 2022,20 : 00,Round of 16,SWITZERLAND,4,4,360,0,0,1,0,1,0,4.0,4,3,2.0,4,0,248.0,274.0,0.0,0
Rúben Dias,PORTUGAL,DF,25,Manchester City,eng,02 DEC 2022,16 : 00,Group H,KOREA REPUBLIC,4,4,360,0,0,1,0,1,0,4.0,4,3,2.0,4,0,248.0,274.0,0.0,0
Rúben Dias,PORTUGAL,DF,25,Manchester City,eng,10 DEC 2022,16 : 00,Quarter-final,MOROCCO,4,4,360,0,0,1,0,1,0,4.0,4,3,2.0,4,0,248.0,274.0,0.0,0
Pepe,PORTUGAL,DF,39,Porto,pt,24 NOV 2022,17 : 00,Group H,GHANA,4,4,360,1,0,3,1,0,0,5.0,0,6,6.0,3,0,243.0,295.0,1.0,1
Pepe,PORTUGAL,DF,39,Porto,pt,28 NOV 2022,20 : 00,Group H,URUGUAY,4,4,360,1,0,3,1,0,0,5.0,0,6,6.0,3,0,243.0,295.0,1.0,1
Pepe,PORTUGAL,DF,39,Porto,pt,06 DEC 2022,20 : 00,Round of 16,SWITZERLAND,4,4,360,1,0,3,1,0,0,5.0,0,6,6.0,3,0,243.0,295.0,1.0,1
Pepe,PORTUGAL,DF,39,Porto,pt,02 DEC 2022,16 : 00,Group H,KOREA REPUBLIC,4,4,360,1,0,3,1,0,0,5.0,0,6,6.0,3,0,243.0,295.0,1.0,1
Pepe,PORTUGAL,DF,39,Porto,pt,10 DEC 2022,16 : 00,Quarter-final,MOROCCO,4,4,360,1,0,3,1,0,0,5.0,0,6,6.0,3,0,243.0,295.0,1.0,1
Bruno Fernandes,PORTUGAL,"FW,MF",27,Manchester Utd,eng,24 NOV 2022,17 : 00,Group H,GHANA,4,4,356,2,3,7,2,1,0,4.0,3,2,7.0,2,0,188.0,233.0,3.0,1
Bruno Fernandes,PORTUGAL,"FW,MF",27,Manchester Utd,eng,28 NOV 2022,20 : 00,Group H,URUGUAY,4,4,356,2,3,7,2,1,0,4.0,3,2,7.0,2,0,188.0,233.0,3.0,1
Bruno Fernandes,PORTUGAL,"FW,MF",27,Manchester Utd,eng,06 DEC 2022,20 : 00,Round of 16,SWITZERLAND,4,4,356,2,3,7,2,1,0,4.0,3,2,7.0,2,0,188.0,233.0,3.0,1
Bruno Fernandes,PORTUGAL,"FW,MF",27,Manchester Utd,eng,02 DEC 2022,16 : 00,Group H,KOREA REPUBLIC,4,4,356,2,3,7,2,1,0,4.0,3,2,7.0,2,0,188.0,233.0,3.0,1
Bruno Fernandes,PORTUGAL,"FW,MF",27,Manchester Utd,eng,10 DEC 2022,16 : 00,Quarter-final,MOROCCO,4,4,356,2,3,7,2,1,0,4.0,3,2,7.0,2,0,188.0,233.0,3.0,1
Bernardo Silva,PORTUGAL,MF,27,Manchester City,eng,24 NOV 2022,17 : 00,Group H,GHANA,5,4,356,0,0,1,0,0,0,2.0,2,2,3.0,1,0,256.0,292.0,1.0,0
Bernardo Silva,PORTUGAL,MF,27,Manchester City,eng,28 NOV 2022,20 : 00,Group H,URUGUAY,5,4,356,0,0,1,0,0,0,2.0,2,2,3.0,1,0,256.0,292.0,1.0,0
Bernardo Silva,PORTUGAL,MF,27,Manchester City,eng,06 DEC 2022,20 : 00,Round of 16,SWITZERLAND,5,4,356,0,0,1,0,0,0,2.0,2,2,3.0,1,0,256.0,292.0,1.0,0
Bernardo Silva,PORTUGAL,MF,27,Manchester City,eng,02 DEC 2022,16 : 00,Group H,KOREA REPUBLIC,5,4,356,0,0,1,0,0,0,2.0,2,2,3.0,1,0,256.0,292.0,1.0,0
Bernardo Silva,PORTUGAL,MF,27,Manchester City,eng,10 DEC 2022,16 : 00,Quarter-final,MOROCCO,5,4,356,0,0,1,0,0,0,2.0,2,2,3.0,1,0,256.0,292.0,1.0,0
João Félix,PORTUGAL,FW,22,Atlético Madrid,es,24 NOV 2022,17 : 00,Group H,GHANA,4,4,331,1,2,11,3,1,0,4.0,2,1,0.0,8,0,91.0,122.0,2.0,1
João Félix,PORTUGAL,FW,22,Atlético Madrid,es,28 NOV 2022,20 : 00,Group H,URUGUAY,4,4,331,1,2,11,3,1,0,4.0,2,1,0.0,8,0,91.0,122.0,2.0,1
João Félix,PORTUGAL,FW,22,Atlético Madrid,es,06 DEC 2022,20 : 00,Round of 16,SWITZERLAND,4,4,331,1,2,11,3,1,0,4.0,2,1,0.0,8,0,91.0,122.0,2.0,1
João Félix,PORTUGAL,FW,22,Atlético Madrid,es,02 DEC 2022,16 : 00,Group H,KOREA REPUBLIC,4,4,331,1,2,11,3,1,0,4.0,2,1,0.0,8,0,91.0,122.0,2.0,1
João Félix,PORTUGAL,FW,22,Atlético Madrid,es,10 DEC 2022,16 : 00,Quarter-final,MOROCCO,4,4,331,1,2,11,3,1,0,4.0,2,1,0.0,8,0,91.0,122.0,2.0,1
Rúben Neves,PORTUGAL,MF,25,Wolves,eng,24 NOV 2022,17 : 00,Group H,GHANA,5,4,268,0,0,2,0,1,0,2.0,1,3,3.0,5,0,235.0,257.0,0.0,0
Rúben Neves,PORTUGAL,MF,25,Wolves,eng,28 NOV 2022,20 : 00,Group H,URUGUAY,5,4,268,0,0,2,0,1,0,2.0,1,3,3.0,5,0,235.0,257.0,0.0,0
Rúben Neves,PORTUGAL,MF,25,Wolves,eng,06 DEC 2022,20 : 00,Round of 16,SWITZERLAND,5,4,268,0,0,2,0,1,0,2.0,1,3,3.0,5,0,235.0,257.0,0.0,0
Rúben Neves,PORTUGAL,MF,25,Wolves,eng,02 DEC 2022,16 : 00,Group H,KOREA REPUBLIC,5,4,268,0,0,2,0,1,0,2.0,1,3,3.0,5,0,235.0,257.0,0.0,0
Rúben Neves,PORTUGAL,MF,25,Wolves,eng,10 DEC 2022,16 : 00,Quarter-final,MOROCCO,5,4,268,0,0,2,0,1,0,2.0,1,3,3.0,5,0,235.0,257.0,0.0,0
João Cancelo,PORTUGAL,DF,28,Manchester City,eng,24 NOV 2022,17 : 00,Group H,GHANA,4,3,310,0,0,2,1,0,0,7.0,3,2,1.0,2,0,221.0,271.0,4.0,1
João Cancelo,PORTUGAL,DF,28,Manchester City,eng,28 NOV 2022,20 : 00,Group H,URUGUAY,4,3,310,0,0,2,1,0,0,7.0,3,2,1.0,2,0,221.0,271.0,4.0,1
João Cancelo,PORTUGAL,DF,28,Manchester City,eng,06 DEC 2022,20 : 00,Round of 16,SWITZERLAND,4,3,310,0,0,2,1,0,0,7.0,3,2,1.0,2,0,221.0,271.0,4.0,1
João Cancelo,PORTUGAL,DF,28,Manchester City,eng,02 DEC 2022,16 : 00,Group H,KOREA REPUBLIC,4,3,310,0,0,2,1,0,0,7.0,3,2,1.0,2,0,221.0,271.0,4.0,1
João Cancelo,PORTUGAL,DF,28,Manchester City,eng,10 DEC 2022,16 : 00,Quarter-final,MOROCCO,4,3,310,0,0,2,1,0,0,7.0,3,2,1.0,2,0,221.0,271.0,4.0,1
Cristiano Ronaldo,PORTUGAL,FW,37,Manchester Utd,eng,24 NOV 2022,17 : 00,Group H,GHANA,5,3,290,1,0,10,2,0,0,0.0,0,0,0.0,2,0,68.0,90.0,0.0,7
Cristiano Ronaldo,PORTUGAL,FW,37,Manchester Utd,eng,28 NOV 2022,20 : 00,Group H,URUGUAY,5,3,290,1,0,10,2,0,0,0.0,0,0,0.0,2,0,68.0,90.0,0.0,7
Cristiano Ronaldo,PORTUGAL,FW,37,Manchester Utd,eng,06 DEC 2022,20 : 00,Round of 16,SWITZERLAND,5,3,290,1,0,10,2,0,0,0.0,0,0,0.0,2,0,68.0,90.0,0.0,7
Cristiano Ronaldo,PORTUGAL,FW,37,Manchester Utd,eng,02 DEC 2022,16 : 00,Group H,KOREA REPUBLIC,5,3,290,1,0,10,2,0,0,0.0,0,0,0.0,2,0,68.0,90.0,0.0,7
Cristiano Ronaldo,PORTUGAL,FW,37,Manchester Utd,eng,10 DEC 2022,16 : 00,Quarter-final,MOROCCO,5,3,290,1,0,10,2,0,0,0.0,0,0,0.0,2,0,68.0,90.0,0.0,7
Raphaël Guerreiro,PORTUGAL,DF,28,Dortmund,de,24 NOV 2022,17 : 00,Group H,GHANA,4,3,279,1,2,3,1,0,0,3.0,2,3,3.0,2,0,156.0,185.0,2.0,0
Raphaël Guerreiro,PORTUGAL,DF,28,Dortmund,de,28 NOV 2022,20 : 00,Group H,URUGUAY,4,3,279,1,2,3,1,0,0,3.0,2,3,3.0,2,0,156.0,185.0,2.0,0
Raphaël Guerreiro,PORTUGAL,DF,28,Dortmund,de,06 DEC 2022,20 : 00,Round of 16,SWITZERLAND,4,3,279,1,2,3,1,0,0,3.0,2,3,3.0,2,0,156.0,185.0,2.0,0
Raphaël Guerreiro,PORTUGAL,DF,28,Dortmund,de,02 DEC 2022,16 : 00,Group H,KOREA REPUBLIC,4,3,279,1,2,3,1,0,0,3.0,2,3,3.0,2,0,156.0,185.0,2.0,0
Raphaël Guerreiro,PORTUGAL,DF,28,Dortmund,de,10 DEC 2022,16 : 00,Quarter-final,MOROCCO,4,3,279,1,2,3,1,0,0,3.0,2,3,3.0,2,0,156.0,185.0,2.0,0
Diogo Dalot,PORTUGAL,DF,23,Manchester Utd,eng,24 NOV 2022,17 : 00,Group H,GHANA,3,3,258,0,2,1,1,0,0,8.0,6,2,7.0,1,0,112.0,147.0,1.0,0
Diogo Dalot,PORTUGAL,DF,23,Manchester Utd,eng,28 NOV 2022,20 : 00,Group H,URUGUAY,3,3,258,0,2,1,1,0,0,8.0,6,2,7.0,1,0,112.0,147.0,1.0,0
Diogo Dalot,PORTUGAL,DF,23,Manchester Utd,eng,06 DEC 2022,20 : 00,Round of 16,SWITZERLAND,3,3,258,0,2,1,1,0,0,8.0,6,2,7.0,1,0,112.0,147.0,1.0,0
Diogo Dalot,PORTUGAL,DF,23,Manchester Utd,eng,02 DEC 2022,16 : 00,Group H,KOREA REPUBLIC,3,3,258,0,2,1,1,0,0,8.0,6,2,7.0,1,0,112.0,147.0,1.0,0
Diogo Dalot,PORTUGAL,DF,23,Manchester Utd,eng,10 DEC 2022,16 : 00,Quarter-final,MOROCCO,3,3,258,0,2,1,1,0,0,8.0,6,2,7.0,1,0,112.0,147.0,1.0,0
Otávio,PORTUGAL,MF,27,Porto,pt,24 NOV 2022,17 : 00,Group H,GHANA,3,3,196,0,0,3,2,0,0,7.0,7,1,0.0,6,0,98.0,127.0,0.0,0
Otávio,PORTUGAL,MF,27,Porto,pt,28 NOV 2022,20 : 00,Group H,URUGUAY,3,3,196,0,0,3,2,0,0,7.0,7,1,0.0,6,0,98.0,127.0,0.0,0
Otávio,PORTUGAL,MF,27,Porto,pt,06 DEC 2022,20 : 00,Round of 16,SWITZERLAND,3,3,196,0,0,3,2,0,0,7.0,7,1,0.0,6,0,98.0,127.0,0.0,0
Otávio,PORTUGAL,MF,27,Porto,pt,02 DEC 2022,16 : 00,Group H,KOREA REPUBLIC,3,3,196,0,0,3,2,0,0,7.0,7,1,0.0,6,0,98.0,127.0,0.0,0
Otávio,PORTUGAL,MF,27,Porto,pt,10 DEC 2022,16 : 00,Quarter-final,MOROCCO,3,3,196,0,0,3,2,0,0,7.0,7,1,0.0,6,0,98.0,127.0,0.0,0
William Carvalho,PORTUGAL,MF,30,Betis,es,24 NOV 2022,17 : 00,Group H,GHANA,4,2,215,0,0,1,0,0,0,6.0,5,0,2.0,3,0,156.0,170.0,0.0,0
William Carvalho,PORTUGAL,MF,30,Betis,es,28 NOV 2022,20 : 00,Group H,URUGUAY,4,2,215,0,0,1,0,0,0,6.0,5,0,2.0,3,0,156.0,170.0,0.0,0
William Carvalho,PORTUGAL,MF,30,Betis,es,06 DEC 2022,20 : 00,Round of 16,SWITZERLAND,4,2,215,0,0,1,0,0,0,6.0,5,0,2.0,3,0,156.0,170.0,0.0,0
William Carvalho,PORTUGAL,MF,30,Betis,es,02 DEC 2022,16 : 00,Group H,KOREA REPUBLIC,4,2,215,0,0,1,0,0,0,6.0,5,0,2.0,3,0,156.0,170.0,0.0,0
William Carvalho,PORTUGAL,MF,30,Betis,es,10 DEC 2022,16 : 00,Quarter-final,MOROCCO,4,2,215,0,0,1,0,0,0,6.0,5,0,2.0,3,0,156.0,170.0,0.0,0
Gonçalo Ramos,PORTUGAL,"FW,MF",20,Benfica,pt,24 NOV 2022,17 : 00,Group H,GHANA,4,2,152,3,1,7,5,0,0,1.0,1,0,0.0,2,0,25.0,31.0,0.0,3
Gonçalo Ramos,PORTUGAL,"FW,MF",20,Benfica,pt,28 NOV 2022,20 : 00,Group H,URUGUAY,4,2,152,3,1,7,5,0,0,1.0,1,0,0.0,2,0,25.0,31.0,0.0,3
Gonçalo Ramos,PORTUGAL,"FW,MF",20,Benfica,pt,06 DEC 2022,20 : 00,Round of 16,SWITZERLAND,4,2,152,3,1,7,5,0,0,1.0,1,0,0.0,2,0,25.0,31.0,0.0,3
Gonçalo Ramos,PORTUGAL,"FW,MF",20,Benfica,pt,02 DEC 2022,16 : 00,Group H,KOREA REPUBLIC,4,2,152,3,1,7,5,0,0,1.0,1,0,0.0,2,0,25.0,31.0,0.0,3
Gonçalo Ramos,PORTUGAL,"FW,MF",20,Benfica,pt,10 DEC 2022,16 : 00,Quarter-final,MOROCCO,4,2,152,3,1,7,5,0,0,1.0,1,0,0.0,2,0,25.0,31.0,0.0,3
Vitinha,PORTUGAL,MF,22,Paris S-G,fr,24 NOV 2022,17 : 00,Group H,GHANA,3,1,120,0,0,2,2,1,0,3.0,2,1,0.0,1,0,100.0,108.0,1.0,0
Vitinha,PORTUGAL,MF,22,Paris S-G,fr,28 NOV 2022,20 : 00,Group H,URUGUAY,3,1,120,0,0,2,2,1,0,3.0,2,1,0.0,1,0,100.0,108.0,1.0,0
Vitinha,PORTUGAL,MF,22,Paris S-G,fr,06 DEC 2022,20 : 00,Round of 16,SWITZERLAND,3,1,120,0,0,2,2,1,0,3.0,2,1,0.0,1,0,100.0,108.0,1.0,0
Vitinha,PORTUGAL,MF,22,Paris S-G,fr,02 DEC 2022,16 : 00,Group H,KOREA REPUBLIC,3,1,120,0,0,2,2,1,0,3.0,2,1,0.0,1,0,100.0,108.0,1.0,0
Vitinha,PORTUGAL,MF,22,Paris S-G,fr,10 DEC 2022,16 : 00,Quarter-final,MOROCCO,3,1,120,0,0,2,2,1,0,3.0,2,1,0.0,1,0,100.0,108.0,1.0,0
Ricardo Horta,PORTUGAL,FW,27,Braga,pt,24 NOV 2022,17 : 00,Group H,GHANA,3,1,119,1,0,3,2,0,0,2.0,1,1,1.0,3,0,31.0,46.0,0.0,0
Ricardo Horta,PORTUGAL,FW,27,Braga,pt,28 NOV 2022,20 : 00,Group H,URUGUAY,3,1,119,1,0,3,2,0,0,2.0,1,1,1.0,3,0,31.0,46.0,0.0,0
Ricardo Horta,PORTUGAL,FW,27,Braga,pt,06 DEC 2022,20 : 00,Round of 16,SWITZERLAND,3,1,119,1,0,3,2,0,0,2.0,1,1,1.0,3,0,31.0,46.0,0.0,0
Ricardo Horta,PORTUGAL,FW,27,Braga,pt,02 DEC 2022,16 : 00,Group H,KOREA REPUBLIC,3,1,119,1,0,3,2,0,0,2.0,1,1,1.0,3,0,31.0,46.0,0.0,0
Ricardo Horta,PORTUGAL,FW,27,Braga,pt,10 DEC 2022,16 : 00,Quarter-final,MOROCCO,3,1,119,1,0,3,2,0,0,2.0,1,1,1.0,3,0,31.0,46.0,0.0,0
Danilo Pereira,PORTUGAL,DF,30,Paris S-G,fr,24 NOV 2022,17 : 00,Group H,GHANA,1,1,90,0,0,0,0,1,0,2.0,2,3,1.0,1,0,68.0,78.0,1.0,0
Danilo Pereira,PORTUGAL,DF,30,Paris S-G,fr,28 NOV 2022,20 : 00,Group H,URUGUAY,1,1,90,0,0,0,0,1,0,2.0,2,3,1.0,1,0,68.0,78.0,1.0,0
Danilo Pereira,PORTUGAL,DF,30,Paris S-G,fr,06 DEC 2022,20 : 00,Round of 16,SWITZERLAND,1,1,90,0,0,0,0,1,0,2.0,2,3,1.0,1,0,68.0,78.0,1.0,0
Danilo Pereira,PORTUGAL,DF,30,Paris S-G,fr,02 DEC 2022,16 : 00,Group H,KOREA REPUBLIC,1,1,90,0,0,0,0,1,0,2.0,2,3,1.0,1,0,68.0,78.0,1.0,0
Danilo Pereira,PORTUGAL,DF,30,Paris S-G,fr,10 DEC 2022,16 : 00,Quarter-final,MOROCCO,1,1,90,0,0,0,0,1,0,2.0,2,3,1.0,1,0,68.0,78.0,1.0,0
António Silva,PORTUGAL,DF,18,Benfica,pt,24 NOV 2022,17 : 00,Group H,GHANA,1,1,90,0,0,0,0,0,0,1.0,1,1,2.0,2,0,60.0,62.0,0.0,0
António Silva,PORTUGAL,DF,18,Benfica,pt,28 NOV 2022,20 : 00,Group H,URUGUAY,1,1,90,0,0,0,0,0,0,1.0,1,1,2.0,2,0,60.0,62.0,0.0,0
António Silva,PORTUGAL,DF,18,Benfica,pt,06 DEC 2022,20 : 00,Round of 16,SWITZERLAND,1,1,90,0,0,0,0,0,0,1.0,1,1,2.0,2,0,60.0,62.0,0.0,0
António Silva,PORTUGAL,DF,18,Benfica,pt,02 DEC 2022,16 : 00,Group H,KOREA REPUBLIC,1,1,90,0,0,0,0,0,0,1.0,1,1,2.0,2,0,60.0,62.0,0.0,0
António Silva,PORTUGAL,DF,18,Benfica,pt,10 DEC 2022,16 : 00,Quarter-final,MOROCCO,1,1,90,0,0,0,0,0,0,1.0,1,1,2.0,2,0,60.0,62.0,0.0,0
João Mário,PORTUGAL,"FW,MF",29,Benfica,pt,24 NOV 2022,17 : 00,Group H,GHANA,2,1,84,0,0,0,0,0,0,2.0,1,0,2.0,0,0,37.0,40.0,0.0,0
João Mário,PORTUGAL,"FW,MF",29,Benfica,pt,28 NOV 2022,20 : 00,Group H,URUGUAY,2,1,84,0,0,0,0,0,0,2.0,1,0,2.0,0,0,37.0,40.0,0.0,0
João Mário,PORTUGAL,"FW,MF",29,Benfica,pt,06 DEC 2022,20 : 00,Round of 16,SWITZERLAND,2,1,84,0,0,0,0,0,0,2.0,1,0,2.0,0,0,37.0,40.0,0.0,0
João Mário,PORTUGAL,"FW,MF",29,Benfica,pt,02 DEC 2022,16 : 00,Group H,KOREA REPUBLIC,2,1,84,0,0,0,0,0,0,2.0,1,0,2.0,0,0,37.0,40.0,0.0,0
João Mário,PORTUGAL,"FW,MF",29,Benfica,pt,10 DEC 2022,16 : 00,Quarter-final,MOROCCO,2,1,84,0,0,0,0,0,0,2.0,1,0,2.0,0,0,37.0,40.0,0.0,0
Matheus Nunes,PORTUGAL,MF,23,Wolves,eng,24 NOV 2022,17 : 00,Group H,GHANA,2,1,73,0,0,1,0,0,0,0.0,0,0,1.0,2,0,28.0,33.0,1.0,0
Matheus Nunes,PORTUGAL,MF,23,Wolves,eng,28 NOV 2022,20 : 00,Group H,URUGUAY,2,1,73,0,0,1,0,0,0,0.0,0,0,1.0,2,0,28.0,33.0,1.0,0
Matheus Nunes,PORTUGAL,MF,23,Wolves,eng,06 DEC 2022,20 : 00,Round of 16,SWITZERLAND,2,1,73,0,0,1,0,0,0,0.0,0,0,1.0,2,0,28.0,33.0,1.0,0
Matheus Nunes,PORTUGAL,MF,23,Wolves,eng,02 DEC 2022,16 : 00,Group H,KOREA REPUBLIC,2,1,73,0,0,1,0,0,0,0.0,0,0,1.0,2,0,28.0,33.0,1.0,0
Matheus Nunes,PORTUGAL,MF,23,Wolves,eng,10 DEC 2022,16 : 00,Quarter-final,MOROCCO,2,1,73,0,0,1,0,0,0,0.0,0,0,1.0,2,0,28.0,33.0,1.0,0
Nuno Mendes,PORTUGAL,DF,19,Paris S-G,fr,24 NOV 2022,17 : 00,Group H,GHANA,1,1,41,0,0,0,0,0,0,0.0,0,2,1.0,0,0,29.0,32.0,1.0,0
Nuno Mendes,PORTUGAL,DF,19,Paris S-G,fr,28 NOV 2022,20 : 00,Group H,URUGUAY,1,1,41,0,0,0,0,0,0,0.0,0,2,1.0,0,0,29.0,32.0,1.0,0
Nuno Mendes,PORTUGAL,DF,19,Paris S-G,fr,06 DEC 2022,20 : 00,Round of 16,SWITZERLAND,1,1,41,0,0,0,0,0,0,0.0,0,2,1.0,0,0,29.0,32.0,1.0,0
Nuno Mendes,PORTUGAL,DF,19,Paris S-G,fr,02 DEC 2022,16 : 00,Group H,KOREA REPUBLIC,1,1,41,0,0,0,0,0,0,0.0,0,2,1.0,0,0,29.0,32.0,1.0,0
Nuno Mendes,PORTUGAL,DF,19,Paris S-G,fr,10 DEC 2022,16 : 00,Quarter-final,MOROCCO,1,1,41,0,0,0,0,0,0,0.0,0,2,1.0,0,0,29.0,32.0,1.0,0
Rafael Leão,PORTUGAL,FW,23,Milan,it,24 NOV 2022,17 : 00,Group H,GHANA,5,0,88,2,0,5,2,0,0,0.0,0,1,0.0,3,0,32.0,47.0,6.0,0
Rafael Leão,PORTUGAL,FW,23,Milan,it,28 NOV 2022,20 : 00,Group H,URUGUAY,5,0,88,2,0,5,2,0,0,0.0,0,1,0.0,3,0,32.0,47.0,6.0,0
Rafael Leão,PORTUGAL,FW,23,Milan,it,06 DEC 2022,20 : 00,Round of 16,SWITZERLAND,5,0,88,2,0,5,2,0,0,0.0,0,1,0.0,3,0,32.0,47.0,6.0,0
Rafael Leão,PORTUGAL,FW,23,Milan,it,02 DEC 2022,16 : 00,Group H,KOREA REPUBLIC,5,0,88,2,0,5,2,0,0,0.0,0,1,0.0,3,0,32.0,47.0,6.0,0
Rafael Leão,PORTUGAL,FW,23,Milan,it,10 DEC 2022,16 : 00,Quarter-final,MOROCCO,5,0,88,2,0,5,2,0,0,0.0,0,1,0.0,3,0,32.0,47.0,6.0,0
João Palhinha,PORTUGAL,MF,26,Fulham,eng,24 NOV 2022,17 : 00,Group H,GHANA,3,0,38,0,0,1,0,0,0,2.0,1,1,1.0,2,0,26.0,31.0,1.0,0
João Palhinha,PORTUGAL,MF,26,Fulham,eng,28 NOV 2022,20 : 00,Group H,URUGUAY,3,0,38,0,0,1,0,0,0,2.0,1,1,1.0,2,0,26.0,31.0,1.0,0
João Palhinha,PORTUGAL,MF,26,Fulham,eng,06 DEC 2022,20 : 00,Round of 16,SWITZERLAND,3,0,38,0,0,1,0,0,0,2.0,1,1,1.0,2,0,26.0,31.0,1.0,0
João Palhinha,PORTUGAL,MF,26,Fulham,eng,02 DEC 2022,16 : 00,Group H,KOREA REPUBLIC,3,0,38,0,0,1,0,0,0,2.0,1,1,1.0,2,0,26.0,31.0,1.0,0
João Palhinha,PORTUGAL,MF,26,Fulham,eng,10 DEC 2022,16 : 00,Quarter-final,MOROCCO,3,0,38,0,0,1,0,0,0,2.0,1,1,1.0,2,0,26.0,31.0,1.0,0
André Silva,PORTUGAL,FW,26,RB Leipzig,de,24 NOV 2022,17 : 00,Group H,GHANA,1,0,26,0,0,0,0,0,0,0.0,0,0,0.0,0,0,9.0,11.0,0.0,0
André Silva,PORTUGAL,FW,26,RB Leipzig,de,28 NOV 2022,20 : 00,Group H,URUGUAY,1,0,26,0,0,0,0,0,0,0.0,0,0,0.0,0,0,9.0,11.0,0.0,0
André Silva,PORTUGAL,FW,26,RB Leipzig,de,06 DEC 2022,20 : 00,Round of 16,SWITZERLAND,1,0,26,0,0,0,0,0,0,0.0,0,0,0.0,0,0,9.0,11.0,0.0,0
André Silva,PORTUGAL,FW,26,RB Leipzig,de,02 DEC 2022,16 : 00,Group H,KOREA REPUBLIC,1,0,26,0,0,0,0,0,0,0.0,0,0,0.0,0,0,9.0,11.0,0.0,0
André Silva,PORTUGAL,FW,26,RB Leipzig,de,10 DEC 2022,16 : 00,Quarter-final,MOROCCO,1,0,26,0,0,0,0,0,0,0.0,0,0,0.0,0,0,9.0,11.0,0.0,0
Shūichi Gonda,JAPAN,GK,33,S-Pulse,jp,27 NOV 2022,11 : 00,Group E,COSTA RICA,4,4,390,0,0,0,0,0,0,0.0,0,0,0.0,1,0,68.0,113.0,0.0,0
Shūichi Gonda,JAPAN,GK,33,S-Pulse,jp,01 DEC 2022,20 : 00,Group E,SPAIN,4,4,390,0,0,0,0,0,0,0.0,0,0,0.0,1,0,68.0,113.0,0.0,0
Shūichi Gonda,JAPAN,GK,33,S-Pulse,jp,05 DEC 2022,16 : 00,Round of 16,CROATIA,4,4,390,0,0,0,0,0,0,0.0,0,0,0.0,1,0,68.0,113.0,0.0,0
Shūichi Gonda,JAPAN,GK,33,S-Pulse,jp,23 NOV 2022,14 : 00,Group E,GERMANY,4,4,390,0,0,0,0,0,0,0.0,0,0,0.0,1,0,68.0,113.0,0.0,0
Maya Yoshida,JAPAN,DF,33,Schalke 04,de,27 NOV 2022,11 : 00,Group E,COSTA RICA,4,4,390,0,1,0,0,1,0,4.0,4,3,6.0,3,0,198.0,232.0,1.0,0
Maya Yoshida,JAPAN,DF,33,Schalke 04,de,01 DEC 2022,20 : 00,Group E,SPAIN,4,4,390,0,1,0,0,1,0,4.0,4,3,6.0,3,0,198.0,232.0,1.0,0
Maya Yoshida,JAPAN,DF,33,Schalke 04,de,05 DEC 2022,16 : 00,Round of 16,CROATIA,4,4,390,0,1,0,0,1,0,4.0,4,3,6.0,3,0,198.0,232.0,1.0,0
Maya Yoshida,JAPAN,DF,33,Schalke 04,de,23 NOV 2022,14 : 00,Group E,GERMANY,4,4,390,0,1,0,0,1,0,4.0,4,3,6.0,3,0,198.0,232.0,1.0,0
Daichi Kamada,JAPAN,"FW,MF",25,Eint Frankfurt,de,27 NOV 2022,11 : 00,Group E,COSTA RICA,4,4,322,0,0,6,1,0,0,7.0,3,0,3.0,1,0,83.0,104.0,3.0,3
Daichi Kamada,JAPAN,"FW,MF",25,Eint Frankfurt,de,01 DEC 2022,20 : 00,Group E,SPAIN,4,4,322,0,0,6,1,0,0,7.0,3,0,3.0,1,0,83.0,104.0,3.0,3
Daichi Kamada,JAPAN,"FW,MF",25,Eint Frankfurt,de,05 DEC 2022,16 : 00,Round of 16,CROATIA,4,4,322,0,0,6,1,0,0,7.0,3,0,3.0,1,0,83.0,104.0,3.0,3
Daichi Kamada,JAPAN,"FW,MF",25,Eint Frankfurt,de,23 NOV 2022,14 : 00,Group E,GERMANY,4,4,322,0,0,6,1,0,0,7.0,3,0,3.0,1,0,83.0,104.0,3.0,3
Yuto Nagatomo,JAPAN,"MF,DF",35,FC Tokyo,jp,27 NOV 2022,11 : 00,Group E,COSTA RICA,4,4,209,0,0,0,0,0,0,4.0,2,0,2.0,6,0,78.0,109.0,3.0,0
Yuto Nagatomo,JAPAN,"MF,DF",35,FC Tokyo,jp,01 DEC 2022,20 : 00,Group E,SPAIN,4,4,209,0,0,0,0,0,0,4.0,2,0,2.0,6,0,78.0,109.0,3.0,0
Yuto Nagatomo,JAPAN,"MF,DF",35,FC Tokyo,jp,05 DEC 2022,16 : 00,Round of 16,CROATIA,4,4,209,0,0,0,0,0,0,4.0,2,0,2.0,6,0,78.0,109.0,3.0,0
Yuto Nagatomo,JAPAN,"MF,DF",35,FC Tokyo,jp,23 NOV 2022,14 : 00,Group E,GERMANY,4,4,209,0,0,0,0,0,0,4.0,2,0,2.0,6,0,78.0,109.0,3.0,0
Junya Ito,JAPAN,"MF,FW",29,Reims,fr,27 NOV 2022,11 : 00,Group E,COSTA RICA,4,3,324,0,1,2,1,0,0,7.0,4,5,4.0,0,0,59.0,97.0,2.0,1
Junya Ito,JAPAN,"MF,FW",29,Reims,fr,01 DEC 2022,20 : 00,Group E,SPAIN,4,3,324,0,1,2,1,0,0,7.0,4,5,4.0,0,0,59.0,97.0,2.0,1
Junya Ito,JAPAN,"MF,FW",29,Reims,fr,05 DEC 2022,16 : 00,Round of 16,CROATIA,4,3,324,0,1,2,1,0,0,7.0,4,5,4.0,0,0,59.0,97.0,2.0,1
Junya Ito,JAPAN,"MF,FW",29,Reims,fr,23 NOV 2022,14 : 00,Group E,GERMANY,4,3,324,0,1,2,1,0,0,7.0,4,5,4.0,0,0,59.0,97.0,2.0,1
Wataru Endo,JAPAN,MF,29,Stuttgart,de,27 NOV 2022,11 : 00,Group E,COSTA RICA,4,3,304,0,0,6,1,1,0,8.0,4,3,8.0,7,0,155.0,192.0,1.0,0
Wataru Endo,JAPAN,MF,29,Stuttgart,de,01 DEC 2022,20 : 00,Group E,SPAIN,4,3,304,0,0,6,1,1,0,8.0,4,3,8.0,7,0,155.0,192.0,1.0,0
Wataru Endo,JAPAN,MF,29,Stuttgart,de,05 DEC 2022,16 : 00,Round of 16,CROATIA,4,3,304,0,0,6,1,1,0,8.0,4,3,8.0,7,0,155.0,192.0,1.0,0
Wataru Endo,JAPAN,MF,29,Stuttgart,de,23 NOV 2022,14 : 00,Group E,GERMANY,4,3,304,0,0,6,1,1,0,8.0,4,3,8.0,7,0,155.0,192.0,1.0,0
Hidemasa Morita,JAPAN,MF,27,Sporting CP,pt,27 NOV 2022,11 : 00,Group E,COSTA RICA,3,3,285,0,0,3,1,0,0,0.0,0,3,9.0,4,0,129.0,157.0,0.0,0
Hidemasa Morita,JAPAN,MF,27,Sporting CP,pt,01 DEC 2022,20 : 00,Group E,SPAIN,3,3,285,0,0,3,1,0,0,0.0,0,3,9.0,4,0,129.0,157.0,0.0,0
Hidemasa Morita,JAPAN,MF,27,Sporting CP,pt,05 DEC 2022,16 : 00,Round of 16,CROATIA,3,3,285,0,0,3,1,0,0,0.0,0,3,9.0,4,0,129.0,157.0,0.0,0
Hidemasa Morita,JAPAN,MF,27,Sporting CP,pt,23 NOV 2022,14 : 00,Group E,GERMANY,3,3,285,0,0,3,1,0,0,0.0,0,3,9.0,4,0,129.0,157.0,0.0,0
Ko Itakura,JAPAN,DF,25,M'Gladbach,de,27 NOV 2022,11 : 00,Group E,COSTA RICA,3,3,270,0,1,3,1,2,0,9.0,5,4,1.0,5,0,98.0,111.0,0.0,0
Ko Itakura,JAPAN,DF,25,M'Gladbach,de,01 DEC 2022,20 : 00,Group E,SPAIN,3,3,270,0,1,3,1,2,0,9.0,5,4,1.0,5,0,98.0,111.0,0.0,0
Ko Itakura,JAPAN,DF,25,M'Gladbach,de,05 DEC 2022,16 : 00,Round of 16,CROATIA,3,3,270,0,1,3,1,2,0,9.0,5,4,1.0,5,0,98.0,111.0,0.0,0
Ko Itakura,JAPAN,DF,25,M'Gladbach,de,23 NOV 2022,14 : 00,Group E,GERMANY,3,3,270,0,1,3,1,2,0,9.0,5,4,1.0,5,0,98.0,111.0,0.0,0
Daizen Maeda,JAPAN,FW,24,Celtic,sct,27 NOV 2022,11 : 00,Group E,COSTA RICA,3,3,180,1,0,2,1,0,0,3.0,2,3,4.0,2,0,8.0,17.0,0.0,2
Daizen Maeda,JAPAN,FW,24,Celtic,sct,01 DEC 2022,20 : 00,Group E,SPAIN,3,3,180,1,0,2,1,0,0,3.0,2,3,4.0,2,0,8.0,17.0,0.0,2
Daizen Maeda,JAPAN,FW,24,Celtic,sct,05 DEC 2022,16 : 00,Round of 16,CROATIA,3,3,180,1,0,2,1,0,0,3.0,2,3,4.0,2,0,8.0,17.0,0.0,2
Daizen Maeda,JAPAN,FW,24,Celtic,sct,23 NOV 2022,14 : 00,Group E,GERMANY,3,3,180,1,0,2,1,0,0,3.0,2,3,4.0,2,0,8.0,17.0,0.0,2
Ritsu Doan,JAPAN,FW,23,Freiburg,de,27 NOV 2022,11 : 00,Group E,COSTA RICA,4,2,217,2,0,4,3,0,0,6.0,5,3,4.0,3,0,36.0,56.0,4.0,0
Ritsu Doan,JAPAN,FW,23,Freiburg,de,01 DEC 2022,20 : 00,Group E,SPAIN,4,2,217,2,0,4,3,0,0,6.0,5,3,4.0,3,0,36.0,56.0,4.0,0
Ritsu Doan,JAPAN,FW,23,Freiburg,de,05 DEC 2022,16 : 00,Round of 16,CROATIA,4,2,217,2,0,4,3,0,0,6.0,5,3,4.0,3,0,36.0,56.0,4.0,0
Ritsu Doan,JAPAN,FW,23,Freiburg,de,23 NOV 2022,14 : 00,Group E,GERMANY,4,2,217,2,0,4,3,0,0,6.0,5,3,4.0,3,0,36.0,56.0,4.0,0
Shogo Taniguchi,JAPAN,DF,30,Kawa Frontale,jp,27 NOV 2022,11 : 00,Group E,COSTA RICA,2,2,210,0,0,2,0,1,0,1.0,0,1,2.0,3,0,72.0,85.0,0.0,0
Shogo Taniguchi,JAPAN,DF,30,Kawa Frontale,jp,01 DEC 2022,20 : 00,Group E,SPAIN,2,2,210,0,0,2,0,1,0,1.0,0,1,2.0,3,0,72.0,85.0,0.0,0
Shogo Taniguchi,JAPAN,DF,30,Kawa Frontale,jp,05 DEC 2022,16 : 00,Round of 16,CROATIA,2,2,210,0,0,2,0,1,0,1.0,0,1,2.0,3,0,72.0,85.0,0.0,0
Shogo Taniguchi,JAPAN,DF,30,Kawa Frontale,jp,23 NOV 2022,14 : 00,Group E,GERMANY,2,2,210,0,0,2,0,1,0,1.0,0,1,2.0,3,0,72.0,85.0,0.0,0
Ao Tanaka,JAPAN,MF,23,Düsseldorf,de,27 NOV 2022,11 : 00,Group E,COSTA RICA,3,2,171,1,0,1,1,0,0,3.0,1,3,5.0,1,0,48.0,69.0,0.0,0
Ao Tanaka,JAPAN,MF,23,Düsseldorf,de,01 DEC 2022,20 : 00,Group E,SPAIN,3,2,171,1,0,1,1,0,0,3.0,1,3,5.0,1,0,48.0,69.0,0.0,0
Ao Tanaka,JAPAN,MF,23,Düsseldorf,de,05 DEC 2022,16 : 00,Round of 16,CROATIA,3,2,171,1,0,1,1,0,0,3.0,1,3,5.0,1,0,48.0,69.0,0.0,0
Ao Tanaka,JAPAN,MF,23,Düsseldorf,de,23 NOV 2022,14 : 00,Group E,GERMANY,3,2,171,1,0,1,1,0,0,3.0,1,3,5.0,1,0,48.0,69.0,0.0,0
Takefusa Kubo,JAPAN,FW,21,Real Sociedad,es,27 NOV 2022,11 : 00,Group E,COSTA RICA,2,2,90,0,0,0,0,0,0,1.0,1,0,3.0,2,0,6.0,11.0,0.0,1
Takefusa Kubo,JAPAN,FW,21,Real Sociedad,es,01 DEC 2022,20 : 00,Group E,SPAIN,2,2,90,0,0,0,0,0,0,1.0,1,0,3.0,2,0,6.0,11.0,0.0,1
Takefusa Kubo,JAPAN,FW,21,Real Sociedad,es,05 DEC 2022,16 : 00,Round of 16,CROATIA,2,2,90,0,0,0,0,0,0,1.0,1,0,3.0,2,0,6.0,11.0,0.0,1
Takefusa Kubo,JAPAN,FW,21,Real Sociedad,es,23 NOV 2022,14 : 00,Group E,GERMANY,2,2,90,0,0,0,0,0,0,1.0,1,0,3.0,2,0,6.0,11.0,0.0,1
Takehiro Tomiyasu,JAPAN,"DF,MF",23,Arsenal,eng,27 NOV 2022,11 : 00,Group E,COSTA RICA,3,1,187,0,0,0,0,0,0,0.0,0,0,2.0,1,0,73.0,103.0,0.0,0
Takehiro Tomiyasu,JAPAN,"DF,MF",23,Arsenal,eng,01 DEC 2022,20 : 00,Group E,SPAIN,3,1,187,0,0,0,0,0,0,0.0,0,0,2.0,1,0,73.0,103.0,0.0,0
Takehiro Tomiyasu,JAPAN,"DF,MF",23,Arsenal,eng,05 DEC 2022,16 : 00,Round of 16,CROATIA,3,1,187,0,0,0,0,0,0,0.0,0,0,2.0,1,0,73.0,103.0,0.0,0
Takehiro Tomiyasu,JAPAN,"DF,MF",23,Arsenal,eng,23 NOV 2022,14 : 00,Group E,GERMANY,3,1,187,0,0,0,0,0,0,0.0,0,0,2.0,1,0,73.0,103.0,0.0,0
Hiroki Sakai,JAPAN,"MF,DF",32,Urawa Reds,jp,27 NOV 2022,11 : 00,Group E,COSTA RICA,2,1,119,0,0,1,0,0,0,5.0,4,1,2.0,3,0,28.0,47.0,0.0,0
Hiroki Sakai,JAPAN,"MF,DF",32,Urawa Reds,jp,01 DEC 2022,20 : 00,Group E,SPAIN,2,1,119,0,0,1,0,0,0,5.0,4,1,2.0,3,0,28.0,47.0,0.0,0
Hiroki Sakai,JAPAN,"MF,DF",32,Urawa Reds,jp,05 DEC 2022,16 : 00,Round of 16,CROATIA,2,1,119,0,0,1,0,0,0,5.0,4,1,2.0,3,0,28.0,47.0,0.0,0
Hiroki Sakai,JAPAN,"MF,DF",32,Urawa Reds,jp,23 NOV 2022,14 : 00,Group E,GERMANY,2,1,119,0,0,1,0,0,0,5.0,4,1,2.0,3,0,28.0,47.0,0.0,0
Yuki Soma,JAPAN,"FW,MF",25,Grampus,jp,27 NOV 2022,11 : 00,Group E,COSTA RICA,1,1,81,0,0,3,0,0,0,2.0,0,0,0.0,2,0,11.0,19.0,1.0,0
Yuki Soma,JAPAN,"FW,MF",25,Grampus,jp,01 DEC 2022,20 : 00,Group E,SPAIN,1,1,81,0,0,3,0,0,0,2.0,0,0,0.0,2,0,11.0,19.0,1.0,0
Yuki Soma,JAPAN,"FW,MF",25,Grampus,jp,05 DEC 2022,16 : 00,Round of 16,CROATIA,1,1,81,0,0,3,0,0,0,2.0,0,0,0.0,2,0,11.0,19.0,1.0,0
Yuki Soma,JAPAN,"FW,MF",25,Grampus,jp,23 NOV 2022,14 : 00,Group E,GERMANY,1,1,81,0,0,3,0,0,0,2.0,0,0,0.0,2,0,11.0,19.0,1.0,0
Miki Yamane,JAPAN,"DF,MF",28,Kawa Frontale,jp,27 NOV 2022,11 : 00,Group E,COSTA RICA,1,1,61,0,0,0,0,1,0,1.0,0,2,2.0,2,0,24.0,33.0,1.0,0
Miki Yamane,JAPAN,"DF,MF",28,Kawa Frontale,jp,01 DEC 2022,20 : 00,Group E,SPAIN,1,1,61,0,0,0,0,1,0,1.0,0,2,2.0,2,0,24.0,33.0,1.0,0
Miki Yamane,JAPAN,"DF,MF",28,Kawa Frontale,jp,05 DEC 2022,16 : 00,Round of 16,CROATIA,1,1,61,0,0,0,0,1,0,1.0,0,2,2.0,2,0,24.0,33.0,1.0,0
Miki Yamane,JAPAN,"DF,MF",28,Kawa Frontale,jp,23 NOV 2022,14 : 00,Group E,GERMANY,1,1,61,0,0,0,0,1,0,1.0,0,2,2.0,2,0,24.0,33.0,1.0,0
Ayase Ueda,JAPAN,FW,23,Cercle Brugge,be,27 NOV 2022,11 : 00,Group E,COSTA RICA,1,1,45,0,0,0,0,0,0,0.0,0,0,1.0,1,0,7.0,12.0,0.0,0
Ayase Ueda,JAPAN,FW,23,Cercle Brugge,be,01 DEC 2022,20 : 00,Group E,SPAIN,1,1,45,0,0,0,0,0,0,0.0,0,0,1.0,1,0,7.0,12.0,0.0,0
Ayase Ueda,JAPAN,FW,23,Cercle Brugge,be,05 DEC 2022,16 : 00,Round of 16,CROATIA,1,1,45,0,0,0,0,0,0,0.0,0,0,1.0,1,0,7.0,12.0,0.0,0
Ayase Ueda,JAPAN,FW,23,Cercle Brugge,be,23 NOV 2022,14 : 00,Group E,GERMANY,1,1,45,0,0,0,0,0,0,0.0,0,0,1.0,1,0,7.0,12.0,0.0,0
Takuma Asano,JAPAN,FW,27,Bochum,de,27 NOV 2022,11 : 00,Group E,COSTA RICA,4,0,165,1,0,8,2,0,0,0.0,0,1,0.0,4,0,21.0,28.0,0.0,2
Takuma Asano,JAPAN,FW,27,Bochum,de,01 DEC 2022,20 : 00,Group E,SPAIN,4,0,165,1,0,8,2,0,0,0.0,0,1,0.0,4,0,21.0,28.0,0.0,2
Takuma Asano,JAPAN,FW,27,Bochum,de,05 DEC 2022,16 : 00,Round of 16,CROATIA,4,0,165,1,0,8,2,0,0,0.0,0,1,0.0,4,0,21.0,28.0,0.0,2
Takuma Asano,JAPAN,FW,27,Bochum,de,23 NOV 2022,14 : 00,Group E,GERMANY,4,0,165,1,0,8,2,0,0,0.0,0,1,0.0,4,0,21.0,28.0,0.0,2
Kaoru Mitoma,JAPAN,MF,25,Brighton,eng,27 NOV 2022,11 : 00,Group E,COSTA RICA,4,0,165,0,1,1,1,0,0,7.0,2,2,4.0,3,0,50.0,70.0,2.0,0
Kaoru Mitoma,JAPAN,MF,25,Brighton,eng,01 DEC 2022,20 : 00,Group E,SPAIN,4,0,165,0,1,1,1,0,0,7.0,2,2,4.0,3,0,50.0,70.0,2.0,0
Kaoru Mitoma,JAPAN,MF,25,Brighton,eng,05 DEC 2022,16 : 00,Round of 16,CROATIA,4,0,165,0,1,1,1,0,0,7.0,2,2,4.0,3,0,50.0,70.0,2.0,0
Kaoru Mitoma,JAPAN,MF,25,Brighton,eng,23 NOV 2022,14 : 00,Group E,GERMANY,4,0,165,0,1,1,1,0,0,7.0,2,2,4.0,3,0,50.0,70.0,2.0,0
Takumi Minamino,JAPAN,FW,27,Monaco,fr,27 NOV 2022,11 : 00,Group E,COSTA RICA,3,0,60,0,0,2,1,0,0,2.0,1,0,0.0,1,0,14.0,22.0,0.0,0
Takumi Minamino,JAPAN,FW,27,Monaco,fr,01 DEC 2022,20 : 00,Group E,SPAIN,3,0,60,0,0,2,1,0,0,2.0,1,0,0.0,1,0,14.0,22.0,0.0,0
Takumi Minamino,JAPAN,FW,27,Monaco,fr,05 DEC 2022,16 : 00,Round of 16,CROATIA,3,0,60,0,0,2,1,0,0,2.0,1,0,0.0,1,0,14.0,22.0,0.0,0
Takumi Minamino,JAPAN,FW,27,Monaco,fr,23 NOV 2022,14 : 00,Group E,GERMANY,3,0,60,0,0,2,1,0,0,2.0,1,0,0.0,1,0,14.0,22.0,0.0,0
Hiroki Ito,JAPAN,DF,23,Stuttgart,de,27 NOV 2022,11 : 00,Group E,COSTA RICA,1,0,45,0,0,0,0,0,0,0.0,0,0,0.0,3,0,58.0,63.0,0.0,0
Hiroki Ito,JAPAN,DF,23,Stuttgart,de,01 DEC 2022,20 : 00,Group E,SPAIN,1,0,45,0,0,0,0,0,0,0.0,0,0,0.0,3,0,58.0,63.0,0.0,0
Hiroki Ito,JAPAN,DF,23,Stuttgart,de,05 DEC 2022,16 : 00,Round of 16,CROATIA,1,0,45,0,0,0,0,0,0,0.0,0,0,0.0,3,0,58.0,63.0,0.0,0
Hiroki Ito,JAPAN,DF,23,Stuttgart,de,23 NOV 2022,14 : 00,Group E,GERMANY,1,0,45,0,0,0,0,0,0,0.0,0,0,0.0,3,0,58.0,63.0,0.0,0
Kalidou Koulibaly,SENEGAL,DF,30,Chelsea,eng,21 NOV 2022,17 : 00,Group A,NETHERLANDS,4,4,360,1,0,2,1,1,0,12.0,9,2,4.0,3,0,156.0,205.0,0.0,0
Kalidou Koulibaly,SENEGAL,DF,30,Chelsea,eng,25 NOV 2022,14 : 00,Group A,QATAR,4,4,360,1,0,2,1,1,0,12.0,9,2,4.0,3,0,156.0,205.0,0.0,0
Kalidou Koulibaly,SENEGAL,DF,30,Chelsea,eng,29 NOV 2022,16 : 00,Group A,ECUADOR,4,4,360,1,0,2,1,1,0,12.0,9,2,4.0,3,0,156.0,205.0,0.0,0
Kalidou Koulibaly,SENEGAL,DF,30,Chelsea,eng,04 DEC 2022,20 : 00,Round of 16,ENGLAND,4,4,360,1,0,2,1,1,0,12.0,9,2,4.0,3,0,156.0,205.0,0.0,0
Edouard Mendy,SENEGAL,GK,30,Chelsea,eng,21 NOV 2022,17 : 00,Group A,NETHERLANDS,4,4,360,0,0,0,0,0,0,0.0,0,0,1.0,0,0,88.0,120.0,0.0,0
Edouard Mendy,SENEGAL,GK,30,Chelsea,eng,25 NOV 2022,14 : 00,Group A,QATAR,4,4,360,0,0,0,0,0,0,0.0,0,0,1.0,0,0,88.0,120.0,0.0,0
Edouard Mendy,SENEGAL,GK,30,Chelsea,eng,29 NOV 2022,16 : 00,Group A,ECUADOR,4,4,360,0,0,0,0,0,0,0.0,0,0,1.0,0,0,88.0,120.0,0.0,0
Edouard Mendy,SENEGAL,GK,30,Chelsea,eng,04 DEC 2022,20 : 00,Round of 16,ENGLAND,4,4,360,0,0,0,0,0,0,0.0,0,0,1.0,0,0,88.0,120.0,0.0,0
Youssouf Sabaly,SENEGAL,DF,29,Betis,es,21 NOV 2022,17 : 00,Group A,NETHERLANDS,4,4,360,0,0,2,1,0,0,6.0,6,4,1.0,3,0,189.0,219.0,4.0,0
Youssouf Sabaly,SENEGAL,DF,29,Betis,es,25 NOV 2022,14 : 00,Group A,QATAR,4,4,360,0,0,2,1,0,0,6.0,6,4,1.0,3,0,189.0,219.0,4.0,0
Youssouf Sabaly,SENEGAL,DF,29,Betis,es,29 NOV 2022,16 : 00,Group A,ECUADOR,4,4,360,0,0,2,1,0,0,6.0,6,4,1.0,3,0,189.0,219.0,4.0,0
Youssouf Sabaly,SENEGAL,DF,29,Betis,es,04 DEC 2022,20 : 00,Round of 16,ENGLAND,4,4,360,0,0,2,1,0,0,6.0,6,4,1.0,3,0,189.0,219.0,4.0,0
Ismaila Sarr,SENEGAL,"FW,MF",24,Watford,eng,21 NOV 2022,17 : 00,Group A,NETHERLANDS,4,4,344,1,0,10,1,0,0,4.0,2,2,2.0,3,0,52.0,81.0,9.0,3
Ismaila Sarr,SENEGAL,"FW,MF",24,Watford,eng,25 NOV 2022,14 : 00,Group A,QATAR,4,4,344,1,0,10,1,0,0,4.0,2,2,2.0,3,0,52.0,81.0,9.0,3
Ismaila Sarr,SENEGAL,"FW,MF",24,Watford,eng,29 NOV 2022,16 : 00,Group A,ECUADOR,4,4,344,1,0,10,1,0,0,4.0,2,2,2.0,3,0,52.0,81.0,9.0,3
Ismaila Sarr,SENEGAL,"FW,MF",24,Watford,eng,04 DEC 2022,20 : 00,Round of 16,ENGLAND,4,4,344,1,0,10,1,0,0,4.0,2,2,2.0,3,0,52.0,81.0,9.0,3
Abdou Diallo,SENEGAL,DF,26,RB Leipzig,de,21 NOV 2022,17 : 00,Group A,NETHERLANDS,4,4,331,0,0,1,0,0,0,2.0,2,1,1.0,3,0,139.0,186.0,0.0,0
Abdou Diallo,SENEGAL,DF,26,RB Leipzig,de,25 NOV 2022,14 : 00,Group A,QATAR,4,4,331,0,0,1,0,0,0,2.0,2,1,1.0,3,0,139.0,186.0,0.0,0
Abdou Diallo,SENEGAL,DF,26,RB Leipzig,de,29 NOV 2022,16 : 00,Group A,ECUADOR,4,4,331,0,0,1,0,0,0,2.0,2,1,1.0,3,0,139.0,186.0,0.0,0
Abdou Diallo,SENEGAL,DF,26,RB Leipzig,de,04 DEC 2022,20 : 00,Round of 16,ENGLAND,4,4,331,0,0,1,0,0,0,2.0,2,1,1.0,3,0,139.0,186.0,0.0,0
Boulaye Dia,SENEGAL,FW,25,Salernitana,it,21 NOV 2022,17 : 00,Group A,NETHERLANDS,4,4,318,1,0,8,3,1,0,1.0,0,1,1.0,3,0,39.0,53.0,1.0,2
Boulaye Dia,SENEGAL,FW,25,Salernitana,it,25 NOV 2022,14 : 00,Group A,QATAR,4,4,318,1,0,8,3,1,0,1.0,0,1,1.0,3,0,39.0,53.0,1.0,2
Boulaye Dia,SENEGAL,FW,25,Salernitana,it,29 NOV 2022,16 : 00,Group A,ECUADOR,4,4,318,1,0,8,3,1,0,1.0,0,1,1.0,3,0,39.0,53.0,1.0,2
Boulaye Dia,SENEGAL,FW,25,Salernitana,it,04 DEC 2022,20 : 00,Round of 16,ENGLAND,4,4,318,1,0,8,3,1,0,1.0,0,1,1.0,3,0,39.0,53.0,1.0,2
Ismail Jakobs,SENEGAL,DF,22,Monaco,fr,21 NOV 2022,17 : 00,Group A,NETHERLANDS,4,3,278,0,1,1,0,1,0,0.0,0,4,3.0,3,0,107.0,156.0,0.0,0
Ismail Jakobs,SENEGAL,DF,22,Monaco,fr,25 NOV 2022,14 : 00,Group A,QATAR,4,3,278,0,1,1,0,1,0,0.0,0,4,3.0,3,0,107.0,156.0,0.0,0
Ismail Jakobs,SENEGAL,DF,22,Monaco,fr,29 NOV 2022,16 : 00,Group A,ECUADOR,4,3,278,0,1,1,0,1,0,0.0,0,4,3.0,3,0,107.0,156.0,0.0,0
Ismail Jakobs,SENEGAL,DF,22,Monaco,fr,04 DEC 2022,20 : 00,Round of 16,ENGLAND,4,3,278,0,1,1,0,1,0,0.0,0,4,3.0,3,0,107.0,156.0,0.0,0
Nampalys Mendy,SENEGAL,MF,29,Leicester City,eng,21 NOV 2022,17 : 00,Group A,NETHERLANDS,4,3,272,0,0,2,0,1,0,4.0,4,3,4.0,5,0,141.0,159.0,1.0,0
Nampalys Mendy,SENEGAL,MF,29,Leicester City,eng,25 NOV 2022,14 : 00,Group A,QATAR,4,3,272,0,0,2,0,1,0,4.0,4,3,4.0,5,0,141.0,159.0,1.0,0
Nampalys Mendy,SENEGAL,MF,29,Leicester City,eng,29 NOV 2022,16 : 00,Group A,ECUADOR,4,3,272,0,0,2,0,1,0,4.0,4,3,4.0,5,0,141.0,159.0,1.0,0
Nampalys Mendy,SENEGAL,MF,29,Leicester City,eng,04 DEC 2022,20 : 00,Round of 16,ENGLAND,4,3,272,0,0,2,0,1,0,4.0,4,3,4.0,5,0,141.0,159.0,1.0,0
Idrissa Gana Gueye,SENEGAL,MF,32,Everton,eng,21 NOV 2022,17 : 00,Group A,NETHERLANDS,3,3,270,0,0,4,1,2,0,2.0,1,5,3.0,4,0,107.0,133.0,1.0,0
Idrissa Gana Gueye,SENEGAL,MF,32,Everton,eng,25 NOV 2022,14 : 00,Group A,QATAR,3,3,270,0,0,4,1,2,0,2.0,1,5,3.0,4,0,107.0,133.0,1.0,0
Idrissa Gana Gueye,SENEGAL,MF,32,Everton,eng,29 NOV 2022,16 : 00,Group A,ECUADOR,3,3,270,0,0,4,1,2,0,2.0,1,5,3.0,4,0,107.0,133.0,1.0,0
Idrissa Gana Gueye,SENEGAL,MF,32,Everton,eng,04 DEC 2022,20 : 00,Round of 16,ENGLAND,3,3,270,0,0,4,1,2,0,2.0,1,5,3.0,4,0,107.0,133.0,1.0,0
Krépin Diatta,SENEGAL,"FW,MF",23,Monaco,fr,21 NOV 2022,17 : 00,Group A,NETHERLANDS,3,3,181,0,0,3,1,0,0,0.0,0,0,1.0,4,0,60.0,73.0,1.0,2
Krépin Diatta,SENEGAL,"FW,MF",23,Monaco,fr,25 NOV 2022,14 : 00,Group A,QATAR,3,3,181,0,0,3,1,0,0,0.0,0,0,1.0,4,0,60.0,73.0,1.0,2
Krépin Diatta,SENEGAL,"FW,MF",23,Monaco,fr,29 NOV 2022,16 : 00,Group A,ECUADOR,3,3,181,0,0,3,1,0,0,0.0,0,0,1.0,4,0,60.0,73.0,1.0,2
Krépin Diatta,SENEGAL,"FW,MF",23,Monaco,fr,04 DEC 2022,20 : 00,Round of 16,ENGLAND,3,3,181,0,0,3,1,0,0,0.0,0,0,1.0,4,0,60.0,73.0,1.0,2
Pathé Ciss,SENEGAL,MF,28,Rayo Vallecano,es,21 NOV 2022,17 : 00,Group A,NETHERLANDS,3,2,146,0,0,1,0,1,0,3.0,3,2,1.0,4,0,46.0,57.0,1.0,0
Pathé Ciss,SENEGAL,MF,28,Rayo Vallecano,es,25 NOV 2022,14 : 00,Group A,QATAR,3,2,146,0,0,1,0,1,0,3.0,3,2,1.0,4,0,46.0,57.0,1.0,0
Pathé Ciss,SENEGAL,MF,28,Rayo Vallecano,es,29 NOV 2022,16 : 00,Group A,ECUADOR,3,2,146,0,0,1,0,1,0,3.0,3,2,1.0,4,0,46.0,57.0,1.0,0
Pathé Ciss,SENEGAL,MF,28,Rayo Vallecano,es,04 DEC 2022,20 : 00,Round of 16,ENGLAND,3,2,146,0,0,1,0,1,0,3.0,3,2,1.0,4,0,46.0,57.0,1.0,0
Iliman Ndiaye,SENEGAL,"FW,MF",22,Sheffield Utd,eng,21 NOV 2022,17 : 00,Group A,NETHERLANDS,3,2,135,0,1,2,0,0,0,0.0,0,1,2.0,0,0,25.0,32.0,6.0,0
Iliman Ndiaye,SENEGAL,"FW,MF",22,Sheffield Utd,eng,25 NOV 2022,14 : 00,Group A,QATAR,3,2,135,0,1,2,0,0,0,0.0,0,1,2.0,0,0,25.0,32.0,6.0,0
Iliman Ndiaye,SENEGAL,"FW,MF",22,Sheffield Utd,eng,29 NOV 2022,16 : 00,Group A,ECUADOR,3,2,135,0,1,2,0,0,0,0.0,0,1,2.0,0,0,25.0,32.0,6.0,0
Iliman Ndiaye,SENEGAL,"FW,MF",22,Sheffield Utd,eng,04 DEC 2022,20 : 00,Round of 16,ENGLAND,3,2,135,0,1,2,0,0,0,0.0,0,1,2.0,0,0,25.0,32.0,6.0,0
Pape Gueye,SENEGAL,MF,23,Marseille,fr,21 NOV 2022,17 : 00,Group A,NETHERLANDS,3,1,153,0,0,4,2,0,0,4.0,2,2,2.0,3,0,45.0,62.0,0.0,0
Pape Gueye,SENEGAL,MF,23,Marseille,fr,25 NOV 2022,14 : 00,Group A,QATAR,3,1,153,0,0,4,2,0,0,4.0,2,2,2.0,3,0,45.0,62.0,0.0,0
Pape Gueye,SENEGAL,MF,23,Marseille,fr,29 NOV 2022,16 : 00,Group A,ECUADOR,3,1,153,0,0,4,2,0,0,4.0,2,2,2.0,3,0,45.0,62.0,0.0,0
Pape Gueye,SENEGAL,MF,23,Marseille,fr,04 DEC 2022,20 : 00,Round of 16,ENGLAND,3,1,153,0,0,4,2,0,0,4.0,2,2,2.0,3,0,45.0,62.0,0.0,0
Pape Abou Cissé,SENEGAL,DF,26,Olympiacos,gr,21 NOV 2022,17 : 00,Group A,NETHERLANDS,3,1,105,0,0,0,0,0,0,0.0,0,2,2.0,1,0,28.0,37.0,1.0,0
Pape Abou Cissé,SENEGAL,DF,26,Olympiacos,gr,25 NOV 2022,14 : 00,Group A,QATAR,3,1,105,0,0,0,0,0,0,0.0,0,2,2.0,1,0,28.0,37.0,1.0,0
Pape Abou Cissé,SENEGAL,DF,26,Olympiacos,gr,29 NOV 2022,16 : 00,Group A,ECUADOR,3,1,105,0,0,0,0,0,0,0.0,0,2,2.0,1,0,28.0,37.0,1.0,0
Pape Abou Cissé,SENEGAL,DF,26,Olympiacos,gr,04 DEC 2022,20 : 00,Round of 16,ENGLAND,3,1,105,0,0,0,0,0,0,0.0,0,2,2.0,1,0,28.0,37.0,1.0,0
Famara Diedhiou,SENEGAL,FW,29,Alanyaspor,tr,21 NOV 2022,17 : 00,Group A,NETHERLANDS,2,1,92,1,0,3,1,0,0,0.0,0,0,0.0,2,0,10.0,14.0,0.0,1
Famara Diedhiou,SENEGAL,FW,29,Alanyaspor,tr,25 NOV 2022,14 : 00,Group A,QATAR,2,1,92,1,0,3,1,0,0,0.0,0,0,0.0,2,0,10.0,14.0,0.0,1
Famara Diedhiou,SENEGAL,FW,29,Alanyaspor,tr,29 NOV 2022,16 : 00,Group A,ECUADOR,2,1,92,1,0,3,1,0,0,0.0,0,0,0.0,2,0,10.0,14.0,0.0,1
Famara Diedhiou,SENEGAL,FW,29,Alanyaspor,tr,04 DEC 2022,20 : 00,Round of 16,ENGLAND,2,1,92,1,0,3,1,0,0,0.0,0,0,0.0,2,0,10.0,14.0,0.0,1
Cheikhou Kouyaté,SENEGAL,MF,32,Nott'ham Forest,eng,21 NOV 2022,17 : 00,Group A,NETHERLANDS,1,1,72,0,0,0,0,0,0,0.0,0,2,2.0,1,0,19.0,23.0,1.0,0
Cheikhou Kouyaté,SENEGAL,MF,32,Nott'ham Forest,eng,25 NOV 2022,14 : 00,Group A,QATAR,1,1,72,0,0,0,0,0,0,0.0,0,2,2.0,1,0,19.0,23.0,1.0,0
Cheikhou Kouyaté,SENEGAL,MF,32,Nott'ham Forest,eng,29 NOV 2022,16 : 00,Group A,ECUADOR,1,1,72,0,0,0,0,0,0,0.0,0,2,2.0,1,0,19.0,23.0,1.0,0
Cheikhou Kouyaté,SENEGAL,MF,32,Nott'ham Forest,eng,04 DEC 2022,20 : 00,Round of 16,ENGLAND,1,1,72,0,0,0,0,0,0,0.0,0,2,2.0,1,0,19.0,23.0,1.0,0
Bamba Dieng,SENEGAL,FW,22,Marseille,fr,21 NOV 2022,17 : 00,Group A,NETHERLANDS,4,0,100,1,0,4,1,0,0,2.0,1,0,2.0,5,0,9.0,16.0,0.0,0
Bamba Dieng,SENEGAL,FW,22,Marseille,fr,25 NOV 2022,14 : 00,Group A,QATAR,4,0,100,1,0,4,1,0,0,2.0,1,0,2.0,5,0,9.0,16.0,0.0,0
Bamba Dieng,SENEGAL,FW,22,Marseille,fr,29 NOV 2022,16 : 00,Group A,ECUADOR,4,0,100,1,0,4,1,0,0,2.0,1,0,2.0,5,0,9.0,16.0,0.0,0
Bamba Dieng,SENEGAL,FW,22,Marseille,fr,04 DEC 2022,20 : 00,Round of 16,ENGLAND,4,0,100,1,0,4,1,0,0,2.0,1,0,2.0,5,0,9.0,16.0,0.0,0
Pape Matar Sarr,SENEGAL,MF,19,Tottenham,eng,21 NOV 2022,17 : 00,Group A,NETHERLANDS,2,0,59,0,0,4,0,0,0,3.0,2,0,1.0,0,0,36.0,43.0,0.0,0
Pape Matar Sarr,SENEGAL,MF,19,Tottenham,eng,25 NOV 2022,14 : 00,Group A,QATAR,2,0,59,0,0,4,0,0,0,3.0,2,0,1.0,0,0,36.0,43.0,0.0,0
Pape Matar Sarr,SENEGAL,MF,19,Tottenham,eng,29 NOV 2022,16 : 00,Group A,ECUADOR,2,0,59,0,0,4,0,0,0,3.0,2,0,1.0,0,0,36.0,43.0,0.0,0
Pape Matar Sarr,SENEGAL,MF,19,Tottenham,eng,04 DEC 2022,20 : 00,Round of 16,ENGLAND,2,0,59,0,0,4,0,0,0,3.0,2,0,1.0,0,0,36.0,43.0,0.0,0
Nicolas Jackson,SENEGAL,FW,20,Villarreal,es,21 NOV 2022,17 : 00,Group A,NETHERLANDS,1,0,17,0,0,0,0,0,0,0.0,0,0,0.0,1,0,9.0,10.0,0.0,0
Nicolas Jackson,SENEGAL,FW,20,Villarreal,es,25 NOV 2022,14 : 00,Group A,QATAR,1,0,17,0,0,0,0,0,0,0.0,0,0,0.0,1,0,9.0,10.0,0.0,0
Nicolas Jackson,SENEGAL,FW,20,Villarreal,es,29 NOV 2022,16 : 00,Group A,ECUADOR,1,0,17,0,0,0,0,0,0,0.0,0,0,0.0,1,0,9.0,10.0,0.0,0
Nicolas Jackson,SENEGAL,FW,20,Villarreal,es,04 DEC 2022,20 : 00,Round of 16,ENGLAND,1,0,17,0,0,0,0,0,0,0.0,0,0,0.0,1,0,9.0,10.0,0.0,0
Fodé Ballo-Touré,SENEGAL,DF,25,Milan,it,21 NOV 2022,17 : 00,Group A,NETHERLANDS,1,0,7,0,0,0,0,0,0,0.0,0,0,1.0,0,0,5.0,8.0,0.0,0
Fodé Ballo-Touré,SENEGAL,DF,25,Milan,it,25 NOV 2022,14 : 00,Group A,QATAR,1,0,7,0,0,0,0,0,0,0.0,0,0,1.0,0,0,5.0,8.0,0.0,0
Fodé Ballo-Touré,SENEGAL,DF,25,Milan,it,29 NOV 2022,16 : 00,Group A,ECUADOR,1,0,7,0,0,0,0,0,0,0.0,0,0,1.0,0,0,5.0,8.0,0.0,0
Fodé Ballo-Touré,SENEGAL,DF,25,Milan,it,04 DEC 2022,20 : 00,Round of 16,ENGLAND,1,0,7,0,0,0,0,0,0,0.0,0,0,1.0,0,0,5.0,8.0,0.0,0
Aziz Behich,AUSTRALIA,DF,31,Dundee United,sct,30 NOV 2022,16 : 00,Group D,DENMARK,4,4,360,0,0,2,0,1,0,8.0,3,3,6.0,3,0,152.0,203.0,8.0,0
Aziz Behich,AUSTRALIA,DF,31,Dundee United,sct,22 NOV 2022,20 : 00,Group D,FRANCE,4,4,360,0,0,2,0,1,0,8.0,3,3,6.0,3,0,152.0,203.0,8.0,0
Aziz Behich,AUSTRALIA,DF,31,Dundee United,sct,26 NOV 2022,11 : 00,Group D,TUNISIA,4,4,360,0,0,2,0,1,0,8.0,3,3,6.0,3,0,152.0,203.0,8.0,0
Aziz Behich,AUSTRALIA,DF,31,Dundee United,sct,03 DEC 2022,20 : 00,Round of 16,ARGENTINA,4,4,360,0,0,2,0,1,0,8.0,3,3,6.0,3,0,152.0,203.0,8.0,0
Aaron Mooy,AUSTRALIA,MF,31,Celtic,sct,30 NOV 2022,16 : 00,Group D,DENMARK,4,4,360,0,0,1,0,1,0,9.0,6,3,6.0,4,0,170.0,217.0,2.0,0
Aaron Mooy,AUSTRALIA,MF,31,Celtic,sct,22 NOV 2022,20 : 00,Group D,FRANCE,4,4,360,0,0,1,0,1,0,9.0,6,3,6.0,4,0,170.0,217.0,2.0,0
Aaron Mooy,AUSTRALIA,MF,31,Celtic,sct,26 NOV 2022,11 : 00,Group D,TUNISIA,4,4,360,0,0,1,0,1,0,9.0,6,3,6.0,4,0,170.0,217.0,2.0,0
Aaron Mooy,AUSTRALIA,MF,31,Celtic,sct,03 DEC 2022,20 : 00,Round of 16,ARGENTINA,4,4,360,0,0,1,0,1,0,9.0,6,3,6.0,4,0,170.0,217.0,2.0,0
Kye Rowles,AUSTRALIA,DF,23,Hearts,sct,30 NOV 2022,16 : 00,Group D,DENMARK,4,4,360,0,0,0,0,0,0,8.0,2,7,9.0,1,0,165.0,187.0,0.0,0
Kye Rowles,AUSTRALIA,DF,23,Hearts,sct,22 NOV 2022,20 : 00,Group D,FRANCE,4,4,360,0,0,0,0,0,0,8.0,2,7,9.0,1,0,165.0,187.0,0.0,0
Kye Rowles,AUSTRALIA,DF,23,Hearts,sct,26 NOV 2022,11 : 00,Group D,TUNISIA,4,4,360,0,0,0,0,0,0,8.0,2,7,9.0,1,0,165.0,187.0,0.0,0
Kye Rowles,AUSTRALIA,DF,23,Hearts,sct,03 DEC 2022,20 : 00,Round of 16,ARGENTINA,4,4,360,0,0,0,0,0,0,8.0,2,7,9.0,1,0,165.0,187.0,0.0,0
Mathew Ryan,AUSTRALIA,GK,30,FC Copenhagen,dk,30 NOV 2022,16 : 00,Group D,DENMARK,4,4,360,0,0,0,0,0,0,0.0,0,0,0.0,0,0,113.0,164.0,0.0,0
Mathew Ryan,AUSTRALIA,GK,30,FC Copenhagen,dk,22 NOV 2022,20 : 00,Group D,FRANCE,4,4,360,0,0,0,0,0,0,0.0,0,0,0.0,0,0,113.0,164.0,0.0,0
Mathew Ryan,AUSTRALIA,GK,30,FC Copenhagen,dk,26 NOV 2022,11 : 00,Group D,TUNISIA,4,4,360,0,0,0,0,0,0,0.0,0,0,0.0,0,0,113.0,164.0,0.0,0
Mathew Ryan,AUSTRALIA,GK,30,FC Copenhagen,dk,03 DEC 2022,20 : 00,Round of 16,ARGENTINA,4,4,360,0,0,0,0,0,0,0.0,0,0,0.0,0,0,113.0,164.0,0.0,0
Harry Souttar,AUSTRALIA,DF,23,Stoke City,eng,30 NOV 2022,16 : 00,Group D,DENMARK,4,4,360,0,0,1,0,0,0,4.0,0,6,7.0,1,0,138.0,167.0,0.0,0
Harry Souttar,AUSTRALIA,DF,23,Stoke City,eng,22 NOV 2022,20 : 00,Group D,FRANCE,4,4,360,0,0,1,0,0,0,4.0,0,6,7.0,1,0,138.0,167.0,0.0,0
Harry Souttar,AUSTRALIA,DF,23,Stoke City,eng,26 NOV 2022,11 : 00,Group D,TUNISIA,4,4,360,0,0,1,0,0,0,4.0,0,6,7.0,1,0,138.0,167.0,0.0,0
Harry Souttar,AUSTRALIA,DF,23,Stoke City,eng,03 DEC 2022,20 : 00,Round of 16,ARGENTINA,4,4,360,0,0,1,0,0,0,4.0,0,6,7.0,1,0,138.0,167.0,0.0,0
Jackson Irvine,AUSTRALIA,"MF,FW",29,St,de,30 NOV 2022,16 : 00,Group D,DENMARK,4,4,354,0,0,3,0,2,0,4.0,2,3,7.0,7,0,103.0,128.0,0.0,0
Jackson Irvine,AUSTRALIA,"MF,FW",29,St,de,22 NOV 2022,20 : 00,Group D,FRANCE,4,4,354,0,0,3,0,2,0,4.0,2,3,7.0,7,0,103.0,128.0,0.0,0
Jackson Irvine,AUSTRALIA,"MF,FW",29,St,de,26 NOV 2022,11 : 00,Group D,TUNISIA,4,4,354,0,0,3,0,2,0,4.0,2,3,7.0,7,0,103.0,128.0,0.0,0
Jackson Irvine,AUSTRALIA,"MF,FW",29,St,de,03 DEC 2022,20 : 00,Round of 16,ARGENTINA,4,4,354,0,0,3,0,2,0,4.0,2,3,7.0,7,0,103.0,128.0,0.0,0
Mathew Leckie,AUSTRALIA,"MF,FW",31,Melb City,au,30 NOV 2022,16 : 00,Group D,DENMARK,4,4,333,1,1,1,1,0,0,4.0,4,1,5.0,8,0,67.0,103.0,1.0,0
Mathew Leckie,AUSTRALIA,"MF,FW",31,Melb City,au,22 NOV 2022,20 : 00,Group D,FRANCE,4,4,333,1,1,1,1,0,0,4.0,4,1,5.0,8,0,67.0,103.0,1.0,0
Mathew Leckie,AUSTRALIA,"MF,FW",31,Melb City,au,26 NOV 2022,11 : 00,Group D,TUNISIA,4,4,333,1,1,1,1,0,0,4.0,4,1,5.0,8,0,67.0,103.0,1.0,0
Mathew Leckie,AUSTRALIA,"MF,FW",31,Melb City,au,03 DEC 2022,20 : 00,Round of 16,ARGENTINA,4,4,333,1,1,1,1,0,0,4.0,4,1,5.0,8,0,67.0,103.0,1.0,0
Mitchell Duke,AUSTRALIA,FW,31,Fagi Okayama,jp,30 NOV 2022,16 : 00,Group D,DENMARK,4,4,270,1,0,7,4,1,0,0.0,0,2,5.0,6,0,36.0,63.0,1.0,1
Mitchell Duke,AUSTRALIA,FW,31,Fagi Okayama,jp,22 NOV 2022,20 : 00,Group D,FRANCE,4,4,270,1,0,7,4,1,0,0.0,0,2,5.0,6,0,36.0,63.0,1.0,1
Mitchell Duke,AUSTRALIA,FW,31,Fagi Okayama,jp,26 NOV 2022,11 : 00,Group D,TUNISIA,4,4,270,1,0,7,4,1,0,0.0,0,2,5.0,6,0,36.0,63.0,1.0,1
Mitchell Duke,AUSTRALIA,FW,31,Fagi Okayama,jp,03 DEC 2022,20 : 00,Round of 16,ARGENTINA,4,4,270,1,0,7,4,1,0,0.0,0,2,5.0,6,0,36.0,63.0,1.0,1
Riley McGree,AUSTRALIA,"FW,MF",23,Middlesbrough,eng,30 NOV 2022,16 : 00,Group D,DENMARK,4,4,265,0,1,3,1,0,0,2.0,1,5,5.0,9,0,57.0,75.0,0.0,0
Riley McGree,AUSTRALIA,"FW,MF",23,Middlesbrough,eng,22 NOV 2022,20 : 00,Group D,FRANCE,4,4,265,0,1,3,1,0,0,2.0,1,5,5.0,9,0,57.0,75.0,0.0,0
Riley McGree,AUSTRALIA,"FW,MF",23,Middlesbrough,eng,26 NOV 2022,11 : 00,Group D,TUNISIA,4,4,265,0,1,3,1,0,0,2.0,1,5,5.0,9,0,57.0,75.0,0.0,0
Riley McGree,AUSTRALIA,"FW,MF",23,Middlesbrough,eng,03 DEC 2022,20 : 00,Round of 16,ARGENTINA,4,4,265,0,1,3,1,0,0,2.0,1,5,5.0,9,0,57.0,75.0,0.0,0
Craig Goodwin,AUSTRALIA,MF,30,Adelaide,au,30 NOV 2022,16 : 00,Group D,DENMARK,4,3,234,1,1,2,1,0,0,4.0,3,0,3.0,1,0,58.0,95.0,0.0,0
Craig Goodwin,AUSTRALIA,MF,30,Adelaide,au,22 NOV 2022,20 : 00,Group D,FRANCE,4,3,234,1,1,2,1,0,0,4.0,3,0,3.0,1,0,58.0,95.0,0.0,0
Craig Goodwin,AUSTRALIA,MF,30,Adelaide,au,26 NOV 2022,11 : 00,Group D,TUNISIA,4,3,234,1,1,2,1,0,0,4.0,3,0,3.0,1,0,58.0,95.0,0.0,0
Craig Goodwin,AUSTRALIA,MF,30,Adelaide,au,03 DEC 2022,20 : 00,Round of 16,ARGENTINA,4,3,234,1,1,2,1,0,0,4.0,3,0,3.0,1,0,58.0,95.0,0.0,0
Miloš Degenek,AUSTRALIA,DF,28,Columbus Crew,us,30 NOV 2022,16 : 00,Group D,DENMARK,4,2,183,0,0,0,0,2,0,6.0,4,1,2.0,2,0,67.0,101.0,0.0,0
Miloš Degenek,AUSTRALIA,DF,28,Columbus Crew,us,22 NOV 2022,20 : 00,Group D,FRANCE,4,2,183,0,0,0,0,2,0,6.0,4,1,2.0,2,0,67.0,101.0,0.0,0
Miloš Degenek,AUSTRALIA,DF,28,Columbus Crew,us,26 NOV 2022,11 : 00,Group D,TUNISIA,4,2,183,0,0,0,0,2,0,6.0,4,1,2.0,2,0,67.0,101.0,0.0,0
Miloš Degenek,AUSTRALIA,DF,28,Columbus Crew,us,03 DEC 2022,20 : 00,Round of 16,ARGENTINA,4,2,183,0,0,0,0,2,0,6.0,4,1,2.0,2,0,67.0,101.0,0.0,0
Keanu Baccus,AUSTRALIA,MF,24,St Mirren,sct,30 NOV 2022,16 : 00,Group D,DENMARK,4,1,114,0,0,1,0,0,0,1.0,1,2,5.0,4,0,26.0,41.0,0.0,0
Keanu Baccus,AUSTRALIA,MF,24,St Mirren,sct,22 NOV 2022,20 : 00,Group D,FRANCE,4,1,114,0,0,1,0,0,0,1.0,1,2,5.0,4,0,26.0,41.0,0.0,0
Keanu Baccus,AUSTRALIA,MF,24,St Mirren,sct,26 NOV 2022,11 : 00,Group D,TUNISIA,4,1,114,0,0,1,0,0,0,1.0,1,2,5.0,4,0,26.0,41.0,0.0,0
Keanu Baccus,AUSTRALIA,MF,24,St Mirren,sct,03 DEC 2022,20 : 00,Round of 16,ARGENTINA,4,1,114,0,0,1,0,0,0,1.0,1,2,5.0,4,0,26.0,41.0,0.0,0
Fran Karačić,AUSTRALIA,DF,26,Brescia,it,30 NOV 2022,16 : 00,Group D,DENMARK,2,1,93,0,0,3,0,0,0,2.0,1,2,2.0,3,0,33.0,54.0,0.0,0
Fran Karačić,AUSTRALIA,DF,26,Brescia,it,22 NOV 2022,20 : 00,Group D,FRANCE,2,1,93,0,0,3,0,0,0,2.0,1,2,2.0,3,0,33.0,54.0,0.0,0
Fran Karačić,AUSTRALIA,DF,26,Brescia,it,26 NOV 2022,11 : 00,Group D,TUNISIA,2,1,93,0,0,3,0,0,0,2.0,1,2,2.0,3,0,33.0,54.0,0.0,0
Fran Karačić,AUSTRALIA,DF,26,Brescia,it,03 DEC 2022,20 : 00,Round of 16,ARGENTINA,2,1,93,0,0,3,0,0,0,2.0,1,2,2.0,3,0,33.0,54.0,0.0,0
Nathaniel Atkinson,AUSTRALIA,DF,23,Hearts,sct,30 NOV 2022,16 : 00,Group D,DENMARK,1,1,84,0,0,0,0,0,0,4.0,3,1,1.0,0,0,27.0,34.0,0.0,0
Nathaniel Atkinson,AUSTRALIA,DF,23,Hearts,sct,22 NOV 2022,20 : 00,Group D,FRANCE,1,1,84,0,0,0,0,0,0,4.0,3,1,1.0,0,0,27.0,34.0,0.0,0
Nathaniel Atkinson,AUSTRALIA,DF,23,Hearts,sct,26 NOV 2022,11 : 00,Group D,TUNISIA,1,1,84,0,0,0,0,0,0,4.0,3,1,1.0,0,0,27.0,34.0,0.0,0
Nathaniel Atkinson,AUSTRALIA,DF,23,Hearts,sct,03 DEC 2022,20 : 00,Round of 16,ARGENTINA,1,1,84,0,0,0,0,0,0,4.0,3,1,1.0,0,0,27.0,34.0,0.0,0
Ajdin Hrustic,AUSTRALIA,"MF,FW",25,Hellas Verona,it,30 NOV 2022,16 : 00,Group D,DENMARK,3,0,62,0,0,1,0,0,0,2.0,0,1,0.0,1,0,17.0,21.0,1.0,0
Ajdin Hrustic,AUSTRALIA,"MF,FW",25,Hellas Verona,it,22 NOV 2022,20 : 00,Group D,FRANCE,3,0,62,0,0,1,0,0,0,2.0,0,1,0.0,1,0,17.0,21.0,1.0,0
Ajdin Hrustic,AUSTRALIA,"MF,FW",25,Hellas Verona,it,26 NOV 2022,11 : 00,Group D,TUNISIA,3,0,62,0,0,1,0,0,0,2.0,0,1,0.0,1,0,17.0,21.0,1.0,0
Ajdin Hrustic,AUSTRALIA,"MF,FW",25,Hellas Verona,it,03 DEC 2022,20 : 00,Round of 16,ARGENTINA,3,0,62,0,0,1,0,0,0,2.0,0,1,0.0,1,0,17.0,21.0,1.0,0
Jamie Maclaren,AUSTRALIA,FW,28,Melb City,au,30 NOV 2022,16 : 00,Group D,DENMARK,3,0,55,0,0,0,0,0,0,0.0,0,1,0.0,1,0,7.0,15.0,0.0,0
Jamie Maclaren,AUSTRALIA,FW,28,Melb City,au,22 NOV 2022,20 : 00,Group D,FRANCE,3,0,55,0,0,0,0,0,0,0.0,0,1,0.0,1,0,7.0,15.0,0.0,0
Jamie Maclaren,AUSTRALIA,FW,28,Melb City,au,26 NOV 2022,11 : 00,Group D,TUNISIA,3,0,55,0,0,0,0,0,0,0.0,0,1,0.0,1,0,7.0,15.0,0.0,0
Jamie Maclaren,AUSTRALIA,FW,28,Melb City,au,03 DEC 2022,20 : 00,Round of 16,ARGENTINA,3,0,55,0,0,0,0,0,0,0.0,0,1,0.0,1,0,7.0,15.0,0.0,0
Garang Kuol,AUSTRALIA,"FW,MF",17,Central Coast,au,30 NOV 2022,16 : 00,Group D,DENMARK,2,0,37,0,0,1,1,0,0,0.0,0,1,0.0,1,0,3.0,5.0,0.0,0
Garang Kuol,AUSTRALIA,"FW,MF",17,Central Coast,au,22 NOV 2022,20 : 00,Group D,FRANCE,2,0,37,0,0,1,1,0,0,0.0,0,1,0.0,1,0,3.0,5.0,0.0,0
Garang Kuol,AUSTRALIA,"FW,MF",17,Central Coast,au,26 NOV 2022,11 : 00,Group D,TUNISIA,2,0,37,0,0,1,1,0,0,0.0,0,1,0.0,1,0,3.0,5.0,0.0,0
Garang Kuol,AUSTRALIA,"FW,MF",17,Central Coast,au,03 DEC 2022,20 : 00,Round of 16,ARGENTINA,2,0,37,0,0,1,1,0,0,0.0,0,1,0.0,1,0,3.0,5.0,0.0,0
Jason Cummings,AUSTRALIA,FW,26,Central Coast,au,30 NOV 2022,16 : 00,Group D,DENMARK,1,0,35,0,0,0,0,0,0,0.0,0,0,0.0,0,0,4.0,6.0,0.0,0
Jason Cummings,AUSTRALIA,FW,26,Central Coast,au,22 NOV 2022,20 : 00,Group D,FRANCE,1,0,35,0,0,0,0,0,0,0.0,0,0,0.0,0,0,4.0,6.0,0.0,0
Jason Cummings,AUSTRALIA,FW,26,Central Coast,au,26 NOV 2022,11 : 00,Group D,TUNISIA,1,0,35,0,0,0,0,0,0,0.0,0,0,0.0,0,0,4.0,6.0,0.0,0
Jason Cummings,AUSTRALIA,FW,26,Central Coast,au,03 DEC 2022,20 : 00,Round of 16,ARGENTINA,1,0,35,0,0,0,0,0,0,0.0,0,0,0.0,0,0,4.0,6.0,0.0,0
Awer Mabil,AUSTRALIA,MF,26,Cádiz,es,30 NOV 2022,16 : 00,Group D,DENMARK,2,0,24,0,0,0,0,0,0,0.0,0,1,1.0,0,0,10.0,14.0,0.0,0
Awer Mabil,AUSTRALIA,MF,26,Cádiz,es,22 NOV 2022,20 : 00,Group D,FRANCE,2,0,24,0,0,0,0,0,0,0.0,0,1,1.0,0,0,10.0,14.0,0.0,0
Awer Mabil,AUSTRALIA,MF,26,Cádiz,es,26 NOV 2022,11 : 00,Group D,TUNISIA,2,0,24,0,0,0,0,0,0,0.0,0,1,1.0,0,0,10.0,14.0,0.0,0
Awer Mabil,AUSTRALIA,MF,26,Cádiz,es,03 DEC 2022,20 : 00,Round of 16,ARGENTINA,2,0,24,0,0,0,0,0,0,0.0,0,1,1.0,0,0,10.0,14.0,0.0,0
Bailey Wright,AUSTRALIA,DF,29,Sunderland,eng,30 NOV 2022,16 : 00,Group D,DENMARK,1,0,17,0,0,0,0,0,0,0.0,0,0,0.0,0,0,1.0,3.0,0.0,0
Bailey Wright,AUSTRALIA,DF,29,Sunderland,eng,22 NOV 2022,20 : 00,Group D,FRANCE,1,0,17,0,0,0,0,0,0,0.0,0,0,0.0,0,0,1.0,3.0,0.0,0
Bailey Wright,AUSTRALIA,DF,29,Sunderland,eng,26 NOV 2022,11 : 00,Group D,TUNISIA,1,0,17,0,0,0,0,0,0,0.0,0,0,0.0,0,0,1.0,3.0,0.0,0
Bailey Wright,AUSTRALIA,DF,29,Sunderland,eng,03 DEC 2022,20 : 00,Round of 16,ARGENTINA,1,0,17,0,0,0,0,0,0,0.0,0,0,0.0,0,0,1.0,3.0,0.0,0
Manuel Akanji,SWITZERLAND,DF,26,Manchester City,eng,24 NOV 2022,11 : 00,Group G,CAMEROON,4,4,360,1,0,4,1,1,0,4.0,2,3,4.0,4,0,229.0,259.0,0.0,0
Manuel Akanji,SWITZERLAND,DF,26,Manchester City,eng,28 NOV 2022,17 : 00,Group G,BRAZIL,4,4,360,1,0,4,1,1,0,4.0,2,3,4.0,4,0,229.0,259.0,0.0,0
Manuel Akanji,SWITZERLAND,DF,26,Manchester City,eng,02 DEC 2022,20 : 00,Group G,SERBIA,4,4,360,1,0,4,1,1,0,4.0,2,3,4.0,4,0,229.0,259.0,0.0,0
Manuel Akanji,SWITZERLAND,DF,26,Manchester City,eng,06 DEC 2022,20 : 00,Round of 16,PORTUGAL,4,4,360,1,0,4,1,1,0,4.0,2,3,4.0,4,0,229.0,259.0,0.0,0
Granit Xhaka,SWITZERLAND,MF,29,Arsenal,eng,24 NOV 2022,11 : 00,Group G,CAMEROON,4,4,360,0,0,6,3,1,0,6.0,4,2,3.0,5,0,215.0,243.0,1.0,0
Granit Xhaka,SWITZERLAND,MF,29,Arsenal,eng,28 NOV 2022,17 : 00,Group G,BRAZIL,4,4,360,0,0,6,3,1,0,6.0,4,2,3.0,5,0,215.0,243.0,1.0,0
Granit Xhaka,SWITZERLAND,MF,29,Arsenal,eng,02 DEC 2022,20 : 00,Group G,SERBIA,4,4,360,0,0,6,3,1,0,6.0,4,2,3.0,5,0,215.0,243.0,1.0,0
Granit Xhaka,SWITZERLAND,MF,29,Arsenal,eng,06 DEC 2022,20 : 00,Round of 16,PORTUGAL,4,4,360,0,0,6,3,1,0,6.0,4,2,3.0,5,0,215.0,243.0,1.0,0
Ricardo Rodríguez,SWITZERLAND,DF,29,Torino,it,24 NOV 2022,11 : 00,Group G,CAMEROON,4,4,359,0,0,0,0,0,0,7.0,2,0,1.0,6,0,164.0,229.0,0.0,0
Ricardo Rodríguez,SWITZERLAND,DF,29,Torino,it,28 NOV 2022,17 : 00,Group G,BRAZIL,4,4,359,0,0,0,0,0,0,7.0,2,0,1.0,6,0,164.0,229.0,0.0,0
Ricardo Rodríguez,SWITZERLAND,DF,29,Torino,it,02 DEC 2022,20 : 00,Group G,SERBIA,4,4,359,0,0,0,0,0,0,7.0,2,0,1.0,6,0,164.0,229.0,0.0,0
Ricardo Rodríguez,SWITZERLAND,DF,29,Torino,it,06 DEC 2022,20 : 00,Round of 16,PORTUGAL,4,4,359,0,0,0,0,0,0,7.0,2,0,1.0,6,0,164.0,229.0,0.0,0
Breel Embolo,SWITZERLAND,FW,25,Monaco,fr,24 NOV 2022,11 : 00,Group G,CAMEROON,4,4,323,2,0,6,3,0,0,1.0,0,0,2.0,3,0,46.0,62.0,2.0,2
Breel Embolo,SWITZERLAND,FW,25,Monaco,fr,28 NOV 2022,17 : 00,Group G,BRAZIL,4,4,323,2,0,6,3,0,0,1.0,0,0,2.0,3,0,46.0,62.0,2.0,2
Breel Embolo,SWITZERLAND,FW,25,Monaco,fr,02 DEC 2022,20 : 00,Group G,SERBIA,4,4,323,2,0,6,3,0,0,1.0,0,0,2.0,3,0,46.0,62.0,2.0,2
Breel Embolo,SWITZERLAND,FW,25,Monaco,fr,06 DEC 2022,20 : 00,Round of 16,PORTUGAL,4,4,323,2,0,6,3,0,0,1.0,0,0,2.0,3,0,46.0,62.0,2.0,2
Remo Freuler,SWITZERLAND,MF,30,Nott'ham Forest,eng,24 NOV 2022,11 : 00,Group G,CAMEROON,4,4,323,1,0,3,1,0,0,8.0,5,3,3.0,6,0,127.0,154.0,0.0,0
Remo Freuler,SWITZERLAND,MF,30,Nott'ham Forest,eng,28 NOV 2022,17 : 00,Group G,BRAZIL,4,4,323,1,0,3,1,0,0,8.0,5,3,3.0,6,0,127.0,154.0,0.0,0
Remo Freuler,SWITZERLAND,MF,30,Nott'ham Forest,eng,02 DEC 2022,20 : 00,Group G,SERBIA,4,4,323,1,0,3,1,0,0,8.0,5,3,3.0,6,0,127.0,154.0,0.0,0
Remo Freuler,SWITZERLAND,MF,30,Nott'ham Forest,eng,06 DEC 2022,20 : 00,Round of 16,PORTUGAL,4,4,323,1,0,3,1,0,0,8.0,5,3,3.0,6,0,127.0,154.0,0.0,0
Ruben Vargas,SWITZERLAND,FW,23,Augsburg,de,24 NOV 2022,11 : 00,Group G,CAMEROON,4,4,285,0,1,3,1,1,0,0.0,0,1,2.0,4,0,80.0,117.0,1.0,1
Ruben Vargas,SWITZERLAND,FW,23,Augsburg,de,28 NOV 2022,17 : 00,Group G,BRAZIL,4,4,285,0,1,3,1,1,0,0.0,0,1,2.0,4,0,80.0,117.0,1.0,1
Ruben Vargas,SWITZERLAND,FW,23,Augsburg,de,02 DEC 2022,20 : 00,Group G,SERBIA,4,4,285,0,1,3,1,1,0,0.0,0,1,2.0,4,0,80.0,117.0,1.0,1
Ruben Vargas,SWITZERLAND,FW,23,Augsburg,de,06 DEC 2022,20 : 00,Round of 16,PORTUGAL,4,4,285,0,1,3,1,1,0,0.0,0,1,2.0,4,0,80.0,117.0,1.0,1
Djibril Sow,SWITZERLAND,MF,25,Eint Frankfurt,de,24 NOV 2022,11 : 00,Group G,CAMEROON,4,4,264,0,1,2,0,0,0,2.0,1,2,0.0,2,0,84.0,97.0,0.0,0
Djibril Sow,SWITZERLAND,MF,25,Eint Frankfurt,de,28 NOV 2022,17 : 00,Group G,BRAZIL,4,4,264,0,1,2,0,0,0,2.0,1,2,0.0,2,0,84.0,97.0,0.0,0
Djibril Sow,SWITZERLAND,MF,25,Eint Frankfurt,de,02 DEC 2022,20 : 00,Group G,SERBIA,4,4,264,0,1,2,0,0,0,2.0,1,2,0.0,2,0,84.0,97.0,0.0,0
Djibril Sow,SWITZERLAND,MF,25,Eint Frankfurt,de,06 DEC 2022,20 : 00,Round of 16,PORTUGAL,4,4,264,0,1,2,0,0,0,2.0,1,2,0.0,2,0,84.0,97.0,0.0,0
Yann Sommer,SWITZERLAND,GK,33,M'Gladbach,de,24 NOV 2022,11 : 00,Group G,CAMEROON,3,3,270,0,0,0,0,0,0,0.0,0,0,0.0,0,0,108.0,118.0,0.0,0
Yann Sommer,SWITZERLAND,GK,33,M'Gladbach,de,28 NOV 2022,17 : 00,Group G,BRAZIL,3,3,270,0,0,0,0,0,0,0.0,0,0,0.0,0,0,108.0,118.0,0.0,0
Yann Sommer,SWITZERLAND,GK,33,M'Gladbach,de,02 DEC 2022,20 : 00,Group G,SERBIA,3,3,270,0,0,0,0,0,0,0.0,0,0,0.0,0,0,108.0,118.0,0.0,0
Yann Sommer,SWITZERLAND,GK,33,M'Gladbach,de,06 DEC 2022,20 : 00,Round of 16,PORTUGAL,3,3,270,0,0,0,0,0,0,0.0,0,0,0.0,0,0,108.0,118.0,0.0,0
Silvan Widmer,SWITZERLAND,DF,29,Mainz 05,de,24 NOV 2022,11 : 00,Group G,CAMEROON,3,3,265,0,1,1,0,1,0,10.0,6,2,3.0,4,0,127.0,169.0,1.0,0
Silvan Widmer,SWITZERLAND,DF,29,Mainz 05,de,28 NOV 2022,17 : 00,Group G,BRAZIL,3,3,265,0,1,1,0,1,0,10.0,6,2,3.0,4,0,127.0,169.0,1.0,0
Silvan Widmer,SWITZERLAND,DF,29,Mainz 05,de,02 DEC 2022,20 : 00,Group G,SERBIA,3,3,265,0,1,1,0,1,0,10.0,6,2,3.0,4,0,127.0,169.0,1.0,0
Silvan Widmer,SWITZERLAND,DF,29,Mainz 05,de,06 DEC 2022,20 : 00,Round of 16,PORTUGAL,3,3,265,0,1,1,0,1,0,10.0,6,2,3.0,4,0,127.0,169.0,1.0,0
Xherdan Shaqiri,SWITZERLAND,"FW,MF",30,Chicago Fire,us,24 NOV 2022,11 : 00,Group G,CAMEROON,3,3,229,1,1,4,2,0,0,0.0,0,0,0.0,2,0,67.0,104.0,0.0,0
Xherdan Shaqiri,SWITZERLAND,"FW,MF",30,Chicago Fire,us,28 NOV 2022,17 : 00,Group G,BRAZIL,3,3,229,1,1,4,2,0,0,0.0,0,0,0.0,2,0,67.0,104.0,0.0,0
Xherdan Shaqiri,SWITZERLAND,"FW,MF",30,Chicago Fire,us,02 DEC 2022,20 : 00,Group G,SERBIA,3,3,229,1,1,4,2,0,0,0.0,0,0,0.0,2,0,67.0,104.0,0.0,0
Xherdan Shaqiri,SWITZERLAND,"FW,MF",30,Chicago Fire,us,06 DEC 2022,20 : 00,Round of 16,PORTUGAL,3,3,229,1,1,4,2,0,0,0.0,0,0,0.0,2,0,67.0,104.0,0.0,0
Nico Elvedi,SWITZERLAND,DF,25,M'Gladbach,de,24 NOV 2022,11 : 00,Group G,CAMEROON,2,2,180,0,0,1,0,1,0,2.0,0,1,5.0,3,0,131.0,142.0,0.0,0
Nico Elvedi,SWITZERLAND,DF,25,M'Gladbach,de,28 NOV 2022,17 : 00,Group G,BRAZIL,2,2,180,0,0,1,0,1,0,2.0,0,1,5.0,3,0,131.0,142.0,0.0,0
Nico Elvedi,SWITZERLAND,DF,25,M'Gladbach,de,02 DEC 2022,20 : 00,Group G,SERBIA,2,2,180,0,0,1,0,1,0,2.0,0,1,5.0,3,0,131.0,142.0,0.0,0
Nico Elvedi,SWITZERLAND,DF,25,M'Gladbach,de,06 DEC 2022,20 : 00,Round of 16,PORTUGAL,2,2,180,0,0,1,0,1,0,2.0,0,1,5.0,3,0,131.0,142.0,0.0,0
Fabian Schär,SWITZERLAND,DF,30,Newcastle Utd,eng,24 NOV 2022,11 : 00,Group G,CAMEROON,2,2,135,0,0,2,0,2,0,2.0,1,2,1.0,1,0,65.0,82.0,0.0,0
Fabian Schär,SWITZERLAND,DF,30,Newcastle Utd,eng,28 NOV 2022,17 : 00,Group G,BRAZIL,2,2,135,0,0,2,0,2,0,2.0,1,2,1.0,1,0,65.0,82.0,0.0,0
Fabian Schär,SWITZERLAND,DF,30,Newcastle Utd,eng,02 DEC 2022,20 : 00,Group G,SERBIA,2,2,135,0,0,2,0,2,0,2.0,1,2,1.0,1,0,65.0,82.0,0.0,0
Fabian Schär,SWITZERLAND,DF,30,Newcastle Utd,eng,06 DEC 2022,20 : 00,Round of 16,PORTUGAL,2,2,135,0,0,2,0,2,0,2.0,1,2,1.0,1,0,65.0,82.0,0.0,0
Edimilson Fernandes,SWITZERLAND,"FW,DF",26,Mainz 05,de,24 NOV 2022,11 : 00,Group G,CAMEROON,3,1,145,0,0,1,0,0,0,2.0,1,2,3.0,1,0,65.0,82.0,0.0,1
Edimilson Fernandes,SWITZERLAND,"FW,DF",26,Mainz 05,de,28 NOV 2022,17 : 00,Group G,BRAZIL,3,1,145,0,0,1,0,0,0,2.0,1,2,3.0,1,0,65.0,82.0,0.0,1
Edimilson Fernandes,SWITZERLAND,"FW,DF",26,Mainz 05,de,02 DEC 2022,20 : 00,Group G,SERBIA,3,1,145,0,0,1,0,0,0,2.0,1,2,3.0,1,0,65.0,82.0,0.0,1
Edimilson Fernandes,SWITZERLAND,"FW,DF",26,Mainz 05,de,06 DEC 2022,20 : 00,Round of 16,PORTUGAL,3,1,145,0,0,1,0,0,0,2.0,1,2,3.0,1,0,65.0,82.0,0.0,1
Gregor Kobel,SWITZERLAND,GK,24,Dortmund,de,24 NOV 2022,11 : 00,Group G,CAMEROON,1,1,90,0,0,0,0,0,0,0.0,0,0,0.0,0,0,21.0,29.0,0.0,0
Gregor Kobel,SWITZERLAND,GK,24,Dortmund,de,28 NOV 2022,17 : 00,Group G,BRAZIL,1,1,90,0,0,0,0,0,0,0.0,0,0,0.0,0,0,21.0,29.0,0.0,0
Gregor Kobel,SWITZERLAND,GK,24,Dortmund,de,02 DEC 2022,20 : 00,Group G,SERBIA,1,1,90,0,0,0,0,0,0,0.0,0,0,0.0,0,0,21.0,29.0,0.0,0
Gregor Kobel,SWITZERLAND,GK,24,Dortmund,de,06 DEC 2022,20 : 00,Round of 16,PORTUGAL,1,1,90,0,0,0,0,0,0,0.0,0,0,0.0,0,0,21.0,29.0,0.0,0
Fabian Rieder,SWITZERLAND,FW,20,Young Boys,ch,24 NOV 2022,11 : 00,Group G,CAMEROON,2,1,68,0,0,0,0,1,0,3.0,2,0,2.0,4,0,13.0,26.0,1.0,0
Fabian Rieder,SWITZERLAND,FW,20,Young Boys,ch,28 NOV 2022,17 : 00,Group G,BRAZIL,2,1,68,0,0,0,0,1,0,3.0,2,0,2.0,4,0,13.0,26.0,1.0,0
Fabian Rieder,SWITZERLAND,FW,20,Young Boys,ch,02 DEC 2022,20 : 00,Group G,SERBIA,2,1,68,0,0,0,0,1,0,3.0,2,0,2.0,4,0,13.0,26.0,1.0,0
Fabian Rieder,SWITZERLAND,FW,20,Young Boys,ch,06 DEC 2022,20 : 00,Round of 16,PORTUGAL,2,1,68,0,0,0,0,1,0,3.0,2,0,2.0,4,0,13.0,26.0,1.0,0
Haris Seferović,SWITZERLAND,FW,30,Galatasaray,tr,24 NOV 2022,11 : 00,Group G,CAMEROON,3,0,71,0,0,1,0,0,0,0.0,0,0,2.0,1,0,10.0,14.0,0.0,0
Haris Seferović,SWITZERLAND,FW,30,Galatasaray,tr,28 NOV 2022,17 : 00,Group G,BRAZIL,3,0,71,0,0,1,0,0,0,0.0,0,0,2.0,1,0,10.0,14.0,0.0,0
Haris Seferović,SWITZERLAND,FW,30,Galatasaray,tr,02 DEC 2022,20 : 00,Group G,SERBIA,3,0,71,0,0,1,0,0,0,0.0,0,0,2.0,1,0,10.0,14.0,0.0,0
Haris Seferović,SWITZERLAND,FW,30,Galatasaray,tr,06 DEC 2022,20 : 00,Round of 16,PORTUGAL,3,0,71,0,0,1,0,0,0,0.0,0,0,2.0,1,0,10.0,14.0,0.0,0
Denis Zakaria,SWITZERLAND,MF,25,Chelsea,eng,24 NOV 2022,11 : 00,Group G,CAMEROON,2,0,59,0,0,1,0,0,0,0.0,0,3,1.0,1,0,20.0,23.0,0.0,0
Denis Zakaria,SWITZERLAND,MF,25,Chelsea,eng,28 NOV 2022,17 : 00,Group G,BRAZIL,2,0,59,0,0,1,0,0,0,0.0,0,3,1.0,1,0,20.0,23.0,0.0,0
Denis Zakaria,SWITZERLAND,MF,25,Chelsea,eng,02 DEC 2022,20 : 00,Group G,SERBIA,2,0,59,0,0,1,0,0,0,0.0,0,3,1.0,1,0,20.0,23.0,0.0,0
Denis Zakaria,SWITZERLAND,MF,25,Chelsea,eng,06 DEC 2022,20 : 00,Round of 16,PORTUGAL,2,0,59,0,0,1,0,0,0,0.0,0,3,1.0,1,0,20.0,23.0,0.0,0
Eray Cömert,SWITZERLAND,DF,24,Valencia,es,24 NOV 2022,11 : 00,Group G,CAMEROON,2,0,46,0,0,0,0,1,0,0.0,0,2,1.0,3,0,38.0,42.0,0.0,0
Eray Cömert,SWITZERLAND,DF,24,Valencia,es,28 NOV 2022,17 : 00,Group G,BRAZIL,2,0,46,0,0,0,0,1,0,0.0,0,2,1.0,3,0,38.0,42.0,0.0,0
Eray Cömert,SWITZERLAND,DF,24,Valencia,es,02 DEC 2022,20 : 00,Group G,SERBIA,2,0,46,0,0,0,0,1,0,0.0,0,2,1.0,3,0,38.0,42.0,0.0,0
Eray Cömert,SWITZERLAND,DF,24,Valencia,es,06 DEC 2022,20 : 00,Round of 16,PORTUGAL,2,0,46,0,0,0,0,1,0,0.0,0,2,1.0,3,0,38.0,42.0,0.0,0
Noah Okafor,SWITZERLAND,"FW,MF",22,RB Salzburg,at,24 NOV 2022,11 : 00,Group G,CAMEROON,3,0,45,0,0,1,0,0,0,0.0,0,0,1.0,2,0,17.0,22.0,0.0,1
Noah Okafor,SWITZERLAND,"FW,MF",22,RB Salzburg,at,28 NOV 2022,17 : 00,Group G,BRAZIL,3,0,45,0,0,1,0,0,0,0.0,0,0,1.0,2,0,17.0,22.0,0.0,1
Noah Okafor,SWITZERLAND,"FW,MF",22,RB Salzburg,at,02 DEC 2022,20 : 00,Group G,SERBIA,3,0,45,0,0,1,0,0,0,0.0,0,0,1.0,2,0,17.0,22.0,0.0,1
Noah Okafor,SWITZERLAND,"FW,MF",22,RB Salzburg,at,06 DEC 2022,20 : 00,Round of 16,PORTUGAL,3,0,45,0,0,1,0,0,0,0.0,0,0,1.0,2,0,17.0,22.0,0.0,1
Renato Steffen,SWITZERLAND,FW,30,Lugano,ch,24 NOV 2022,11 : 00,Group G,CAMEROON,1,0,32,0,0,0,0,0,0,0.0,0,0,1.0,0,0,13.0,15.0,0.0,1
Renato Steffen,SWITZERLAND,FW,30,Lugano,ch,28 NOV 2022,17 : 00,Group G,BRAZIL,1,0,32,0,0,0,0,0,0,0.0,0,0,1.0,0,0,13.0,15.0,0.0,1
Renato Steffen,SWITZERLAND,FW,30,Lugano,ch,02 DEC 2022,20 : 00,Group G,SERBIA,1,0,32,0,0,0,0,0,0,0.0,0,0,1.0,0,0,13.0,15.0,0.0,1
Renato Steffen,SWITZERLAND,FW,30,Lugano,ch,06 DEC 2022,20 : 00,Round of 16,PORTUGAL,1,0,32,0,0,0,0,0,0,0.0,0,0,1.0,0,0,13.0,15.0,0.0,1
Fabian Frei,SWITZERLAND,MF,33,Basel,ch,24 NOV 2022,11 : 00,Group G,CAMEROON,2,0,25,0,0,0,0,0,0,1.0,1,1,0.0,1,0,9.0,14.0,0.0,0
Fabian Frei,SWITZERLAND,MF,33,Basel,ch,28 NOV 2022,17 : 00,Group G,BRAZIL,2,0,25,0,0,0,0,0,0,1.0,1,1,0.0,1,0,9.0,14.0,0.0,0
Fabian Frei,SWITZERLAND,MF,33,Basel,ch,02 DEC 2022,20 : 00,Group G,SERBIA,2,0,25,0,0,0,0,0,0,1.0,1,1,0.0,1,0,9.0,14.0,0.0,0
Fabian Frei,SWITZERLAND,MF,33,Basel,ch,06 DEC 2022,20 : 00,Round of 16,PORTUGAL,2,0,25,0,0,0,0,0,0,1.0,1,1,0.0,1,0,9.0,14.0,0.0,0
Michel Aebischer,SWITZERLAND,"MF,FW",25,Bologna,it,24 NOV 2022,11 : 00,Group G,CAMEROON,1,0,16,0,0,0,0,0,0,0.0,0,0,0.0,0,0,2.0,4.0,0.0,0
Michel Aebischer,SWITZERLAND,"MF,FW",25,Bologna,it,28 NOV 2022,17 : 00,Group G,BRAZIL,1,0,16,0,0,0,0,0,0,0.0,0,0,0.0,0,0,2.0,4.0,0.0,0
Michel Aebischer,SWITZERLAND,"MF,FW",25,Bologna,it,02 DEC 2022,20 : 00,Group G,SERBIA,1,0,16,0,0,0,0,0,0,0.0,0,0,0.0,0,0,2.0,4.0,0.0,0
Michel Aebischer,SWITZERLAND,"MF,FW",25,Bologna,it,06 DEC 2022,20 : 00,Round of 16,PORTUGAL,1,0,16,0,0,0,0,0,0,0.0,0,0,0.0,0,0,2.0,4.0,0.0,0
Christian Fassnacht,SWITZERLAND,FW,28,Young Boys,ch,24 NOV 2022,11 : 00,Group G,CAMEROON,1,0,8,0,0,1,1,0,0,0.0,0,0,0.0,0,0,7.0,10.0,2.0,0
Christian Fassnacht,SWITZERLAND,FW,28,Young Boys,ch,28 NOV 2022,17 : 00,Group G,BRAZIL,1,0,8,0,0,1,1,0,0,0.0,0,0,0.0,0,0,7.0,10.0,2.0,0
Christian Fassnacht,SWITZERLAND,FW,28,Young Boys,ch,02 DEC 2022,20 : 00,Group G,SERBIA,1,0,8,0,0,1,1,0,0,0.0,0,0,0.0,0,0,7.0,10.0,2.0,0
Christian Fassnacht,SWITZERLAND,FW,28,Young Boys,ch,06 DEC 2022,20 : 00,Round of 16,PORTUGAL,1,0,8,0,0,1,1,0,0,0.0,0,0,0.0,0,0,7.0,10.0,2.0,0
Ardon Jasari,SWITZERLAND,FW,19,Luzern,ch,24 NOV 2022,11 : 00,Group G,CAMEROON,1,0,2,0,0,0,0,0,0,0.0,0,0,0.0,0,0,5.0,6.0,0.0,0
Ardon Jasari,SWITZERLAND,FW,19,Luzern,ch,28 NOV 2022,17 : 00,Group G,BRAZIL,1,0,2,0,0,0,0,0,0,0.0,0,0,0.0,0,0,5.0,6.0,0.0,0
Ardon Jasari,SWITZERLAND,FW,19,Luzern,ch,02 DEC 2022,20 : 00,Group G,SERBIA,1,0,2,0,0,0,0,0,0,0.0,0,0,0.0,0,0,5.0,6.0,0.0,0
Ardon Jasari,SWITZERLAND,FW,19,Luzern,ch,06 DEC 2022,20 : 00,Round of 16,PORTUGAL,1,0,2,0,0,0,0,0,0,0.0,0,0,0.0,0,0,5.0,6.0,0.0,0
Rodri,SPAIN,DF,25,Manchester City,eng,23 NOV 2022,17 : 00,Group E,COSTA RICA,4,4,390,0,0,1,0,0,0,5.0,2,3,3.0,5,0,642.0,689.0,0.0,0
Rodri,SPAIN,DF,25,Manchester City,eng,27 NOV 2022,20 : 00,Group E,GERMANY,4,4,390,0,0,1,0,0,0,5.0,2,3,3.0,5,0,642.0,689.0,0.0,0
Rodri,SPAIN,DF,25,Manchester City,eng,01 DEC 2022,20 : 00,Group E,JAPAN,4,4,390,0,0,1,0,0,0,5.0,2,3,3.0,5,0,642.0,689.0,0.0,0
Rodri,SPAIN,DF,25,Manchester City,eng,06 DEC 2022,16 : 00,Round of 16,MOROCCO,4,4,390,0,0,1,0,0,0,5.0,2,3,3.0,5,0,642.0,689.0,0.0,0
Unai Simón,SPAIN,GK,25,Athletic Club,es,23 NOV 2022,17 : 00,Group E,COSTA RICA,4,4,390,0,0,0,0,0,0,0.0,0,0,0.0,0,0,150.0,160.0,0.0,0
Unai Simón,SPAIN,GK,25,Athletic Club,es,27 NOV 2022,20 : 00,Group E,GERMANY,4,4,390,0,0,0,0,0,0,0.0,0,0,0.0,0,0,150.0,160.0,0.0,0
Unai Simón,SPAIN,GK,25,Athletic Club,es,01 DEC 2022,20 : 00,Group E,JAPAN,4,4,390,0,0,0,0,0,0,0.0,0,0,0.0,0,0,150.0,160.0,0.0,0
Unai Simón,SPAIN,GK,25,Athletic Club,es,06 DEC 2022,16 : 00,Round of 16,MOROCCO,4,4,390,0,0,0,0,0,0,0.0,0,0,0.0,0,0,150.0,160.0,0.0,0
Dani Olmo,SPAIN,FW,24,RB Leipzig,de,23 NOV 2022,17 : 00,Group E,COSTA RICA,4,4,367,1,1,12,6,0,0,5.0,3,1,5.0,5,0,162.0,198.0,4.0,2
Dani Olmo,SPAIN,FW,24,RB Leipzig,de,27 NOV 2022,20 : 00,Group E,GERMANY,4,4,367,1,1,12,6,0,0,5.0,3,1,5.0,5,0,162.0,198.0,4.0,2
Dani Olmo,SPAIN,FW,24,RB Leipzig,de,01 DEC 2022,20 : 00,Group E,JAPAN,4,4,367,1,1,12,6,0,0,5.0,3,1,5.0,5,0,162.0,198.0,4.0,2
Dani Olmo,SPAIN,FW,24,RB Leipzig,de,06 DEC 2022,16 : 00,Round of 16,MOROCCO,4,4,367,1,1,12,6,0,0,5.0,3,1,5.0,5,0,162.0,198.0,4.0,2
Sergio Busquets,SPAIN,MF,33,Barcelona,es,23 NOV 2022,17 : 00,Group E,COSTA RICA,4,4,363,0,0,2,0,1,0,7.0,4,1,2.0,3,0,261.0,289.0,1.0,0
Sergio Busquets,SPAIN,MF,33,Barcelona,es,27 NOV 2022,20 : 00,Group E,GERMANY,4,4,363,0,0,2,0,1,0,7.0,4,1,2.0,3,0,261.0,289.0,1.0,0
Sergio Busquets,SPAIN,MF,33,Barcelona,es,01 DEC 2022,20 : 00,Group E,JAPAN,4,4,363,0,0,2,0,1,0,7.0,4,1,2.0,3,0,261.0,289.0,1.0,0
Sergio Busquets,SPAIN,MF,33,Barcelona,es,06 DEC 2022,16 : 00,Round of 16,MOROCCO,4,4,363,0,0,2,0,1,0,7.0,4,1,2.0,3,0,261.0,289.0,1.0,0
Pedri,SPAIN,MF,19,Barcelona,es,23 NOV 2022,17 : 00,Group E,COSTA RICA,4,4,356,0,0,0,0,0,0,4.0,2,4,5.0,2,0,393.0,434.0,6.0,0
Pedri,SPAIN,MF,19,Barcelona,es,27 NOV 2022,20 : 00,Group E,GERMANY,4,4,356,0,0,0,0,0,0,4.0,2,4,5.0,2,0,393.0,434.0,6.0,0
Pedri,SPAIN,MF,19,Barcelona,es,01 DEC 2022,20 : 00,Group E,JAPAN,4,4,356,0,0,0,0,0,0,4.0,2,4,5.0,2,0,393.0,434.0,6.0,0
Pedri,SPAIN,MF,19,Barcelona,es,06 DEC 2022,16 : 00,Round of 16,MOROCCO,4,4,356,0,0,0,0,0,0,4.0,2,4,5.0,2,0,393.0,434.0,6.0,0
Gavi,SPAIN,MF,17,Barcelona,es,23 NOV 2022,17 : 00,Group E,COSTA RICA,4,4,284,1,0,1,1,0,0,8.0,4,1,3.0,9,0,133.0,154.0,3.0,0
Gavi,SPAIN,MF,17,Barcelona,es,27 NOV 2022,20 : 00,Group E,GERMANY,4,4,284,1,0,1,1,0,0,8.0,4,1,3.0,9,0,133.0,154.0,3.0,0
Gavi,SPAIN,MF,17,Barcelona,es,01 DEC 2022,20 : 00,Group E,JAPAN,4,4,284,1,0,1,1,0,0,8.0,4,1,3.0,9,0,133.0,154.0,3.0,0
Gavi,SPAIN,MF,17,Barcelona,es,06 DEC 2022,16 : 00,Round of 16,MOROCCO,4,4,284,1,0,1,1,0,0,8.0,4,1,3.0,9,0,133.0,154.0,3.0,0
Aymeric Laporte,SPAIN,DF,28,Manchester City,eng,23 NOV 2022,17 : 00,Group E,COSTA RICA,3,3,300,0,0,1,0,1,0,2.0,0,3,0.0,3,0,413.0,438.0,0.0,0
Aymeric Laporte,SPAIN,DF,28,Manchester City,eng,27 NOV 2022,20 : 00,Group E,GERMANY,3,3,300,0,0,1,0,1,0,2.0,0,3,0.0,3,0,413.0,438.0,0.0,0
Aymeric Laporte,SPAIN,DF,28,Manchester City,eng,01 DEC 2022,20 : 00,Group E,JAPAN,3,3,300,0,0,1,0,1,0,2.0,0,3,0.0,3,0,413.0,438.0,0.0,0
Aymeric Laporte,SPAIN,DF,28,Manchester City,eng,06 DEC 2022,16 : 00,Round of 16,MOROCCO,3,3,300,0,0,1,0,1,0,2.0,0,3,0.0,3,0,413.0,438.0,0.0,0
Jordi Alba,SPAIN,DF,33,Barcelona,es,23 NOV 2022,17 : 00,Group E,COSTA RICA,4,3,264,0,2,2,0,0,0,6.0,4,3,2.0,4,0,328.0,372.0,2.0,1
Jordi Alba,SPAIN,DF,33,Barcelona,es,27 NOV 2022,20 : 00,Group E,GERMANY,4,3,264,0,2,2,0,0,0,6.0,4,3,2.0,4,0,328.0,372.0,2.0,1
Jordi Alba,SPAIN,DF,33,Barcelona,es,01 DEC 2022,20 : 00,Group E,JAPAN,4,3,264,0,2,2,0,0,0,6.0,4,3,2.0,4,0,328.0,372.0,2.0,1
Jordi Alba,SPAIN,DF,33,Barcelona,es,06 DEC 2022,16 : 00,Round of 16,MOROCCO,4,3,264,0,2,2,0,0,0,6.0,4,3,2.0,4,0,328.0,372.0,2.0,1
Marco Asensio,SPAIN,FW,26,Real Madrid,es,23 NOV 2022,17 : 00,Group E,COSTA RICA,4,3,229,1,0,10,2,0,0,1.0,1,0,1.0,3,0,89.0,119.0,0.0,0
Marco Asensio,SPAIN,FW,26,Real Madrid,es,27 NOV 2022,20 : 00,Group E,GERMANY,4,3,229,1,0,10,2,0,0,1.0,1,0,1.0,3,0,89.0,119.0,0.0,0
Marco Asensio,SPAIN,FW,26,Real Madrid,es,01 DEC 2022,20 : 00,Group E,JAPAN,4,3,229,1,0,10,2,0,0,1.0,1,0,1.0,3,0,89.0,119.0,0.0,0
Marco Asensio,SPAIN,FW,26,Real Madrid,es,06 DEC 2022,16 : 00,Round of 16,MOROCCO,4,3,229,1,0,10,2,0,0,1.0,1,0,1.0,3,0,89.0,119.0,0.0,0
Ferrán Torres,SPAIN,FW,22,Barcelona,es,23 NOV 2022,17 : 00,Group E,COSTA RICA,4,3,217,2,0,3,1,0,0,0.0,0,0,1.0,1,0,59.0,85.0,1.0,2
Ferrán Torres,SPAIN,FW,22,Barcelona,es,27 NOV 2022,20 : 00,Group E,GERMANY,4,3,217,2,0,3,1,0,0,0.0,0,0,1.0,1,0,59.0,85.0,1.0,2
Ferrán Torres,SPAIN,FW,22,Barcelona,es,01 DEC 2022,20 : 00,Group E,JAPAN,4,3,217,2,0,3,1,0,0,0.0,0,0,1.0,1,0,59.0,85.0,1.0,2
Ferrán Torres,SPAIN,FW,22,Barcelona,es,06 DEC 2022,16 : 00,Round of 16,MOROCCO,4,3,217,2,0,3,1,0,0,0.0,0,0,1.0,1,0,59.0,85.0,1.0,2
César Azpilicueta,SPAIN,DF,32,Chelsea,eng,23 NOV 2022,17 : 00,Group E,COSTA RICA,2,2,135,0,1,0,0,0,0,1.0,0,1,2.0,2,0,171.0,181.0,0.0,0
César Azpilicueta,SPAIN,DF,32,Chelsea,eng,27 NOV 2022,20 : 00,Group E,GERMANY,2,2,135,0,1,0,0,0,0,1.0,0,1,2.0,2,0,171.0,181.0,0.0,0
César Azpilicueta,SPAIN,DF,32,Chelsea,eng,01 DEC 2022,20 : 00,Group E,JAPAN,2,2,135,0,1,0,0,0,0,1.0,0,1,2.0,2,0,171.0,181.0,0.0,0
César Azpilicueta,SPAIN,DF,32,Chelsea,eng,06 DEC 2022,16 : 00,Round of 16,MOROCCO,2,2,135,0,1,0,0,0,0,1.0,0,1,2.0,2,0,171.0,181.0,0.0,0
Álvaro Morata,SPAIN,FW,29,Atlético Madrid,es,23 NOV 2022,17 : 00,Group E,COSTA RICA,4,1,185,3,1,8,5,0,0,1.0,1,0,2.0,1,0,28.0,41.0,1.0,5
Álvaro Morata,SPAIN,FW,29,Atlético Madrid,es,27 NOV 2022,20 : 00,Group E,GERMANY,4,1,185,3,1,8,5,0,0,1.0,1,0,2.0,1,0,28.0,41.0,1.0,5
Álvaro Morata,SPAIN,FW,29,Atlético Madrid,es,01 DEC 2022,20 : 00,Group E,JAPAN,4,1,185,3,1,8,5,0,0,1.0,1,0,2.0,1,0,28.0,41.0,1.0,5
Álvaro Morata,SPAIN,FW,29,Atlético Madrid,es,06 DEC 2022,16 : 00,Round of 16,MOROCCO,4,1,185,3,1,8,5,0,0,1.0,1,0,2.0,1,0,28.0,41.0,1.0,5
Nico Williams,SPAIN,FW,19,Athletic Club,es,23 NOV 2022,17 : 00,Group E,COSTA RICA,4,1,146,0,0,1,0,0,0,4.0,2,0,2.0,0,0,50.0,63.0,5.0,1
Nico Williams,SPAIN,FW,19,Athletic Club,es,27 NOV 2022,20 : 00,Group E,GERMANY,4,1,146,0,0,1,0,0,0,4.0,2,0,2.0,0,0,50.0,63.0,5.0,1
Nico Williams,SPAIN,FW,19,Athletic Club,es,01 DEC 2022,20 : 00,Group E,JAPAN,4,1,146,0,0,1,0,0,0,4.0,2,0,2.0,0,0,50.0,63.0,5.0,1
Nico Williams,SPAIN,FW,19,Athletic Club,es,06 DEC 2022,16 : 00,Round of 16,MOROCCO,4,1,146,0,0,1,0,0,0,4.0,2,0,2.0,0,0,50.0,63.0,5.0,1
Dani Carvajal,SPAIN,DF,30,Real Madrid,es,23 NOV 2022,17 : 00,Group E,COSTA RICA,2,1,135,0,0,0,0,0,0,1.0,1,2,0.0,0,0,121.0,135.0,0.0,0
Dani Carvajal,SPAIN,DF,30,Real Madrid,es,27 NOV 2022,20 : 00,Group E,GERMANY,2,1,135,0,0,0,0,0,0,1.0,1,2,0.0,0,0,121.0,135.0,0.0,0
Dani Carvajal,SPAIN,DF,30,Real Madrid,es,01 DEC 2022,20 : 00,Group E,JAPAN,2,1,135,0,0,0,0,0,0,1.0,1,2,0.0,0,0,121.0,135.0,0.0,0
Dani Carvajal,SPAIN,DF,30,Real Madrid,es,06 DEC 2022,16 : 00,Round of 16,MOROCCO,2,1,135,0,0,0,0,0,0,1.0,1,2,0.0,0,0,121.0,135.0,0.0,0
Alejandro Balde,SPAIN,DF,18,Barcelona,es,23 NOV 2022,17 : 00,Group E,COSTA RICA,4,1,126,0,0,1,0,0,0,6.0,6,0,2.0,2,0,112.0,123.0,0.0,0
Alejandro Balde,SPAIN,DF,18,Barcelona,es,27 NOV 2022,20 : 00,Group E,GERMANY,4,1,126,0,0,1,0,0,0,6.0,6,0,2.0,2,0,112.0,123.0,0.0,0
Alejandro Balde,SPAIN,DF,18,Barcelona,es,01 DEC 2022,20 : 00,Group E,JAPAN,4,1,126,0,0,1,0,0,0,6.0,6,0,2.0,2,0,112.0,123.0,0.0,0
Alejandro Balde,SPAIN,DF,18,Barcelona,es,06 DEC 2022,16 : 00,Round of 16,MOROCCO,4,1,126,0,0,1,0,0,0,6.0,6,0,2.0,2,0,112.0,123.0,0.0,0
Marcos Llorente,SPAIN,DF,27,Atlético Madrid,es,23 NOV 2022,17 : 00,Group E,COSTA RICA,1,1,120,0,0,1,0,0,0,0.0,0,0,0.0,0,0,95.0,106.0,0.0,0
Marcos Llorente,SPAIN,DF,27,Atlético Madrid,es,27 NOV 2022,20 : 00,Group E,GERMANY,1,1,120,0,0,1,0,0,0,0.0,0,0,0.0,0,0,95.0,106.0,0.0,0
Marcos Llorente,SPAIN,DF,27,Atlético Madrid,es,01 DEC 2022,20 : 00,Group E,JAPAN,1,1,120,0,0,1,0,0,0,0.0,0,0,0.0,0,0,95.0,106.0,0.0,0
Marcos Llorente,SPAIN,DF,27,Atlético Madrid,es,06 DEC 2022,16 : 00,Round of 16,MOROCCO,1,1,120,0,0,1,0,0,0,0.0,0,0,0.0,0,0,95.0,106.0,0.0,0
Pau Torres,SPAIN,DF,25,Villarreal,es,23 NOV 2022,17 : 00,Group E,COSTA RICA,1,1,90,0,0,0,0,0,0,0.0,0,0,1.0,1,0,174.0,191.0,0.0,0
Pau Torres,SPAIN,DF,25,Villarreal,es,27 NOV 2022,20 : 00,Group E,GERMANY,1,1,90,0,0,0,0,0,0,0.0,0,0,1.0,1,0,174.0,191.0,0.0,0
Pau Torres,SPAIN,DF,25,Villarreal,es,01 DEC 2022,20 : 00,Group E,JAPAN,1,1,90,0,0,0,0,0,0,0.0,0,0,1.0,1,0,174.0,191.0,0.0,0
Pau Torres,SPAIN,DF,25,Villarreal,es,06 DEC 2022,16 : 00,Round of 16,MOROCCO,1,1,90,0,0,0,0,0,0,0.0,0,0,1.0,1,0,174.0,191.0,0.0,0
Carlos Soler,SPAIN,MF,25,Paris S-G,fr,23 NOV 2022,17 : 00,Group E,COSTA RICA,2,0,92,1,0,4,1,0,0,0.0,0,0,0.0,0,0,78.0,83.0,1.0,0
Carlos Soler,SPAIN,MF,25,Paris S-G,fr,27 NOV 2022,20 : 00,Group E,GERMANY,2,0,92,1,0,4,1,0,0,0.0,0,0,0.0,0,0,78.0,83.0,1.0,0
Carlos Soler,SPAIN,MF,25,Paris S-G,fr,01 DEC 2022,20 : 00,Group E,JAPAN,2,0,92,1,0,4,1,0,0,0.0,0,0,0.0,0,0,78.0,83.0,1.0,0
Carlos Soler,SPAIN,MF,25,Paris S-G,fr,06 DEC 2022,16 : 00,Round of 16,MOROCCO,2,0,92,1,0,4,1,0,0,0.0,0,0,0.0,0,0,78.0,83.0,1.0,0
Koke,SPAIN,MF,30,Atlético Madrid,es,23 NOV 2022,17 : 00,Group E,COSTA RICA,2,0,52,0,0,0,0,0,0,1.0,1,0,0.0,0,0,56.0,62.0,0.0,0
Koke,SPAIN,MF,30,Atlético Madrid,es,27 NOV 2022,20 : 00,Group E,GERMANY,2,0,52,0,0,0,0,0,0,1.0,1,0,0.0,0,0,56.0,62.0,0.0,0
Koke,SPAIN,MF,30,Atlético Madrid,es,01 DEC 2022,20 : 00,Group E,JAPAN,2,0,52,0,0,0,0,0,0,1.0,1,0,0.0,0,0,56.0,62.0,0.0,0
Koke,SPAIN,MF,30,Atlético Madrid,es,06 DEC 2022,16 : 00,Round of 16,MOROCCO,2,0,52,0,0,0,0,0,0,1.0,1,0,0.0,0,0,56.0,62.0,0.0,0
Ansu Fati,SPAIN,FW,19,Barcelona,es,23 NOV 2022,17 : 00,Group E,COSTA RICA,2,0,46,0,0,0,0,0,0,1.0,1,0,0.0,0,0,25.0,29.0,0.0,0
Ansu Fati,SPAIN,FW,19,Barcelona,es,27 NOV 2022,20 : 00,Group E,GERMANY,2,0,46,0,0,0,0,0,0,1.0,1,0,0.0,0,0,25.0,29.0,0.0,0
Ansu Fati,SPAIN,FW,19,Barcelona,es,01 DEC 2022,20 : 00,Group E,JAPAN,2,0,46,0,0,0,0,0,0,1.0,1,0,0.0,0,0,25.0,29.0,0.0,0
Ansu Fati,SPAIN,FW,19,Barcelona,es,06 DEC 2022,16 : 00,Round of 16,MOROCCO,2,0,46,0,0,0,0,0,0,1.0,1,0,0.0,0,0,25.0,29.0,0.0,0
Pablo Sarabia,SPAIN,FW,30,Paris S-G,fr,23 NOV 2022,17 : 00,Group E,COSTA RICA,1,0,3,0,0,1,0,0,0,0.0,0,0,0.0,0,0,2.0,5.0,0.0,0
Pablo Sarabia,SPAIN,FW,30,Paris S-G,fr,27 NOV 2022,20 : 00,Group E,GERMANY,1,0,3,0,0,1,0,0,0,0.0,0,0,0.0,0,0,2.0,5.0,0.0,0
Pablo Sarabia,SPAIN,FW,30,Paris S-G,fr,01 DEC 2022,20 : 00,Group E,JAPAN,1,0,3,0,0,1,0,0,0,0.0,0,0,0.0,0,0,2.0,5.0,0.0,0
Pablo Sarabia,SPAIN,FW,30,Paris S-G,fr,06 DEC 2022,16 : 00,Round of 16,MOROCCO,1,0,3,0,0,1,0,0,0,0.0,0,0,0.0,0,0,2.0,5.0,0.0,0
Tyler Adams,UNITED STATES,MF,23,Leeds United,eng,21 NOV 2022,20 : 00,Group B,WALES,4,4,360,0,0,1,0,1,0,11.0,9,4,6.0,5,0,241.0,271.0,1.0,0
Tyler Adams,UNITED STATES,MF,23,Leeds United,eng,25 NOV 2022,20 : 00,Group B,ENGLAND,4,4,360,0,0,1,0,1,0,11.0,9,4,6.0,5,0,241.0,271.0,1.0,0
Tyler Adams,UNITED STATES,MF,23,Leeds United,eng,29 NOV 2022,20 : 00,Group B,IRAN,4,4,360,0,0,1,0,1,0,11.0,9,4,6.0,5,0,241.0,271.0,1.0,0
Tyler Adams,UNITED STATES,MF,23,Leeds United,eng,03 DEC 2022,16 : 00,Round of 16,NETHERLANDS,4,4,360,0,0,1,0,1,0,11.0,9,4,6.0,5,0,241.0,271.0,1.0,0
Tim Ream,UNITED STATES,DF,34,Fulham,eng,21 NOV 2022,20 : 00,Group B,WALES,4,4,360,0,0,1,0,1,0,4.0,3,4,2.0,1,0,245.0,276.0,2.0,0
Tim Ream,UNITED STATES,DF,34,Fulham,eng,25 NOV 2022,20 : 00,Group B,ENGLAND,4,4,360,0,0,1,0,1,0,4.0,3,4,2.0,1,0,245.0,276.0,2.0,0
Tim Ream,UNITED STATES,DF,34,Fulham,eng,29 NOV 2022,20 : 00,Group B,IRAN,4,4,360,0,0,1,0,1,0,4.0,3,4,2.0,1,0,245.0,276.0,2.0,0
Tim Ream,UNITED STATES,DF,34,Fulham,eng,03 DEC 2022,16 : 00,Round of 16,NETHERLANDS,4,4,360,0,0,1,0,1,0,4.0,3,4,2.0,1,0,245.0,276.0,2.0,0
Matt Turner,UNITED STATES,GK,27,Arsenal,eng,21 NOV 2022,20 : 00,Group B,WALES,4,4,360,0,0,0,0,0,0,0.0,0,0,0.0,0,0,101.0,128.0,0.0,0
Matt Turner,UNITED STATES,GK,27,Arsenal,eng,25 NOV 2022,20 : 00,Group B,ENGLAND,4,4,360,0,0,0,0,0,0,0.0,0,0,0.0,0,0,101.0,128.0,0.0,0
Matt Turner,UNITED STATES,GK,27,Arsenal,eng,29 NOV 2022,20 : 00,Group B,IRAN,4,4,360,0,0,0,0,0,0,0.0,0,0,0.0,0,0,101.0,128.0,0.0,0
Matt Turner,UNITED STATES,GK,27,Arsenal,eng,03 DEC 2022,16 : 00,Round of 16,NETHERLANDS,4,4,360,0,0,0,0,0,0,0.0,0,0,0.0,0,0,101.0,128.0,0.0,0
Antonee Robinson,UNITED STATES,DF,24,Fulham,eng,21 NOV 2022,20 : 00,Group B,WALES,4,4,359,0,0,0,0,0,0,5.0,4,7,3.0,2,0,173.0,241.0,4.0,1
Antonee Robinson,UNITED STATES,DF,24,Fulham,eng,25 NOV 2022,20 : 00,Group B,ENGLAND,4,4,359,0,0,0,0,0,0,5.0,4,7,3.0,2,0,173.0,241.0,4.0,1
Antonee Robinson,UNITED STATES,DF,24,Fulham,eng,29 NOV 2022,20 : 00,Group B,IRAN,4,4,359,0,0,0,0,0,0,5.0,4,7,3.0,2,0,173.0,241.0,4.0,1
Antonee Robinson,UNITED STATES,DF,24,Fulham,eng,03 DEC 2022,16 : 00,Round of 16,NETHERLANDS,4,4,359,0,0,0,0,0,0,5.0,4,7,3.0,2,0,173.0,241.0,4.0,1
Yunus Musah,UNITED STATES,MF,19,Valencia,es,21 NOV 2022,20 : 00,Group B,WALES,4,4,343,0,0,4,1,0,0,8.0,6,2,7.0,9,0,151.0,182.0,4.0,0
Yunus Musah,UNITED STATES,MF,19,Valencia,es,25 NOV 2022,20 : 00,Group B,ENGLAND,4,4,343,0,0,4,1,0,0,8.0,6,2,7.0,9,0,151.0,182.0,4.0,0
Yunus Musah,UNITED STATES,MF,19,Valencia,es,29 NOV 2022,20 : 00,Group B,IRAN,4,4,343,0,0,4,1,0,0,8.0,6,2,7.0,9,0,151.0,182.0,4.0,0
Yunus Musah,UNITED STATES,MF,19,Valencia,es,03 DEC 2022,16 : 00,Round of 16,NETHERLANDS,4,4,343,0,0,4,1,0,0,8.0,6,2,7.0,9,0,151.0,182.0,4.0,0
Timothy Weah,UNITED STATES,FW,22,Lille,fr,21 NOV 2022,20 : 00,Group B,WALES,4,4,316,1,0,5,3,0,0,0.0,0,0,5.0,1,0,90.0,108.0,2.0,2
Timothy Weah,UNITED STATES,FW,22,Lille,fr,25 NOV 2022,20 : 00,Group B,ENGLAND,4,4,316,1,0,5,3,0,0,0.0,0,0,5.0,1,0,90.0,108.0,2.0,2
Timothy Weah,UNITED STATES,FW,22,Lille,fr,29 NOV 2022,20 : 00,Group B,IRAN,4,4,316,1,0,5,3,0,0,0.0,0,0,5.0,1,0,90.0,108.0,2.0,2
Timothy Weah,UNITED STATES,FW,22,Lille,fr,03 DEC 2022,16 : 00,Round of 16,NETHERLANDS,4,4,316,1,0,5,3,0,0,0.0,0,0,5.0,1,0,90.0,108.0,2.0,2
Christian Pulisic,UNITED STATES,"FW,MF",23,Chelsea,eng,21 NOV 2022,20 : 00,Group B,WALES,4,4,315,1,2,9,5,0,0,2.0,0,0,2.0,2,0,83.0,141.0,4.0,1
Christian Pulisic,UNITED STATES,"FW,MF",23,Chelsea,eng,25 NOV 2022,20 : 00,Group B,ENGLAND,4,4,315,1,2,9,5,0,0,2.0,0,0,2.0,2,0,83.0,141.0,4.0,1
Christian Pulisic,UNITED STATES,"FW,MF",23,Chelsea,eng,29 NOV 2022,20 : 00,Group B,IRAN,4,4,315,1,2,9,5,0,0,2.0,0,0,2.0,2,0,83.0,141.0,4.0,1
Christian Pulisic,UNITED STATES,"FW,MF",23,Chelsea,eng,03 DEC 2022,16 : 00,Round of 16,NETHERLANDS,4,4,315,1,2,9,5,0,0,2.0,0,0,2.0,2,0,83.0,141.0,4.0,1
Sergiño Dest,UNITED STATES,DF,21,Milan,it,21 NOV 2022,20 : 00,Group B,WALES,4,4,305,0,1,6,0,1,0,4.0,2,2,3.0,4,0,172.0,200.0,5.0,0
Sergiño Dest,UNITED STATES,DF,21,Milan,it,25 NOV 2022,20 : 00,Group B,ENGLAND,4,4,305,0,1,6,0,1,0,4.0,2,2,3.0,4,0,172.0,200.0,5.0,0
Sergiño Dest,UNITED STATES,DF,21,Milan,it,29 NOV 2022,20 : 00,Group B,IRAN,4,4,305,0,1,6,0,1,0,4.0,2,2,3.0,4,0,172.0,200.0,5.0,0
Sergiño Dest,UNITED STATES,DF,21,Milan,it,03 DEC 2022,16 : 00,Round of 16,NETHERLANDS,4,4,305,0,1,6,0,1,0,4.0,2,2,3.0,4,0,172.0,200.0,5.0,0
Weston McKennie,UNITED STATES,MF,23,Juventus,it,21 NOV 2022,20 : 00,Group B,WALES,4,4,271,0,0,5,1,1,0,2.0,1,0,4.0,6,0,117.0,153.0,1.0,0
Weston McKennie,UNITED STATES,MF,23,Juventus,it,25 NOV 2022,20 : 00,Group B,ENGLAND,4,4,271,0,0,5,1,1,0,2.0,1,0,4.0,6,0,117.0,153.0,1.0,0
Weston McKennie,UNITED STATES,MF,23,Juventus,it,29 NOV 2022,20 : 00,Group B,IRAN,4,4,271,0,0,5,1,1,0,2.0,1,0,4.0,6,0,117.0,153.0,1.0,0
Weston McKennie,UNITED STATES,MF,23,Juventus,it,03 DEC 2022,16 : 00,Round of 16,NETHERLANDS,4,4,271,0,0,5,1,1,0,2.0,1,0,4.0,6,0,117.0,153.0,1.0,0
Walker Zimmerman,UNITED STATES,DF,29,Nashville,us,21 NOV 2022,20 : 00,Group B,WALES,4,3,279,0,0,1,0,0,0,3.0,2,4,4.0,3,0,217.0,244.0,0.0,0
Walker Zimmerman,UNITED STATES,DF,29,Nashville,us,25 NOV 2022,20 : 00,Group B,ENGLAND,4,3,279,0,0,1,0,0,0,3.0,2,4,4.0,3,0,217.0,244.0,0.0,0
Walker Zimmerman,UNITED STATES,DF,29,Nashville,us,29 NOV 2022,20 : 00,Group B,IRAN,4,3,279,0,0,1,0,0,0,3.0,2,4,4.0,3,0,217.0,244.0,0.0,0
Walker Zimmerman,UNITED STATES,DF,29,Nashville,us,03 DEC 2022,16 : 00,Round of 16,NETHERLANDS,4,3,279,0,0,1,0,0,0,3.0,2,4,4.0,3,0,217.0,244.0,0.0,0
Josh Sargent,UNITED STATES,FW,22,Norwich City,eng,21 NOV 2022,20 : 00,Group B,WALES,3,2,157,0,0,4,1,0,0,0.0,0,1,1.0,2,0,29.0,33.0,2.0,0
Josh Sargent,UNITED STATES,FW,22,Norwich City,eng,25 NOV 2022,20 : 00,Group B,ENGLAND,3,2,157,0,0,4,1,0,0,0.0,0,1,1.0,2,0,29.0,33.0,2.0,0
Josh Sargent,UNITED STATES,FW,22,Norwich City,eng,29 NOV 2022,20 : 00,Group B,IRAN,3,2,157,0,0,4,1,0,0,0.0,0,1,1.0,2,0,29.0,33.0,2.0,0
Josh Sargent,UNITED STATES,FW,22,Norwich City,eng,03 DEC 2022,16 : 00,Round of 16,NETHERLANDS,3,2,157,0,0,4,1,0,0,0.0,0,1,1.0,2,0,29.0,33.0,2.0,0
Haji Wright,UNITED STATES,FW,24,Antalyaspor,tr,21 NOV 2022,20 : 00,Group B,WALES,4,1,137,1,0,6,2,0,0,2.0,0,0,0.0,1,0,20.0,27.0,0.0,1
Haji Wright,UNITED STATES,FW,24,Antalyaspor,tr,25 NOV 2022,20 : 00,Group B,ENGLAND,4,1,137,1,0,6,2,0,0,2.0,0,0,0.0,1,0,20.0,27.0,0.0,1
Haji Wright,UNITED STATES,FW,24,Antalyaspor,tr,29 NOV 2022,20 : 00,Group B,IRAN,4,1,137,1,0,6,2,0,0,2.0,0,0,0.0,1,0,20.0,27.0,0.0,1
Haji Wright,UNITED STATES,FW,24,Antalyaspor,tr,03 DEC 2022,16 : 00,Round of 16,NETHERLANDS,4,1,137,1,0,6,2,0,0,2.0,0,0,0.0,1,0,20.0,27.0,0.0,1
Cameron Carter-Vickers,UNITED STATES,DF,24,Celtic,sct,21 NOV 2022,20 : 00,Group B,WALES,1,1,90,0,0,0,0,0,0,0.0,0,0,1.0,0,0,50.0,58.0,0.0,0
Cameron Carter-Vickers,UNITED STATES,DF,24,Celtic,sct,25 NOV 2022,20 : 00,Group B,ENGLAND,1,1,90,0,0,0,0,0,0,0.0,0,0,1.0,0,0,50.0,58.0,0.0,0
Cameron Carter-Vickers,UNITED STATES,DF,24,Celtic,sct,29 NOV 2022,20 : 00,Group B,IRAN,1,1,90,0,0,0,0,0,0,0.0,0,0,1.0,0,0,50.0,58.0,0.0,0
Cameron Carter-Vickers,UNITED STATES,DF,24,Celtic,sct,03 DEC 2022,16 : 00,Round of 16,NETHERLANDS,1,1,90,0,0,0,0,0,0,0.0,0,0,1.0,0,0,50.0,58.0,0.0,0
Jesús Ferreira,UNITED STATES,FW,21,FC Dallas,us,21 NOV 2022,20 : 00,Group B,WALES,1,1,45,0,0,0,0,0,0,1.0,0,0,0.0,0,0,16.0,19.0,0.0,0
Jesús Ferreira,UNITED STATES,FW,21,FC Dallas,us,25 NOV 2022,20 : 00,Group B,ENGLAND,1,1,45,0,0,0,0,0,0,1.0,0,0,0.0,0,0,16.0,19.0,0.0,0
Jesús Ferreira,UNITED STATES,FW,21,FC Dallas,us,29 NOV 2022,20 : 00,Group B,IRAN,1,1,45,0,0,0,0,0,0,1.0,0,0,0.0,0,0,16.0,19.0,0.0,0
Jesús Ferreira,UNITED STATES,FW,21,FC Dallas,us,03 DEC 2022,16 : 00,Round of 16,NETHERLANDS,1,1,45,0,0,0,0,0,0,1.0,0,0,0.0,0,0,16.0,19.0,0.0,0
Brenden Aaronson,UNITED STATES,MF,21,Leeds United,eng,21 NOV 2022,20 : 00,Group B,WALES,4,0,108,0,0,1,0,0,0,3.0,2,1,5.0,3,0,41.0,50.0,2.0,0
Brenden Aaronson,UNITED STATES,MF,21,Leeds United,eng,25 NOV 2022,20 : 00,Group B,ENGLAND,4,0,108,0,0,1,0,0,0,3.0,2,1,5.0,3,0,41.0,50.0,2.0,0
Brenden Aaronson,UNITED STATES,MF,21,Leeds United,eng,29 NOV 2022,20 : 00,Group B,IRAN,4,0,108,0,0,1,0,0,0,3.0,2,1,5.0,3,0,41.0,50.0,2.0,0
Brenden Aaronson,UNITED STATES,MF,21,Leeds United,eng,03 DEC 2022,16 : 00,Round of 16,NETHERLANDS,4,0,108,0,0,1,0,0,0,3.0,2,1,5.0,3,0,41.0,50.0,2.0,0
Gio Reyna,UNITED STATES,FW,19,Dortmund,de,21 NOV 2022,20 : 00,Group B,WALES,2,0,53,0,0,2,0,0,0,0.0,0,0,1.0,0,0,26.0,38.0,0.0,0
Gio Reyna,UNITED STATES,FW,19,Dortmund,de,25 NOV 2022,20 : 00,Group B,ENGLAND,2,0,53,0,0,2,0,0,0,0.0,0,0,1.0,0,0,26.0,38.0,0.0,0
Gio Reyna,UNITED STATES,FW,19,Dortmund,de,29 NOV 2022,20 : 00,Group B,IRAN,2,0,53,0,0,2,0,0,0,0.0,0,0,1.0,0,0,26.0,38.0,0.0,0
Gio Reyna,UNITED STATES,FW,19,Dortmund,de,03 DEC 2022,16 : 00,Round of 16,NETHERLANDS,2,0,53,0,0,2,0,0,0,0.0,0,0,1.0,0,0,26.0,38.0,0.0,0
Kellyn Acosta,UNITED STATES,MF,26,Los Angeles FC,us,21 NOV 2022,20 : 00,Group B,WALES,2,0,43,0,0,0,0,1,0,3.0,2,0,0.0,1,0,10.0,12.0,0.0,0
Kellyn Acosta,UNITED STATES,MF,26,Los Angeles FC,us,25 NOV 2022,20 : 00,Group B,ENGLAND,2,0,43,0,0,0,0,1,0,3.0,2,0,0.0,1,0,10.0,12.0,0.0,0
Kellyn Acosta,UNITED STATES,MF,26,Los Angeles FC,us,29 NOV 2022,20 : 00,Group B,IRAN,2,0,43,0,0,0,0,1,0,3.0,2,0,0.0,1,0,10.0,12.0,0.0,0
Kellyn Acosta,UNITED STATES,MF,26,Los Angeles FC,us,03 DEC 2022,16 : 00,Round of 16,NETHERLANDS,2,0,43,0,0,0,0,1,0,3.0,2,0,0.0,1,0,10.0,12.0,0.0,0
DeAndre Yedlin,UNITED STATES,DF,28,Inter Miami,us,21 NOV 2022,20 : 00,Group B,WALES,2,0,33,0,0,0,0,0,0,2.0,1,0,0.0,2,0,19.0,28.0,0.0,0
DeAndre Yedlin,UNITED STATES,DF,28,Inter Miami,us,25 NOV 2022,20 : 00,Group B,ENGLAND,2,0,33,0,0,0,0,0,0,2.0,1,0,0.0,2,0,19.0,28.0,0.0,0
DeAndre Yedlin,UNITED STATES,DF,28,Inter Miami,us,29 NOV 2022,20 : 00,Group B,IRAN,2,0,33,0,0,0,0,0,0,2.0,1,0,0.0,2,0,19.0,28.0,0.0,0
DeAndre Yedlin,UNITED STATES,DF,28,Inter Miami,us,03 DEC 2022,16 : 00,Round of 16,NETHERLANDS,2,0,33,0,0,0,0,0,0,2.0,1,0,0.0,2,0,19.0,28.0,0.0,0
Shaquell Moore,UNITED STATES,DF,25,Nashville,us,21 NOV 2022,20 : 00,Group B,WALES,2,0,22,0,0,0,0,0,0,2.0,2,0,0.0,3,0,14.0,21.0,0.0,0
Shaquell Moore,UNITED STATES,DF,25,Nashville,us,25 NOV 2022,20 : 00,Group B,ENGLAND,2,0,22,0,0,0,0,0,0,2.0,2,0,0.0,3,0,14.0,21.0,0.0,0
Shaquell Moore,UNITED STATES,DF,25,Nashville,us,29 NOV 2022,20 : 00,Group B,IRAN,2,0,22,0,0,0,0,0,0,2.0,2,0,0.0,3,0,14.0,21.0,0.0,0
Shaquell Moore,UNITED STATES,DF,25,Nashville,us,03 DEC 2022,16 : 00,Round of 16,NETHERLANDS,2,0,22,0,0,0,0,0,0,2.0,2,0,0.0,3,0,14.0,21.0,0.0,0
Jordan Morris,UNITED STATES,"FW,DF",27,Seattle,us,21 NOV 2022,20 : 00,Group B,WALES,2,0,4,0,0,0,0,0,0,0.0,0,0,0.0,0,0,1.0,4.0,0.0,0
Jordan Morris,UNITED STATES,"FW,DF",27,Seattle,us,25 NOV 2022,20 : 00,Group B,ENGLAND,2,0,4,0,0,0,0,0,0,0.0,0,0,0.0,0,0,1.0,4.0,0.0,0
Jordan Morris,UNITED STATES,"FW,DF",27,Seattle,us,29 NOV 2022,20 : 00,Group B,IRAN,2,0,4,0,0,0,0,0,0,0.0,0,0,0.0,0,0,1.0,4.0,0.0,0
Jordan Morris,UNITED STATES,"FW,DF",27,Seattle,us,03 DEC 2022,16 : 00,Round of 16,NETHERLANDS,2,0,4,0,0,0,0,0,0,0.0,0,0,0.0,0,0,1.0,4.0,0.0,0
Matty Cash,POLAND,DF,24,Aston Villa,eng,26 NOV 2022,14 : 00,Group C,SAUDI ARABIA,4,4,360,0,0,1,0,2,0,4.0,3,0,7.0,7,0,123.0,160.0,1.0,0
Matty Cash,POLAND,DF,24,Aston Villa,eng,30 NOV 2022,20 : 00,Group C,ARGENTINA,4,4,360,0,0,1,0,2,0,4.0,3,0,7.0,7,0,123.0,160.0,1.0,0
Matty Cash,POLAND,DF,24,Aston Villa,eng,22 NOV 2022,17 : 00,Group C,MEXICO,4,4,360,0,0,1,0,2,0,4.0,3,0,7.0,7,0,123.0,160.0,1.0,0
Matty Cash,POLAND,DF,24,Aston Villa,eng,04 DEC 2022,16 : 00,Round of 16,FRANCE,4,4,360,0,0,1,0,2,0,4.0,3,0,7.0,7,0,123.0,160.0,1.0,0
Kamil Glik,POLAND,DF,34,Benevento,it,26 NOV 2022,14 : 00,Group C,SAUDI ARABIA,4,4,360,0,0,3,0,0,0,2.0,1,3,2.0,2,0,118.0,130.0,0.0,0
Kamil Glik,POLAND,DF,34,Benevento,it,30 NOV 2022,20 : 00,Group C,ARGENTINA,4,4,360,0,0,3,0,0,0,2.0,1,3,2.0,2,0,118.0,130.0,0.0,0
Kamil Glik,POLAND,DF,34,Benevento,it,22 NOV 2022,17 : 00,Group C,MEXICO,4,4,360,0,0,3,0,0,0,2.0,1,3,2.0,2,0,118.0,130.0,0.0,0
Kamil Glik,POLAND,DF,34,Benevento,it,04 DEC 2022,16 : 00,Round of 16,FRANCE,4,4,360,0,0,3,0,0,0,2.0,1,3,2.0,2,0,118.0,130.0,0.0,0
Robert Lewandowski,POLAND,FW,33,Barcelona,es,26 NOV 2022,14 : 00,Group C,SAUDI ARABIA,4,4,360,2,1,10,2,0,0,2.0,2,1,3.0,6,0,61.0,91.0,5.0,0
Robert Lewandowski,POLAND,FW,33,Barcelona,es,30 NOV 2022,20 : 00,Group C,ARGENTINA,4,4,360,2,1,10,2,0,0,2.0,2,1,3.0,6,0,61.0,91.0,5.0,0
Robert Lewandowski,POLAND,FW,33,Barcelona,es,22 NOV 2022,17 : 00,Group C,MEXICO,4,4,360,2,1,10,2,0,0,2.0,2,1,3.0,6,0,61.0,91.0,5.0,0
Robert Lewandowski,POLAND,FW,33,Barcelona,es,04 DEC 2022,16 : 00,Round of 16,FRANCE,4,4,360,2,1,10,2,0,0,2.0,2,1,3.0,6,0,61.0,91.0,5.0,0
Wojciech Szczęsny,POLAND,GK,32,Juventus,it,26 NOV 2022,14 : 00,Group C,SAUDI ARABIA,4,4,360,0,0,0,0,0,0,0.0,0,0,0.0,1,0,84.0,142.0,0.0,0
Wojciech Szczęsny,POLAND,GK,32,Juventus,it,30 NOV 2022,20 : 00,Group C,ARGENTINA,4,4,360,0,0,0,0,0,0,0.0,0,0,0.0,1,0,84.0,142.0,0.0,0
Wojciech Szczęsny,POLAND,GK,32,Juventus,it,22 NOV 2022,17 : 00,Group C,MEXICO,4,4,360,0,0,0,0,0,0,0.0,0,0,0.0,1,0,84.0,142.0,0.0,0
Wojciech Szczęsny,POLAND,GK,32,Juventus,it,04 DEC 2022,16 : 00,Round of 16,FRANCE,4,4,360,0,0,0,0,0,0,0.0,0,0,0.0,1,0,84.0,142.0,0.0,0
Jakub Kiwior,POLAND,DF,22,Spezia,it,26 NOV 2022,14 : 00,Group C,SAUDI ARABIA,4,4,355,0,0,1,0,1,0,2.0,1,4,4.0,1,0,174.0,205.0,0.0,0
Jakub Kiwior,POLAND,DF,22,Spezia,it,30 NOV 2022,20 : 00,Group C,ARGENTINA,4,4,355,0,0,1,0,1,0,2.0,1,4,4.0,1,0,174.0,205.0,0.0,0
Jakub Kiwior,POLAND,DF,22,Spezia,it,22 NOV 2022,17 : 00,Group C,MEXICO,4,4,355,0,0,1,0,1,0,2.0,1,4,4.0,1,0,174.0,205.0,0.0,0
Jakub Kiwior,POLAND,DF,22,Spezia,it,04 DEC 2022,16 : 00,Round of 16,FRANCE,4,4,355,0,0,1,0,1,0,2.0,1,4,4.0,1,0,174.0,205.0,0.0,0
Bartosz Bereszyński,POLAND,DF,29,Sampdoria,it,26 NOV 2022,14 : 00,Group C,SAUDI ARABIA,4,4,341,0,0,0,0,1,0,6.0,2,2,4.0,5,0,122.0,156.0,1.0,0
Bartosz Bereszyński,POLAND,DF,29,Sampdoria,it,30 NOV 2022,20 : 00,Group C,ARGENTINA,4,4,341,0,0,0,0,1,0,6.0,2,2,4.0,5,0,122.0,156.0,1.0,0
Bartosz Bereszyński,POLAND,DF,29,Sampdoria,it,22 NOV 2022,17 : 00,Group C,MEXICO,4,4,341,0,0,0,0,1,0,6.0,2,2,4.0,5,0,122.0,156.0,1.0,0
Bartosz Bereszyński,POLAND,DF,29,Sampdoria,it,04 DEC 2022,16 : 00,Round of 16,FRANCE,4,4,341,0,0,0,0,1,0,6.0,2,2,4.0,5,0,122.0,156.0,1.0,0
Grzegorz Krychowiak,POLAND,MF,32,Al-Shabab,sa,26 NOV 2022,14 : 00,Group C,SAUDI ARABIA,4,4,332,0,0,1,0,1,0,9.0,4,5,5.0,6,0,93.0,127.0,1.0,0
Grzegorz Krychowiak,POLAND,MF,32,Al-Shabab,sa,30 NOV 2022,20 : 00,Group C,ARGENTINA,4,4,332,0,0,1,0,1,0,9.0,4,5,5.0,6,0,93.0,127.0,1.0,0
Grzegorz Krychowiak,POLAND,MF,32,Al-Shabab,sa,22 NOV 2022,17 : 00,Group C,MEXICO,4,4,332,0,0,1,0,1,0,9.0,4,5,5.0,6,0,93.0,127.0,1.0,0
Grzegorz Krychowiak,POLAND,MF,32,Al-Shabab,sa,04 DEC 2022,16 : 00,Round of 16,FRANCE,4,4,332,0,0,1,0,1,0,9.0,4,5,5.0,6,0,93.0,127.0,1.0,0
Piotr Zieliński,POLAND,"MF,FW",28,Napoli,it,26 NOV 2022,14 : 00,Group C,SAUDI ARABIA,4,4,328,1,0,3,2,0,0,7.0,5,1,1.0,4,0,124.0,153.0,1.0,0
Piotr Zieliński,POLAND,"MF,FW",28,Napoli,it,30 NOV 2022,20 : 00,Group C,ARGENTINA,4,4,328,1,0,3,2,0,0,7.0,5,1,1.0,4,0,124.0,153.0,1.0,0
Piotr Zieliński,POLAND,"MF,FW",28,Napoli,it,22 NOV 2022,17 : 00,Group C,MEXICO,4,4,328,1,0,3,2,0,0,7.0,5,1,1.0,4,0,124.0,153.0,1.0,0
Piotr Zieliński,POLAND,"MF,FW",28,Napoli,it,04 DEC 2022,16 : 00,Round of 16,FRANCE,4,4,328,1,0,3,2,0,0,7.0,5,1,1.0,4,0,124.0,153.0,1.0,0
Przemysław Frankowski,POLAND,MF,27,Lens,fr,26 NOV 2022,14 : 00,Group C,SAUDI ARABIA,4,3,240,0,0,1,0,1,0,7.0,4,3,1.0,1,0,49.0,74.0,2.0,0
Przemysław Frankowski,POLAND,MF,27,Lens,fr,30 NOV 2022,20 : 00,Group C,ARGENTINA,4,3,240,0,0,1,0,1,0,7.0,4,3,1.0,1,0,49.0,74.0,2.0,0
Przemysław Frankowski,POLAND,MF,27,Lens,fr,22 NOV 2022,17 : 00,Group C,MEXICO,4,3,240,0,0,1,0,1,0,7.0,4,3,1.0,1,0,49.0,74.0,2.0,0
Przemysław Frankowski,POLAND,MF,27,Lens,fr,04 DEC 2022,16 : 00,Round of 16,FRANCE,4,3,240,0,0,1,0,1,0,7.0,4,3,1.0,1,0,49.0,74.0,2.0,0
Jakub Kamiński,POLAND,MF,20,Wolfsburg,de,26 NOV 2022,14 : 00,Group C,SAUDI ARABIA,4,2,233,0,0,4,1,0,0,6.0,1,0,4.0,5,0,37.0,61.0,2.0,0
Jakub Kamiński,POLAND,MF,20,Wolfsburg,de,30 NOV 2022,20 : 00,Group C,ARGENTINA,4,2,233,0,0,4,1,0,0,6.0,1,0,4.0,5,0,37.0,61.0,2.0,0
Jakub Kamiński,POLAND,MF,20,Wolfsburg,de,22 NOV 2022,17 : 00,Group C,MEXICO,4,2,233,0,0,4,1,0,0,6.0,1,0,4.0,5,0,37.0,61.0,2.0,0
Jakub Kamiński,POLAND,MF,20,Wolfsburg,de,04 DEC 2022,16 : 00,Round of 16,FRANCE,4,2,233,0,0,4,1,0,0,6.0,1,0,4.0,5,0,37.0,61.0,2.0,0
Krystian Bielik,POLAND,MF,24,Derby County,eng,26 NOV 2022,14 : 00,Group C,SAUDI ARABIA,4,2,216,0,0,2,0,0,0,5.0,3,5,1.0,5,0,86.0,99.0,1.0,0
Krystian Bielik,POLAND,MF,24,Derby County,eng,30 NOV 2022,20 : 00,Group C,ARGENTINA,4,2,216,0,0,2,0,0,0,5.0,3,5,1.0,5,0,86.0,99.0,1.0,0
Krystian Bielik,POLAND,MF,24,Derby County,eng,22 NOV 2022,17 : 00,Group C,MEXICO,4,2,216,0,0,2,0,0,0,5.0,3,5,1.0,5,0,86.0,99.0,1.0,0
Krystian Bielik,POLAND,MF,24,Derby County,eng,04 DEC 2022,16 : 00,Round of 16,FRANCE,4,2,216,0,0,2,0,0,0,5.0,3,5,1.0,5,0,86.0,99.0,1.0,0
Sebastian Szymański,POLAND,MF,23,Feyenoord,nl,26 NOV 2022,14 : 00,Group C,SAUDI ARABIA,2,2,134,0,0,0,0,0,0,6.0,3,2,4.0,1,0,26.0,41.0,1.0,0
Sebastian Szymański,POLAND,MF,23,Feyenoord,nl,30 NOV 2022,20 : 00,Group C,ARGENTINA,2,2,134,0,0,0,0,0,0,6.0,3,2,4.0,1,0,26.0,41.0,1.0,0
Sebastian Szymański,POLAND,MF,23,Feyenoord,nl,22 NOV 2022,17 : 00,Group C,MEXICO,2,2,134,0,0,0,0,0,0,6.0,3,2,4.0,1,0,26.0,41.0,1.0,0
Sebastian Szymański,POLAND,MF,23,Feyenoord,nl,04 DEC 2022,16 : 00,Round of 16,FRANCE,2,2,134,0,0,0,0,0,0,6.0,3,2,4.0,1,0,26.0,41.0,1.0,0
Arkadiusz Milik,POLAND,"FW,MF",28,Juventus,it,26 NOV 2022,14 : 00,Group C,SAUDI ARABIA,3,1,101,0,0,1,0,1,0,0.0,0,0,1.0,1,0,19.0,29.0,1.0,1
Arkadiusz Milik,POLAND,"FW,MF",28,Juventus,it,30 NOV 2022,20 : 00,Group C,ARGENTINA,3,1,101,0,0,1,0,1,0,0.0,0,0,1.0,1,0,19.0,29.0,1.0,1
Arkadiusz Milik,POLAND,"FW,MF",28,Juventus,it,22 NOV 2022,17 : 00,Group C,MEXICO,3,1,101,0,0,1,0,1,0,0.0,0,0,1.0,1,0,19.0,29.0,1.0,1
Arkadiusz Milik,POLAND,"FW,MF",28,Juventus,it,04 DEC 2022,16 : 00,Round of 16,FRANCE,3,1,101,0,0,1,0,1,0,0.0,0,0,1.0,1,0,19.0,29.0,1.0,1
Nicola Zalewski,POLAND,MF,20,Roma,it,26 NOV 2022,14 : 00,Group C,SAUDI ARABIA,2,1,65,0,0,0,0,0,0,4.0,0,0,1.0,1,0,15.0,17.0,0.0,0
Nicola Zalewski,POLAND,MF,20,Roma,it,30 NOV 2022,20 : 00,Group C,ARGENTINA,2,1,65,0,0,0,0,0,0,4.0,0,0,1.0,1,0,15.0,17.0,0.0,0
Nicola Zalewski,POLAND,MF,20,Roma,it,22 NOV 2022,17 : 00,Group C,MEXICO,2,1,65,0,0,0,0,0,0,4.0,0,0,1.0,1,0,15.0,17.0,0.0,0
Nicola Zalewski,POLAND,MF,20,Roma,it,04 DEC 2022,16 : 00,Round of 16,FRANCE,2,1,65,0,0,0,0,0,0,4.0,0,0,1.0,1,0,15.0,17.0,0.0,0
Karol Świderski,POLAND,FW,25,Charlotte,us,26 NOV 2022,14 : 00,Group C,SAUDI ARABIA,1,1,45,0,0,0,0,0,0,4.0,1,2,0.0,0,0,7.0,7.0,0.0,0
Karol Świderski,POLAND,FW,25,Charlotte,us,30 NOV 2022,20 : 00,Group C,ARGENTINA,1,1,45,0,0,0,0,0,0,4.0,1,2,0.0,0,0,7.0,7.0,0.0,0
Karol Świderski,POLAND,FW,25,Charlotte,us,22 NOV 2022,17 : 00,Group C,MEXICO,1,1,45,0,0,0,0,0,0,4.0,1,2,0.0,0,0,7.0,7.0,0.0,0
Karol Świderski,POLAND,FW,25,Charlotte,us,04 DEC 2022,16 : 00,Round of 16,FRANCE,1,1,45,0,0,0,0,0,0,4.0,1,2,0.0,0,0,7.0,7.0,0.0,0
Michał Skóraś,POLAND,MF,22,Lech Poznań,pl,26 NOV 2022,14 : 00,Group C,SAUDI ARABIA,1,0,45,0,0,1,0,0,0,0.0,0,1,1.0,1,0,8.0,9.0,0.0,0
Michał Skóraś,POLAND,MF,22,Lech Poznań,pl,30 NOV 2022,20 : 00,Group C,ARGENTINA,1,0,45,0,0,1,0,0,0,0.0,0,1,1.0,1,0,8.0,9.0,0.0,0
Michał Skóraś,POLAND,MF,22,Lech Poznań,pl,22 NOV 2022,17 : 00,Group C,MEXICO,1,0,45,0,0,1,0,0,0,0.0,0,1,1.0,1,0,8.0,9.0,0.0,0
Michał Skóraś,POLAND,MF,22,Lech Poznań,pl,04 DEC 2022,16 : 00,Round of 16,FRANCE,1,0,45,0,0,1,0,0,0,0.0,0,1,1.0,1,0,8.0,9.0,0.0,0
Damian Szymański,POLAND,MF,26,AEK Athens,gr,26 NOV 2022,14 : 00,Group C,SAUDI ARABIA,1,0,29,0,0,0,0,0,0,0.0,0,1,0.0,0,0,8.0,8.0,0.0,0
Damian Szymański,POLAND,MF,26,AEK Athens,gr,30 NOV 2022,20 : 00,Group C,ARGENTINA,1,0,29,0,0,0,0,0,0,0.0,0,1,0.0,0,0,8.0,8.0,0.0,0
Damian Szymański,POLAND,MF,26,AEK Athens,gr,22 NOV 2022,17 : 00,Group C,MEXICO,1,0,29,0,0,0,0,0,0,0.0,0,1,0.0,0,0,8.0,8.0,0.0,0
Damian Szymański,POLAND,MF,26,AEK Athens,gr,04 DEC 2022,16 : 00,Round of 16,FRANCE,1,0,29,0,0,0,0,0,0,0.0,0,1,0.0,0,0,8.0,8.0,0.0,0
Krzysztof Piątek,POLAND,FW,26,Salernitana,it,26 NOV 2022,14 : 00,Group C,SAUDI ARABIA,2,0,28,0,0,1,0,0,0,0.0,0,0,0.0,0,0,2.0,6.0,0.0,0
Krzysztof Piątek,POLAND,FW,26,Salernitana,it,30 NOV 2022,20 : 00,Group C,ARGENTINA,2,0,28,0,0,1,0,0,0,0.0,0,0,0.0,0,0,2.0,6.0,0.0,0
Krzysztof Piątek,POLAND,FW,26,Salernitana,it,22 NOV 2022,17 : 00,Group C,MEXICO,2,0,28,0,0,1,0,0,0,0.0,0,0,0.0,0,0,2.0,6.0,0.0,0
Krzysztof Piątek,POLAND,FW,26,Salernitana,it,04 DEC 2022,16 : 00,Round of 16,FRANCE,2,0,28,0,0,1,0,0,0,0.0,0,0,0.0,0,0,2.0,6.0,0.0,0
Artur Jędrzejczyk,POLAND,DF,34,Legia Warsaw,pl,26 NOV 2022,14 : 00,Group C,SAUDI ARABIA,1,0,19,0,0,0,0,0,0,0.0,0,0,0.0,0,0,3.0,4.0,0.0,0
Artur Jędrzejczyk,POLAND,DF,34,Legia Warsaw,pl,30 NOV 2022,20 : 00,Group C,ARGENTINA,1,0,19,0,0,0,0,0,0,0.0,0,0,0.0,0,0,3.0,4.0,0.0,0
Artur Jędrzejczyk,POLAND,DF,34,Legia Warsaw,pl,22 NOV 2022,17 : 00,Group C,MEXICO,1,0,19,0,0,0,0,0,0,0.0,0,0,0.0,0,0,3.0,4.0,0.0,0
Artur Jędrzejczyk,POLAND,DF,34,Legia Warsaw,pl,04 DEC 2022,16 : 00,Round of 16,FRANCE,1,0,19,0,0,0,0,0,0,0.0,0,0,0.0,0,0,3.0,4.0,0.0,0
Jan Bednarek,POLAND,DF,26,Aston Villa,eng,26 NOV 2022,14 : 00,Group C,SAUDI ARABIA,1,0,5,0,0,0,0,0,0,0.0,0,0,0.0,0,0,6.0,6.0,0.0,0
Jan Bednarek,POLAND,DF,26,Aston Villa,eng,30 NOV 2022,20 : 00,Group C,ARGENTINA,1,0,5,0,0,0,0,0,0,0.0,0,0,0.0,0,0,6.0,6.0,0.0,0
Jan Bednarek,POLAND,DF,26,Aston Villa,eng,22 NOV 2022,17 : 00,Group C,MEXICO,1,0,5,0,0,0,0,0,0,0.0,0,0,0.0,0,0,6.0,6.0,0.0,0
Jan Bednarek,POLAND,DF,26,Aston Villa,eng,04 DEC 2022,16 : 00,Round of 16,FRANCE,1,0,5,0,0,0,0,0,0,0.0,0,0,0.0,0,0,6.0,6.0,0.0,0
Kamil Grosicki,POLAND,MF,34,Pogoń Szczecin,pl,26 NOV 2022,14 : 00,Group C,SAUDI ARABIA,1,0,4,0,0,0,0,0,0,0.0,0,0,0.0,0,0,4.0,6.0,1.0,0
Kamil Grosicki,POLAND,MF,34,Pogoń Szczecin,pl,30 NOV 2022,20 : 00,Group C,ARGENTINA,1,0,4,0,0,0,0,0,0,0.0,0,0,0.0,0,0,4.0,6.0,1.0,0
Kamil Grosicki,POLAND,MF,34,Pogoń Szczecin,pl,22 NOV 2022,17 : 00,Group C,MEXICO,1,0,4,0,0,0,0,0,0,0.0,0,0,0.0,0,0,4.0,6.0,1.0,0
Kamil Grosicki,POLAND,MF,34,Pogoń Szczecin,pl,04 DEC 2022,16 : 00,Round of 16,FRANCE,1,0,4,0,0,0,0,0,0,0.0,0,0,0.0,0,0,4.0,6.0,1.0,0
Son Heung-min,KOREA REPUBLIC,"FW,MF",29,Tottenham,eng,28 NOV 2022,14 : 00,Group H,GHANA,4,4,360,0,1,9,3,0,0,5.0,2,2,2.0,1,0,77.0,115.0,3.0,2
Son Heung-min,KOREA REPUBLIC,"FW,MF",29,Tottenham,eng,02 DEC 2022,16 : 00,Group H,PORTUGAL,4,4,360,0,1,9,3,0,0,5.0,2,2,2.0,1,0,77.0,115.0,3.0,2
Son Heung-min,KOREA REPUBLIC,"FW,MF",29,Tottenham,eng,24 NOV 2022,14 : 00,Group H,URUGUAY,4,4,360,0,1,9,3,0,0,5.0,2,2,2.0,1,0,77.0,115.0,3.0,2
Son Heung-min,KOREA REPUBLIC,"FW,MF",29,Tottenham,eng,05 DEC 2022,20 : 00,Round of 16,BRAZIL,4,4,360,0,1,9,3,0,0,5.0,2,2,2.0,1,0,77.0,115.0,3.0,2
Kim Moonhwan,KOREA REPUBLIC,DF,26,Jeonbuk,kr,28 NOV 2022,14 : 00,Group H,GHANA,4,4,360,0,0,0,0,0,0,9.0,4,4,3.0,1,0,201.0,242.0,2.0,0
Kim Moonhwan,KOREA REPUBLIC,DF,26,Jeonbuk,kr,02 DEC 2022,16 : 00,Group H,PORTUGAL,4,4,360,0,0,0,0,0,0,9.0,4,4,3.0,1,0,201.0,242.0,2.0,0
Kim Moonhwan,KOREA REPUBLIC,DF,26,Jeonbuk,kr,24 NOV 2022,14 : 00,Group H,URUGUAY,4,4,360,0,0,0,0,0,0,9.0,4,4,3.0,1,0,201.0,242.0,2.0,0
Kim Moonhwan,KOREA REPUBLIC,DF,26,Jeonbuk,kr,05 DEC 2022,20 : 00,Round of 16,BRAZIL,4,4,360,0,0,0,0,0,0,9.0,4,4,3.0,1,0,201.0,242.0,2.0,0
Kim Seung-gyu,KOREA REPUBLIC,GK,31,Al-Shabab,sa,28 NOV 2022,14 : 00,Group H,GHANA,4,4,360,0,0,0,0,0,0,0.0,0,2,0.0,0,0,93.0,128.0,0.0,0
Kim Seung-gyu,KOREA REPUBLIC,GK,31,Al-Shabab,sa,02 DEC 2022,16 : 00,Group H,PORTUGAL,4,4,360,0,0,0,0,0,0,0.0,0,2,0.0,0,0,93.0,128.0,0.0,0
Kim Seung-gyu,KOREA REPUBLIC,GK,31,Al-Shabab,sa,24 NOV 2022,14 : 00,Group H,URUGUAY,4,4,360,0,0,0,0,0,0,0.0,0,2,0.0,0,0,93.0,128.0,0.0,0
Kim Seung-gyu,KOREA REPUBLIC,GK,31,Al-Shabab,sa,05 DEC 2022,20 : 00,Round of 16,BRAZIL,4,4,360,0,0,0,0,0,0,0.0,0,2,0.0,0,0,93.0,128.0,0.0,0
Kim Young-gwon,KOREA REPUBLIC,DF,32,Ulsan Hyundai,kr,28 NOV 2022,14 : 00,Group H,GHANA,4,4,350,1,0,2,1,1,0,3.0,2,3,3.0,1,0,178.0,209.0,0.0,0
Kim Young-gwon,KOREA REPUBLIC,DF,32,Ulsan Hyundai,kr,02 DEC 2022,16 : 00,Group H,PORTUGAL,4,4,350,1,0,2,1,1,0,3.0,2,3,3.0,1,0,178.0,209.0,0.0,0
Kim Young-gwon,KOREA REPUBLIC,DF,32,Ulsan Hyundai,kr,24 NOV 2022,14 : 00,Group H,URUGUAY,4,4,350,1,0,2,1,1,0,3.0,2,3,3.0,1,0,178.0,209.0,0.0,0
Kim Young-gwon,KOREA REPUBLIC,DF,32,Ulsan Hyundai,kr,05 DEC 2022,20 : 00,Round of 16,BRAZIL,4,4,350,1,0,2,1,1,0,3.0,2,3,3.0,1,0,178.0,209.0,0.0,0
Hwang In-beom,KOREA REPUBLIC,MF,25,Olympiacos,gr,28 NOV 2022,14 : 00,Group H,GHANA,4,4,334,0,0,6,1,0,0,4.0,3,3,1.0,7,0,194.0,247.0,0.0,0
Hwang In-beom,KOREA REPUBLIC,MF,25,Olympiacos,gr,02 DEC 2022,16 : 00,Group H,PORTUGAL,4,4,334,0,0,6,1,0,0,4.0,3,3,1.0,7,0,194.0,247.0,0.0,0
Hwang In-beom,KOREA REPUBLIC,MF,25,Olympiacos,gr,24 NOV 2022,14 : 00,Group H,URUGUAY,4,4,334,0,0,6,1,0,0,4.0,3,3,1.0,7,0,194.0,247.0,0.0,0
Hwang In-beom,KOREA REPUBLIC,MF,25,Olympiacos,gr,05 DEC 2022,20 : 00,Round of 16,BRAZIL,4,4,334,0,0,6,1,0,0,4.0,3,3,1.0,7,0,194.0,247.0,0.0,0
Kim Jin-su,KOREA REPUBLIC,DF,30,Jeonbuk,kr,28 NOV 2022,14 : 00,Group H,GHANA,4,4,315,0,1,4,0,0,0,10.0,5,3,2.0,1,0,105.0,146.0,0.0,1
Kim Jin-su,KOREA REPUBLIC,DF,30,Jeonbuk,kr,02 DEC 2022,16 : 00,Group H,PORTUGAL,4,4,315,0,1,4,0,0,0,10.0,5,3,2.0,1,0,105.0,146.0,0.0,1
Kim Jin-su,KOREA REPUBLIC,DF,30,Jeonbuk,kr,24 NOV 2022,14 : 00,Group H,URUGUAY,4,4,315,0,1,4,0,0,0,10.0,5,3,2.0,1,0,105.0,146.0,0.0,1
Kim Jin-su,KOREA REPUBLIC,DF,30,Jeonbuk,kr,05 DEC 2022,20 : 00,Round of 16,BRAZIL,4,4,315,0,1,4,0,0,0,10.0,5,3,2.0,1,0,105.0,146.0,0.0,1
Jung Woo-young,KOREA REPUBLIC,MF,32,Al Sadd SC,qa,28 NOV 2022,14 : 00,Group H,GHANA,4,4,303,0,0,1,0,2,0,5.0,4,3,3.0,11,0,178.0,211.0,0.0,0
Jung Woo-young,KOREA REPUBLIC,MF,32,Al Sadd SC,qa,02 DEC 2022,16 : 00,Group H,PORTUGAL,4,4,303,0,0,1,0,2,0,5.0,4,3,3.0,11,0,178.0,211.0,0.0,0
Jung Woo-young,KOREA REPUBLIC,MF,32,Al Sadd SC,qa,24 NOV 2022,14 : 00,Group H,URUGUAY,4,4,303,0,0,1,0,2,0,5.0,4,3,3.0,11,0,178.0,211.0,0.0,0
Jung Woo-young,KOREA REPUBLIC,MF,32,Al Sadd SC,qa,05 DEC 2022,20 : 00,Round of 16,BRAZIL,4,4,303,0,0,1,0,2,0,5.0,4,3,3.0,11,0,178.0,211.0,0.0,0
Cho Guesung,KOREA REPUBLIC,FW,24,Jeonbuk,kr,28 NOV 2022,14 : 00,Group H,GHANA,4,3,275,2,0,9,5,1,0,0.0,0,0,3.0,7,0,40.0,63.0,0.0,4
Cho Guesung,KOREA REPUBLIC,FW,24,Jeonbuk,kr,02 DEC 2022,16 : 00,Group H,PORTUGAL,4,3,275,2,0,9,5,1,0,0.0,0,0,3.0,7,0,40.0,63.0,0.0,4
Cho Guesung,KOREA REPUBLIC,FW,24,Jeonbuk,kr,24 NOV 2022,14 : 00,Group H,URUGUAY,4,3,275,2,0,9,5,1,0,0.0,0,0,3.0,7,0,40.0,63.0,0.0,4
Cho Guesung,KOREA REPUBLIC,FW,24,Jeonbuk,kr,05 DEC 2022,20 : 00,Round of 16,BRAZIL,4,3,275,2,0,9,5,1,0,0.0,0,0,3.0,7,0,40.0,63.0,0.0,4
Kim Min-jae,KOREA REPUBLIC,DF,25,Napoli,it,28 NOV 2022,14 : 00,Group H,GHANA,3,3,269,0,0,2,0,0,0,2.0,1,2,5.0,0,0,167.0,191.0,1.0,0
Kim Min-jae,KOREA REPUBLIC,DF,25,Napoli,it,02 DEC 2022,16 : 00,Group H,PORTUGAL,3,3,269,0,0,2,0,0,0,2.0,1,2,5.0,0,0,167.0,191.0,1.0,0
Kim Min-jae,KOREA REPUBLIC,DF,25,Napoli,it,24 NOV 2022,14 : 00,Group H,URUGUAY,3,3,269,0,0,2,0,0,0,2.0,1,2,5.0,0,0,167.0,191.0,1.0,0
Kim Min-jae,KOREA REPUBLIC,DF,25,Napoli,it,05 DEC 2022,20 : 00,Round of 16,BRAZIL,3,3,269,0,0,2,0,0,0,2.0,1,2,5.0,0,0,167.0,191.0,1.0,0
Lee Jae-sung,KOREA REPUBLIC,"MF,FW",29,Mainz 05,de,28 NOV 2022,14 : 00,Group H,GHANA,3,3,211,0,0,1,0,0,0,5.0,2,3,3.0,2,0,84.0,97.0,2.0,0
Lee Jae-sung,KOREA REPUBLIC,"MF,FW",29,Mainz 05,de,02 DEC 2022,16 : 00,Group H,PORTUGAL,3,3,211,0,0,1,0,0,0,5.0,2,3,3.0,2,0,84.0,97.0,2.0,0
Lee Jae-sung,KOREA REPUBLIC,"MF,FW",29,Mainz 05,de,24 NOV 2022,14 : 00,Group H,URUGUAY,3,3,211,0,0,1,0,0,0,5.0,2,3,3.0,2,0,84.0,97.0,2.0,0
Lee Jae-sung,KOREA REPUBLIC,"MF,FW",29,Mainz 05,de,05 DEC 2022,20 : 00,Round of 16,BRAZIL,3,3,211,0,0,1,0,0,0,5.0,2,3,3.0,2,0,84.0,97.0,2.0,0
Lee Kangin,KOREA REPUBLIC,"MF,FW",21,Mallorca,es,28 NOV 2022,14 : 00,Group H,GHANA,4,1,147,0,1,5,1,1,0,4.0,3,0,0.0,2,0,62.0,77.0,1.0,0
Lee Kangin,KOREA REPUBLIC,"MF,FW",21,Mallorca,es,02 DEC 2022,16 : 00,Group H,PORTUGAL,4,1,147,0,1,5,1,1,0,4.0,3,0,0.0,2,0,62.0,77.0,1.0,0
Lee Kangin,KOREA REPUBLIC,"MF,FW",21,Mallorca,es,24 NOV 2022,14 : 00,Group H,URUGUAY,4,1,147,0,1,5,1,1,0,4.0,3,0,0.0,2,0,62.0,77.0,1.0,0
Lee Kangin,KOREA REPUBLIC,"MF,FW",21,Mallorca,es,05 DEC 2022,20 : 00,Round of 16,BRAZIL,4,1,147,0,1,5,1,1,0,4.0,3,0,0.0,2,0,62.0,77.0,1.0,0
Na Sang-ho,KOREA REPUBLIC,FW,25,FC Seoul,kr,28 NOV 2022,14 : 00,Group H,GHANA,2,1,119,0,0,1,1,0,0,4.0,1,0,0.0,2,0,24.0,37.0,0.0,0
Na Sang-ho,KOREA REPUBLIC,FW,25,FC Seoul,kr,02 DEC 2022,16 : 00,Group H,PORTUGAL,2,1,119,0,0,1,1,0,0,4.0,1,0,0.0,2,0,24.0,37.0,0.0,0
Na Sang-ho,KOREA REPUBLIC,FW,25,FC Seoul,kr,24 NOV 2022,14 : 00,Group H,URUGUAY,2,1,119,0,0,1,1,0,0,4.0,1,0,0.0,2,0,24.0,37.0,0.0,0
Na Sang-ho,KOREA REPUBLIC,FW,25,FC Seoul,kr,05 DEC 2022,20 : 00,Round of 16,BRAZIL,2,1,119,0,0,1,1,0,0,4.0,1,0,0.0,2,0,24.0,37.0,0.0,0
Hwang Hee-chan,KOREA REPUBLIC,"MF,FW",26,Wolves,eng,28 NOV 2022,14 : 00,Group H,GHANA,2,1,115,1,0,6,5,1,0,1.0,1,0,0.0,3,0,45.0,59.0,3.0,0
Hwang Hee-chan,KOREA REPUBLIC,"MF,FW",26,Wolves,eng,02 DEC 2022,16 : 00,Group H,PORTUGAL,2,1,115,1,0,6,5,1,0,1.0,1,0,0.0,3,0,45.0,59.0,3.0,0
Hwang Hee-chan,KOREA REPUBLIC,"MF,FW",26,Wolves,eng,24 NOV 2022,14 : 00,Group H,URUGUAY,2,1,115,1,0,6,5,1,0,1.0,1,0,0.0,3,0,45.0,59.0,3.0,0
Hwang Hee-chan,KOREA REPUBLIC,"MF,FW",26,Wolves,eng,05 DEC 2022,20 : 00,Round of 16,BRAZIL,2,1,115,1,0,6,5,1,0,1.0,1,0,0.0,3,0,45.0,59.0,3.0,0
Hwang Ui-jo,KOREA REPUBLIC,"FW,MF",29,Olympiacos,gr,28 NOV 2022,14 : 00,Group H,GHANA,4,1,106,0,0,1,0,0,0,0.0,0,0,0.0,0,0,9.0,11.0,1.0,0
Hwang Ui-jo,KOREA REPUBLIC,"FW,MF",29,Olympiacos,gr,02 DEC 2022,16 : 00,Group H,PORTUGAL,4,1,106,0,0,1,0,0,0,0.0,0,0,0.0,0,0,9.0,11.0,1.0,0
Hwang Ui-jo,KOREA REPUBLIC,"FW,MF",29,Olympiacos,gr,24 NOV 2022,14 : 00,Group H,URUGUAY,4,1,106,0,0,1,0,0,0,0.0,0,0,0.0,0,0,9.0,11.0,1.0,0
Hwang Ui-jo,KOREA REPUBLIC,"FW,MF",29,Olympiacos,gr,05 DEC 2022,20 : 00,Round of 16,BRAZIL,4,1,106,0,0,1,0,0,0,0.0,0,0,0.0,0,0,9.0,11.0,1.0,0
Kwon Kyung-won,KOREA REPUBLIC,DF,30,Gamba Osaka,jp,28 NOV 2022,14 : 00,Group H,GHANA,2,1,91,0,0,1,0,0,0,0.0,0,2,1.0,0,0,39.0,43.0,0.0,0
Kwon Kyung-won,KOREA REPUBLIC,DF,30,Gamba Osaka,jp,02 DEC 2022,16 : 00,Group H,PORTUGAL,2,1,91,0,0,1,0,0,0,0.0,0,2,1.0,0,0,39.0,43.0,0.0,0
Kwon Kyung-won,KOREA REPUBLIC,DF,30,Gamba Osaka,jp,24 NOV 2022,14 : 00,Group H,URUGUAY,2,1,91,0,0,1,0,0,0,0.0,0,2,1.0,0,0,39.0,43.0,0.0,0
Kwon Kyung-won,KOREA REPUBLIC,DF,30,Gamba Osaka,jp,05 DEC 2022,20 : 00,Round of 16,BRAZIL,2,1,91,0,0,1,0,0,0,0.0,0,2,1.0,0,0,39.0,43.0,0.0,0
Kwon Chang-hoon,KOREA REPUBLIC,"FW,MF",27,Sangju Sangmu,kr,28 NOV 2022,14 : 00,Group H,GHANA,1,1,56,0,0,0,0,0,0,1.0,0,0,0.0,0,0,19.0,25.0,0.0,0
Kwon Chang-hoon,KOREA REPUBLIC,"FW,MF",27,Sangju Sangmu,kr,02 DEC 2022,16 : 00,Group H,PORTUGAL,1,1,56,0,0,0,0,0,0,1.0,0,0,0.0,0,0,19.0,25.0,0.0,0
Kwon Chang-hoon,KOREA REPUBLIC,"FW,MF",27,Sangju Sangmu,kr,24 NOV 2022,14 : 00,Group H,URUGUAY,1,1,56,0,0,0,0,0,0,1.0,0,0,0.0,0,0,19.0,25.0,0.0,0
Kwon Chang-hoon,KOREA REPUBLIC,"FW,MF",27,Sangju Sangmu,kr,05 DEC 2022,20 : 00,Round of 16,BRAZIL,1,1,56,0,0,0,0,0,0,1.0,0,0,0.0,0,0,19.0,25.0,0.0,0
Jeong Woo-yeong,KOREA REPUBLIC,MF,22,Freiburg,de,28 NOV 2022,14 : 00,Group H,GHANA,1,1,45,0,0,1,0,0,0,0.0,0,0,0.0,1,0,12.0,15.0,0.0,0
Jeong Woo-yeong,KOREA REPUBLIC,MF,22,Freiburg,de,02 DEC 2022,16 : 00,Group H,PORTUGAL,1,1,45,0,0,1,0,0,0,0.0,0,0,0.0,1,0,12.0,15.0,0.0,0
Jeong Woo-yeong,KOREA REPUBLIC,MF,22,Freiburg,de,24 NOV 2022,14 : 00,Group H,URUGUAY,1,1,45,0,0,1,0,0,0,0.0,0,0,0.0,1,0,12.0,15.0,0.0,0
Jeong Woo-yeong,KOREA REPUBLIC,MF,22,Freiburg,de,05 DEC 2022,20 : 00,Round of 16,BRAZIL,1,1,45,0,0,1,0,0,0,0.0,0,0,0.0,1,0,12.0,15.0,0.0,0
Son Jun-ho,KOREA REPUBLIC,"MF,DF",30,Shandong Lunen,cn,28 NOV 2022,14 : 00,Group H,GHANA,3,0,72,0,0,0,0,0,0,3.0,3,3,3.0,5,0,55.0,59.0,0.0,0
Son Jun-ho,KOREA REPUBLIC,"MF,DF",30,Shandong Lunen,cn,02 DEC 2022,16 : 00,Group H,PORTUGAL,3,0,72,0,0,0,0,0,0,3.0,3,3,3.0,5,0,55.0,59.0,0.0,0
Son Jun-ho,KOREA REPUBLIC,"MF,DF",30,Shandong Lunen,cn,24 NOV 2022,14 : 00,Group H,URUGUAY,3,0,72,0,0,0,0,0,0,3.0,3,3,3.0,5,0,55.0,59.0,0.0,0
Son Jun-ho,KOREA REPUBLIC,"MF,DF",30,Shandong Lunen,cn,05 DEC 2022,20 : 00,Round of 16,BRAZIL,3,0,72,0,0,0,0,0,0,3.0,3,3,3.0,5,0,55.0,59.0,0.0,0
Hong Chul,KOREA REPUBLIC,DF,31,Daegu,kr,28 NOV 2022,14 : 00,Group H,GHANA,1,0,45,0,0,0,0,0,0,0.0,0,1,2.0,0,0,17.0,20.0,0.0,0
Hong Chul,KOREA REPUBLIC,DF,31,Daegu,kr,02 DEC 2022,16 : 00,Group H,PORTUGAL,1,0,45,0,0,0,0,0,0,0.0,0,1,2.0,0,0,17.0,20.0,0.0,0
Hong Chul,KOREA REPUBLIC,DF,31,Daegu,kr,24 NOV 2022,14 : 00,Group H,URUGUAY,1,0,45,0,0,0,0,0,0,0.0,0,1,2.0,0,0,17.0,20.0,0.0,0
Hong Chul,KOREA REPUBLIC,DF,31,Daegu,kr,05 DEC 2022,20 : 00,Round of 16,BRAZIL,1,0,45,0,0,0,0,0,0,0.0,0,1,2.0,0,0,17.0,20.0,0.0,0
Paik Seung-ho,KOREA REPUBLIC,MF,25,Jeonbuk,kr,28 NOV 2022,14 : 00,Group H,GHANA,1,0,26,1,0,1,1,0,0,3.0,2,0,0.0,1,0,20.0,27.0,0.0,0
Paik Seung-ho,KOREA REPUBLIC,MF,25,Jeonbuk,kr,02 DEC 2022,16 : 00,Group H,PORTUGAL,1,0,26,1,0,1,1,0,0,3.0,2,0,0.0,1,0,20.0,27.0,0.0,0
Paik Seung-ho,KOREA REPUBLIC,MF,25,Jeonbuk,kr,24 NOV 2022,14 : 00,Group H,URUGUAY,1,0,26,1,0,1,1,0,0,3.0,2,0,0.0,1,0,20.0,27.0,0.0,0
Paik Seung-ho,KOREA REPUBLIC,MF,25,Jeonbuk,kr,05 DEC 2022,20 : 00,Round of 16,BRAZIL,1,0,26,1,0,1,1,0,0,3.0,2,0,0.0,1,0,20.0,27.0,0.0,0
Cho Yumin,KOREA REPUBLIC,FW,25,Daejeon Citizen FC,kr,28 NOV 2022,14 : 00,Group H,GHANA,1,0,1,0,0,0,0,0,0,0.0,0,0,0.0,0,0,0.0,0.0,0.0,0
Cho Yumin,KOREA REPUBLIC,FW,25,Daejeon Citizen FC,kr,02 DEC 2022,16 : 00,Group H,PORTUGAL,1,0,1,0,0,0,0,0,0,0.0,0,0,0.0,0,0,0.0,0.0,0.0,0
Cho Yumin,KOREA REPUBLIC,FW,25,Daejeon Citizen FC,kr,24 NOV 2022,14 : 00,Group H,URUGUAY,1,0,1,0,0,0,0,0,0,0.0,0,0,0.0,0,0,0.0,0.0,0.0,0
Cho Yumin,KOREA REPUBLIC,FW,25,Daejeon Citizen FC,kr,05 DEC 2022,20 : 00,Round of 16,BRAZIL,1,0,1,0,0,0,0,0,0,0.0,0,0,0.0,0,0,0.0,0.0,0.0,0
Joshua Kimmich,GERMANY,"MF,DF",27,Bayern Munich,de,23 NOV 2022,14 : 00,Group E,JAPAN,3,3,270,0,0,7,4,1,0,5.0,2,3,6.0,2,0,226.0,267.0,1.0,0
Joshua Kimmich,GERMANY,"MF,DF",27,Bayern Munich,de,27 NOV 2022,20 : 00,Group E,SPAIN,3,3,270,0,0,7,4,1,0,5.0,2,3,6.0,2,0,226.0,267.0,1.0,0
Joshua Kimmich,GERMANY,"MF,DF",27,Bayern Munich,de,01 DEC 2022,20 : 00,Group E,COSTA RICA,3,3,270,0,0,7,4,1,0,5.0,2,3,6.0,2,0,226.0,267.0,1.0,0
Manuel Neuer,GERMANY,GK,36,Bayern Munich,de,23 NOV 2022,14 : 00,Group E,JAPAN,3,3,270,0,0,0,0,0,0,0.0,0,0,0.0,0,0,115.0,127.0,0.0,0
Manuel Neuer,GERMANY,GK,36,Bayern Munich,de,27 NOV 2022,20 : 00,Group E,SPAIN,3,3,270,0,0,0,0,0,0,0.0,0,0,0.0,0,0,115.0,127.0,0.0,0
Manuel Neuer,GERMANY,GK,36,Bayern Munich,de,01 DEC 2022,20 : 00,Group E,COSTA RICA,3,3,270,0,0,0,0,0,0,0.0,0,0,0.0,0,0,115.0,127.0,0.0,0
Antonio Rüdiger,GERMANY,DF,29,Real Madrid,es,23 NOV 2022,14 : 00,Group E,JAPAN,3,3,270,0,0,6,1,0,0,2.0,1,0,3.0,0,0,229.0,252.0,0.0,1
Antonio Rüdiger,GERMANY,DF,29,Real Madrid,es,27 NOV 2022,20 : 00,Group E,SPAIN,3,3,270,0,0,6,1,0,0,2.0,1,0,3.0,0,0,229.0,252.0,0.0,1
Antonio Rüdiger,GERMANY,DF,29,Real Madrid,es,01 DEC 2022,20 : 00,Group E,COSTA RICA,3,3,270,0,0,6,1,0,0,2.0,1,0,3.0,0,0,229.0,252.0,0.0,1
Niklas Süle,GERMANY,DF,26,Dortmund,de,23 NOV 2022,14 : 00,Group E,JAPAN,3,3,269,0,0,1,0,0,0,5.0,4,0,1.0,0,0,231.0,255.0,0.0,0
Niklas Süle,GERMANY,DF,26,Dortmund,de,27 NOV 2022,20 : 00,Group E,SPAIN,3,3,269,0,0,1,0,0,0,5.0,4,0,1.0,0,0,231.0,255.0,0.0,0
Niklas Süle,GERMANY,DF,26,Dortmund,de,01 DEC 2022,20 : 00,Group E,COSTA RICA,3,3,269,0,0,1,0,0,0,5.0,4,0,1.0,0,0,231.0,255.0,0.0,0
Serge Gnabry,GERMANY,"FW,MF",26,Bayern Munich,de,23 NOV 2022,14 : 00,Group E,JAPAN,3,3,263,1,1,12,4,0,0,5.0,2,2,2.0,2,0,86.0,118.0,3.0,3
Serge Gnabry,GERMANY,"FW,MF",26,Bayern Munich,de,27 NOV 2022,20 : 00,Group E,SPAIN,3,3,263,1,1,12,4,0,0,5.0,2,2,2.0,2,0,86.0,118.0,3.0,3
Serge Gnabry,GERMANY,"FW,MF",26,Bayern Munich,de,01 DEC 2022,20 : 00,Group E,COSTA RICA,3,3,263,1,1,12,4,0,0,5.0,2,2,2.0,2,0,86.0,118.0,3.0,3
Jamal Musiala,GERMANY,"MF,FW",19,Bayern Munich,de,23 NOV 2022,14 : 00,Group E,JAPAN,3,3,258,0,1,12,3,0,0,1.0,1,1,3.0,1,0,85.0,105.0,19.0,1
Jamal Musiala,GERMANY,"MF,FW",19,Bayern Munich,de,27 NOV 2022,20 : 00,Group E,SPAIN,3,3,258,0,1,12,3,0,0,1.0,1,1,3.0,1,0,85.0,105.0,19.0,1
Jamal Musiala,GERMANY,"MF,FW",19,Bayern Munich,de,01 DEC 2022,20 : 00,Group E,COSTA RICA,3,3,258,0,1,12,3,0,0,1.0,1,1,3.0,1,0,85.0,105.0,19.0,1
David Raum,GERMANY,DF,24,RB Leipzig,de,23 NOV 2022,14 : 00,Group E,JAPAN,3,3,242,0,1,0,0,0,0,6.0,3,7,10.0,5,0,153.0,195.0,2.0,1
David Raum,GERMANY,DF,24,RB Leipzig,de,27 NOV 2022,20 : 00,Group E,SPAIN,3,3,242,0,1,0,0,0,0,6.0,3,7,10.0,5,0,153.0,195.0,2.0,1
David Raum,GERMANY,DF,24,RB Leipzig,de,01 DEC 2022,20 : 00,Group E,COSTA RICA,3,3,242,0,1,0,0,0,0,6.0,3,7,10.0,5,0,153.0,195.0,2.0,1
Thomas Müller,GERMANY,"FW,MF",32,Bayern Munich,de,23 NOV 2022,14 : 00,Group E,JAPAN,3,3,201,0,0,3,0,0,0,2.0,2,1,4.0,0,0,56.0,78.0,0.0,2
Thomas Müller,GERMANY,"FW,MF",32,Bayern Munich,de,27 NOV 2022,20 : 00,Group E,SPAIN,3,3,201,0,0,3,0,0,0,2.0,2,1,4.0,0,0,56.0,78.0,0.0,2
Thomas Müller,GERMANY,"FW,MF",32,Bayern Munich,de,01 DEC 2022,20 : 00,Group E,COSTA RICA,3,3,201,0,0,3,0,0,0,2.0,2,1,4.0,0,0,56.0,78.0,0.0,2
İlkay Gündoğan,GERMANY,MF,31,Manchester City,eng,23 NOV 2022,14 : 00,Group E,JAPAN,3,3,189,1,0,5,2,0,0,3.0,1,1,2.0,3,0,150.0,168.0,2.0,1
İlkay Gündoğan,GERMANY,MF,31,Manchester City,eng,27 NOV 2022,20 : 00,Group E,SPAIN,3,3,189,1,0,5,2,0,0,3.0,1,1,2.0,3,0,150.0,168.0,2.0,1
İlkay Gündoğan,GERMANY,MF,31,Manchester City,eng,01 DEC 2022,20 : 00,Group E,COSTA RICA,3,3,189,1,0,5,2,0,0,3.0,1,1,2.0,3,0,150.0,168.0,2.0,1
Leon Goretzka,GERMANY,MF,27,Bayern Munich,de,23 NOV 2022,14 : 00,Group E,JAPAN,3,2,159,0,0,4,1,1,0,5.0,3,1,1.0,4,0,42.0,57.0,0.0,0
Leon Goretzka,GERMANY,MF,27,Bayern Munich,de,27 NOV 2022,20 : 00,Group E,SPAIN,3,2,159,0,0,4,1,1,0,5.0,3,1,1.0,4,0,42.0,57.0,0.0,0
Leon Goretzka,GERMANY,MF,27,Bayern Munich,de,01 DEC 2022,20 : 00,Group E,COSTA RICA,3,2,159,0,0,4,1,1,0,5.0,3,1,1.0,4,0,42.0,57.0,0.0,0
Leroy Sané,GERMANY,"FW,DF",26,Bayern Munich,de,23 NOV 2022,14 : 00,Group E,JAPAN,2,1,111,0,1,3,0,0,0,1.0,1,0,2.0,0,0,47.0,58.0,3.0,0
Leroy Sané,GERMANY,"FW,DF",26,Bayern Munich,de,27 NOV 2022,20 : 00,Group E,SPAIN,2,1,111,0,1,3,0,0,0,1.0,1,0,2.0,0,0,47.0,58.0,3.0,0
Leroy Sané,GERMANY,"FW,DF",26,Bayern Munich,de,01 DEC 2022,20 : 00,Group E,COSTA RICA,2,1,111,0,1,3,0,0,0,1.0,1,0,2.0,0,0,47.0,58.0,3.0,0
Kai Havertz,GERMANY,FW,23,Chelsea,eng,23 NOV 2022,14 : 00,Group E,JAPAN,2,1,102,2,0,5,3,0,0,1.0,1,1,0.0,3,0,27.0,34.0,0.0,3
Kai Havertz,GERMANY,FW,23,Chelsea,eng,27 NOV 2022,20 : 00,Group E,SPAIN,2,1,102,2,0,5,3,0,0,1.0,1,1,0.0,3,0,27.0,34.0,0.0,3
Kai Havertz,GERMANY,FW,23,Chelsea,eng,01 DEC 2022,20 : 00,Group E,COSTA RICA,2,1,102,2,0,5,3,0,0,1.0,1,1,0.0,3,0,27.0,34.0,0.0,3
Nico Schlotterbeck,GERMANY,DF,22,Dortmund,de,23 NOV 2022,14 : 00,Group E,JAPAN,2,1,94,0,0,0,0,0,0,4.0,3,1,2.0,1,0,110.0,123.0,0.0,0
Nico Schlotterbeck,GERMANY,DF,22,Dortmund,de,27 NOV 2022,20 : 00,Group E,SPAIN,2,1,94,0,0,0,0,0,0,4.0,3,1,2.0,1,0,110.0,123.0,0.0,0
Nico Schlotterbeck,GERMANY,DF,22,Dortmund,de,01 DEC 2022,20 : 00,Group E,COSTA RICA,2,1,94,0,0,0,0,0,0,4.0,3,1,2.0,1,0,110.0,123.0,0.0,0
Thilo Kehrer,GERMANY,DF,25,West Ham,eng,23 NOV 2022,14 : 00,Group E,JAPAN,1,1,69,0,0,0,0,1,0,6.0,2,3,1.0,3,0,22.0,29.0,0.0,0
Thilo Kehrer,GERMANY,DF,25,West Ham,eng,27 NOV 2022,20 : 00,Group E,SPAIN,1,1,69,0,0,0,0,1,0,6.0,2,3,1.0,3,0,22.0,29.0,0.0,0
Thilo Kehrer,GERMANY,DF,25,West Ham,eng,01 DEC 2022,20 : 00,Group E,COSTA RICA,1,1,69,0,0,0,0,1,0,6.0,2,3,1.0,3,0,22.0,29.0,0.0,0
Niclas Füllkrug,GERMANY,FW,29,Werder Bremen,de,23 NOV 2022,14 : 00,Group E,JAPAN,3,0,69,2,1,8,3,0,0,0.0,0,0,0.0,0,0,15.0,24.0,1.0,0
Niclas Füllkrug,GERMANY,FW,29,Werder Bremen,de,27 NOV 2022,20 : 00,Group E,SPAIN,3,0,69,2,1,8,3,0,0,0.0,0,0,0.0,0,0,15.0,24.0,1.0,0
Niclas Füllkrug,GERMANY,FW,29,Werder Bremen,de,01 DEC 2022,20 : 00,Group E,COSTA RICA,3,0,69,2,1,8,3,0,0,0.0,0,0,0.0,0,0,15.0,24.0,1.0,0
Lukas Klostermann,GERMANY,DF,26,RB Leipzig,de,23 NOV 2022,14 : 00,Group E,JAPAN,2,0,66,0,0,0,0,0,0,3.0,1,0,0.0,1,0,51.0,52.0,0.0,0
Lukas Klostermann,GERMANY,DF,26,RB Leipzig,de,27 NOV 2022,20 : 00,Group E,SPAIN,2,0,66,0,0,0,0,0,0,3.0,1,0,0.0,1,0,51.0,52.0,0.0,0
Lukas Klostermann,GERMANY,DF,26,RB Leipzig,de,01 DEC 2022,20 : 00,Group E,COSTA RICA,2,0,66,0,0,0,0,0,0,3.0,1,0,0.0,1,0,51.0,52.0,0.0,0
Mario Götze,GERMANY,MF,30,Eint Frankfurt,de,23 NOV 2022,14 : 00,Group E,JAPAN,2,0,36,0,0,1,1,0,0,1.0,0,0,2.0,0,0,21.0,23.0,0.0,0
Mario Götze,GERMANY,MF,30,Eint Frankfurt,de,27 NOV 2022,20 : 00,Group E,SPAIN,2,0,36,0,0,1,1,0,0,1.0,0,0,2.0,0,0,21.0,23.0,0.0,0
Mario Götze,GERMANY,MF,30,Eint Frankfurt,de,01 DEC 2022,20 : 00,Group E,COSTA RICA,2,0,36,0,0,1,1,0,0,1.0,0,0,2.0,0,0,21.0,23.0,0.0,0
Jonas Hofmann,GERMANY,FW,29,M'Gladbach,de,23 NOV 2022,14 : 00,Group E,JAPAN,2,0,30,0,0,1,1,0,0,0.0,0,0,2.0,0,0,16.0,20.0,0.0,0
Jonas Hofmann,GERMANY,FW,29,M'Gladbach,de,27 NOV 2022,20 : 00,Group E,SPAIN,2,0,30,0,0,1,1,0,0,0.0,0,0,2.0,0,0,16.0,20.0,0.0,0
Jonas Hofmann,GERMANY,FW,29,M'Gladbach,de,01 DEC 2022,20 : 00,Group E,COSTA RICA,2,0,30,0,0,1,1,0,0,0.0,0,0,2.0,0,0,16.0,20.0,0.0,0
Matthias Ginter,GERMANY,DF,28,Freiburg,de,23 NOV 2022,14 : 00,Group E,JAPAN,1,0,1,0,0,0,0,0,0,0.0,0,0,0.0,1,0,3.0,3.0,0.0,0
Matthias Ginter,GERMANY,DF,28,Freiburg,de,27 NOV 2022,20 : 00,Group E,SPAIN,1,0,1,0,0,0,0,0,0,0.0,0,0,0.0,1,0,3.0,3.0,0.0,0
Matthias Ginter,GERMANY,DF,28,Freiburg,de,01 DEC 2022,20 : 00,Group E,COSTA RICA,1,0,1,0,0,0,0,0,0,0.0,0,0,0.0,1,0,3.0,3.0,0.0,0
Youssoufa Moukoko,GERMANY,FW,17,Dortmund,de,23 NOV 2022,14 : 00,Group E,JAPAN,1,0,1,0,0,0,0,0,0,0.0,0,0,0.0,0,0,1.0,2.0,0.0,0
Youssoufa Moukoko,GERMANY,FW,17,Dortmund,de,27 NOV 2022,20 : 00,Group E,SPAIN,1,0,1,0,0,0,0,0,0,0.0,0,0,0.0,0,0,1.0,2.0,0.0,0
Youssoufa Moukoko,GERMANY,FW,17,Dortmund,de,01 DEC 2022,20 : 00,Group E,COSTA RICA,1,0,1,0,0,0,0,0,0,0.0,0,0,0.0,0,0,1.0,2.0,0.0,0
Pervis Estupiñán,ECUADOR,DF,24,Brighton,eng,29 NOV 2022,16 : 00,Group A,SENEGAL,3,3,270,0,0,1,1,0,0,6.0,3,3,4.0,8,0,148.0,190.0,2.0,2
Pervis Estupiñán,ECUADOR,DF,24,Brighton,eng,20 NOV 2022,17 : 00,Group A,QATAR,3,3,270,0,0,1,1,0,0,6.0,3,3,4.0,8,0,148.0,190.0,2.0,2
Pervis Estupiñán,ECUADOR,DF,24,Brighton,eng,25 NOV 2022,17 : 00,Group A,NETHERLANDS,3,3,270,0,0,1,1,0,0,6.0,3,3,4.0,8,0,148.0,190.0,2.0,2
Hernán Galíndez,ECUADOR,GK,35,SD Aucas,ec,29 NOV 2022,16 : 00,Group A,SENEGAL,3,3,270,0,0,0,0,0,0,0.0,0,0,0.0,0,0,44.0,74.0,0.0,0
Hernán Galíndez,ECUADOR,GK,35,SD Aucas,ec,20 NOV 2022,17 : 00,Group A,QATAR,3,3,270,0,0,0,0,0,0,0.0,0,0,0.0,0,0,44.0,74.0,0.0,0
Hernán Galíndez,ECUADOR,GK,35,SD Aucas,ec,25 NOV 2022,17 : 00,Group A,NETHERLANDS,3,3,270,0,0,0,0,0,0,0.0,0,0,0.0,0,0,44.0,74.0,0.0,0
Piero Hincapié,ECUADOR,DF,20,Leverkusen,de,29 NOV 2022,16 : 00,Group A,SENEGAL,3,3,270,0,0,0,0,0,0,7.0,4,2,2.0,5,0,168.0,200.0,0.0,0
Piero Hincapié,ECUADOR,DF,20,Leverkusen,de,20 NOV 2022,17 : 00,Group A,QATAR,3,3,270,0,0,0,0,0,0,7.0,4,2,2.0,5,0,168.0,200.0,0.0,0
Piero Hincapié,ECUADOR,DF,20,Leverkusen,de,25 NOV 2022,17 : 00,Group A,NETHERLANDS,3,3,270,0,0,0,0,0,0,7.0,4,2,2.0,5,0,168.0,200.0,0.0,0
Félix Torres Caicedo,ECUADOR,DF,25,Santos,mx,29 NOV 2022,16 : 00,Group A,SENEGAL,3,3,270,0,1,1,0,0,0,2.0,2,4,3.0,1,0,168.0,208.0,0.0,0
Félix Torres Caicedo,ECUADOR,DF,25,Santos,mx,20 NOV 2022,17 : 00,Group A,QATAR,3,3,270,0,1,1,0,0,0,2.0,2,4,3.0,1,0,168.0,208.0,0.0,0
Félix Torres Caicedo,ECUADOR,DF,25,Santos,mx,25 NOV 2022,17 : 00,Group A,NETHERLANDS,3,3,270,0,1,1,0,0,0,2.0,2,4,3.0,1,0,168.0,208.0,0.0,0
Moisés Caicedo,ECUADOR,MF,20,Brighton,eng,29 NOV 2022,16 : 00,Group A,SENEGAL,3,3,269,1,0,3,1,1,0,6.0,5,2,4.0,4,0,126.0,153.0,0.0,0
Moisés Caicedo,ECUADOR,MF,20,Brighton,eng,20 NOV 2022,17 : 00,Group A,QATAR,3,3,269,1,0,3,1,1,0,6.0,5,2,4.0,4,0,126.0,153.0,0.0,0
Moisés Caicedo,ECUADOR,MF,20,Brighton,eng,25 NOV 2022,17 : 00,Group A,NETHERLANDS,3,3,269,1,0,3,1,1,0,6.0,5,2,4.0,4,0,126.0,153.0,0.0,0
Gonzalo Plata,ECUADOR,"MF,FW",21,Valladolid,es,29 NOV 2022,16 : 00,Group A,SENEGAL,3,3,269,0,0,2,1,0,0,3.0,2,2,3.0,4,0,77.0,104.0,4.0,0
Gonzalo Plata,ECUADOR,"MF,FW",21,Valladolid,es,20 NOV 2022,17 : 00,Group A,QATAR,3,3,269,0,0,2,1,0,0,3.0,2,2,3.0,4,0,77.0,104.0,4.0,0
Gonzalo Plata,ECUADOR,"MF,FW",21,Valladolid,es,25 NOV 2022,17 : 00,Group A,NETHERLANDS,3,3,269,0,0,2,1,0,0,3.0,2,2,3.0,4,0,77.0,104.0,4.0,0
Ángelo Preciado,ECUADOR,DF,24,Genk,be,29 NOV 2022,16 : 00,Group A,SENEGAL,3,3,264,0,1,4,0,0,0,7.0,5,6,2.0,8,0,94.0,129.0,0.0,0
Ángelo Preciado,ECUADOR,DF,24,Genk,be,20 NOV 2022,17 : 00,Group A,QATAR,3,3,264,0,1,4,0,0,0,7.0,5,6,2.0,8,0,94.0,129.0,0.0,0
Ángelo Preciado,ECUADOR,DF,24,Genk,be,25 NOV 2022,17 : 00,Group A,NETHERLANDS,3,3,264,0,1,4,0,0,0,7.0,5,6,2.0,8,0,94.0,129.0,0.0,0
Enner Valencia,ECUADOR,"FW,MF",32,Fenerbahçe,tr,29 NOV 2022,16 : 00,Group A,SENEGAL,3,3,255,3,0,8,3,0,0,2.0,0,1,3.0,3,0,40.0,57.0,2.0,2
Enner Valencia,ECUADOR,"FW,MF",32,Fenerbahçe,tr,20 NOV 2022,17 : 00,Group A,QATAR,3,3,255,3,0,8,3,0,0,2.0,0,1,3.0,3,0,40.0,57.0,2.0,2
Enner Valencia,ECUADOR,"FW,MF",32,Fenerbahçe,tr,25 NOV 2022,17 : 00,Group A,NETHERLANDS,3,3,255,3,0,8,3,0,0,2.0,0,1,3.0,3,0,40.0,57.0,2.0,2
Michael Estrada,ECUADOR,FW,26,Cruz Azul,mx,29 NOV 2022,16 : 00,Group A,SENEGAL,3,3,225,0,0,3,0,0,0,1.0,0,0,4.0,6,0,28.0,50.0,2.0,2
Michael Estrada,ECUADOR,FW,26,Cruz Azul,mx,20 NOV 2022,17 : 00,Group A,QATAR,3,3,225,0,0,3,0,0,0,1.0,0,0,4.0,6,0,28.0,50.0,2.0,2
Michael Estrada,ECUADOR,FW,26,Cruz Azul,mx,25 NOV 2022,17 : 00,Group A,NETHERLANDS,3,3,225,0,0,3,0,0,0,1.0,0,0,4.0,6,0,28.0,50.0,2.0,2
Jhegson Méndez,ECUADOR,MF,25,Los Angeles FC,us,29 NOV 2022,16 : 00,Group A,SENEGAL,2,2,180,0,0,0,0,2,0,2.0,2,1,4.0,3,0,128.0,140.0,0.0,0
Jhegson Méndez,ECUADOR,MF,25,Los Angeles FC,us,20 NOV 2022,17 : 00,Group A,QATAR,2,2,180,0,0,0,0,2,0,2.0,2,1,4.0,3,0,128.0,140.0,0.0,0
Jhegson Méndez,ECUADOR,MF,25,Los Angeles FC,us,25 NOV 2022,17 : 00,Group A,NETHERLANDS,2,2,180,0,0,0,0,2,0,2.0,2,1,4.0,3,0,128.0,140.0,0.0,0
Jackson Porozo,ECUADOR,DF,21,Troyes,fr,29 NOV 2022,16 : 00,Group A,SENEGAL,2,1,96,0,0,1,0,0,0,2.0,2,3,1.0,1,0,39.0,44.0,0.0,1
Jackson Porozo,ECUADOR,DF,21,Troyes,fr,20 NOV 2022,17 : 00,Group A,QATAR,2,1,96,0,0,1,0,0,0,2.0,2,3,1.0,1,0,39.0,44.0,0.0,1
Jackson Porozo,ECUADOR,DF,21,Troyes,fr,25 NOV 2022,17 : 00,Group A,NETHERLANDS,2,1,96,0,0,1,0,0,0,2.0,2,3,1.0,1,0,39.0,44.0,0.0,1
Romario Ibarra,ECUADOR,MF,27,Pachuca,mx,29 NOV 2022,16 : 00,Group A,SENEGAL,2,1,68,0,0,2,1,0,0,0.0,0,1,1.0,0,0,10.0,14.0,1.0,0
Romario Ibarra,ECUADOR,MF,27,Pachuca,mx,20 NOV 2022,17 : 00,Group A,QATAR,2,1,68,0,0,2,1,0,0,0.0,0,1,1.0,0,0,10.0,14.0,1.0,0
Romario Ibarra,ECUADOR,MF,27,Pachuca,mx,25 NOV 2022,17 : 00,Group A,NETHERLANDS,2,1,68,0,0,2,1,0,0,0.0,0,1,1.0,0,0,10.0,14.0,1.0,0
Alan Franco,ECUADOR,MF,23,Talleres,ar,29 NOV 2022,16 : 00,Group A,SENEGAL,2,1,46,0,0,0,0,0,0,1.0,0,2,0.0,0,0,10.0,11.0,0.0,0
Alan Franco,ECUADOR,MF,23,Talleres,ar,20 NOV 2022,17 : 00,Group A,QATAR,2,1,46,0,0,0,0,0,0,1.0,0,2,0.0,0,0,10.0,11.0,0.0,0
Alan Franco,ECUADOR,MF,23,Talleres,ar,25 NOV 2022,17 : 00,Group A,NETHERLANDS,2,1,46,0,0,0,0,0,0,1.0,0,2,0.0,0,0,10.0,11.0,0.0,0
Carlos Gruezo,ECUADOR,MF,27,Augsburg,de,29 NOV 2022,16 : 00,Group A,SENEGAL,1,1,45,0,0,0,0,0,0,2.0,2,0,0.0,0,0,15.0,15.0,0.0,0
Carlos Gruezo,ECUADOR,MF,27,Augsburg,de,20 NOV 2022,17 : 00,Group A,QATAR,1,1,45,0,0,0,0,0,0,2.0,2,0,0.0,0,0,15.0,15.0,0.0,0
Carlos Gruezo,ECUADOR,MF,27,Augsburg,de,25 NOV 2022,17 : 00,Group A,NETHERLANDS,1,1,45,0,0,0,0,0,0,2.0,2,0,0.0,0,0,15.0,15.0,0.0,0
Jeremy Sarmiento,ECUADOR,"MF,FW",19,Brighton,eng,29 NOV 2022,16 : 00,Group A,SENEGAL,3,0,85,0,0,1,1,0,0,2.0,1,1,0.0,2,0,23.0,37.0,2.0,1
Jeremy Sarmiento,ECUADOR,"MF,FW",19,Brighton,eng,20 NOV 2022,17 : 00,Group A,QATAR,3,0,85,0,0,1,1,0,0,2.0,1,1,0.0,2,0,23.0,37.0,2.0,1
Jeremy Sarmiento,ECUADOR,"MF,FW",19,Brighton,eng,25 NOV 2022,17 : 00,Group A,NETHERLANDS,3,0,85,0,0,1,1,0,0,2.0,1,1,0.0,2,0,23.0,37.0,2.0,1
José Cifuentes,ECUADOR,MF,23,Los Angeles FC,us,29 NOV 2022,16 : 00,Group A,SENEGAL,2,0,59,0,0,1,1,0,0,2.0,2,0,1.0,3,0,33.0,44.0,0.0,0
José Cifuentes,ECUADOR,MF,23,Los Angeles FC,us,20 NOV 2022,17 : 00,Group A,QATAR,2,0,59,0,0,1,1,0,0,2.0,2,0,1.0,3,0,33.0,44.0,0.0,0
José Cifuentes,ECUADOR,MF,23,Los Angeles FC,us,25 NOV 2022,17 : 00,Group A,NETHERLANDS,2,0,59,0,0,1,1,0,0,2.0,2,0,1.0,3,0,33.0,44.0,0.0,0
Djorkaeff Reasco,ECUADOR,FW,23,Newell's OB,ar,29 NOV 2022,16 : 00,Group A,SENEGAL,1,0,27,0,0,0,0,0,0,0.0,0,0,0.0,1,0,2.0,2.0,0.0,0
Djorkaeff Reasco,ECUADOR,FW,23,Newell's OB,ar,20 NOV 2022,17 : 00,Group A,QATAR,1,0,27,0,0,0,0,0,0,0.0,0,0,0.0,1,0,2.0,2.0,0.0,0
Djorkaeff Reasco,ECUADOR,FW,23,Newell's OB,ar,25 NOV 2022,17 : 00,Group A,NETHERLANDS,1,0,27,0,0,0,0,0,0,0.0,0,0,0.0,1,0,2.0,2.0,0.0,0
Kevin Rodríguez,ECUADOR,FW,22,,,29 NOV 2022,16 : 00,Group A,SENEGAL,2,0,2,0,0,2,1,0,0,,0,0,,1,0,,,,0
Kevin Rodríguez,ECUADOR,FW,22,,,20 NOV 2022,17 : 00,Group A,QATAR,2,0,2,0,0,2,1,0,0,,0,0,,1,0,,,,0
Kevin Rodríguez,ECUADOR,FW,22,,,25 NOV 2022,17 : 00,Group A,NETHERLANDS,2,0,2,0,0,2,1,0,0,,0,0,,1,0,,,,0
Collins Fai,CAMEROON,DF,29,Al-Ta'ee,sa,28 NOV 2022,11 : 00,Group G,SERBIA,3,3,270,0,0,1,0,2,0,5.0,2,4,2.0,4,0,99.0,146.0,0.0,0
Collins Fai,CAMEROON,DF,29,Al-Ta'ee,sa,02 DEC 2022,20 : 00,Group G,BRAZIL,3,3,270,0,0,1,0,2,0,5.0,2,4,2.0,4,0,99.0,146.0,0.0,0
Collins Fai,CAMEROON,DF,29,Al-Ta'ee,sa,24 NOV 2022,11 : 00,Group G,SWITZERLAND,3,3,270,0,0,1,0,2,0,5.0,2,4,2.0,4,0,99.0,146.0,0.0,0
Nouhou Tolo,CAMEROON,DF,24,Seattle,us,28 NOV 2022,11 : 00,Group G,SERBIA,3,3,270,0,0,0,0,1,0,8.0,5,6,5.0,3,0,83.0,109.0,1.0,0
Nouhou Tolo,CAMEROON,DF,24,Seattle,us,02 DEC 2022,20 : 00,Group G,BRAZIL,3,3,270,0,0,0,0,1,0,8.0,5,6,5.0,3,0,83.0,109.0,1.0,0
Nouhou Tolo,CAMEROON,DF,24,Seattle,us,24 NOV 2022,11 : 00,Group G,SWITZERLAND,3,3,270,0,0,0,0,1,0,8.0,5,6,5.0,3,0,83.0,109.0,1.0,0
Andre-Frank Zambo Anguissa,CAMEROON,MF,26,Napoli,it,28 NOV 2022,11 : 00,Group G,SERBIA,3,3,260,0,1,1,1,0,0,4.0,0,5,2.0,6,0,113.0,130.0,4.0,0
Andre-Frank Zambo Anguissa,CAMEROON,MF,26,Napoli,it,02 DEC 2022,20 : 00,Group G,BRAZIL,3,3,260,0,1,1,1,0,0,4.0,0,5,2.0,6,0,113.0,130.0,4.0,0
Andre-Frank Zambo Anguissa,CAMEROON,MF,26,Napoli,it,24 NOV 2022,11 : 00,Group G,SWITZERLAND,3,3,260,0,1,1,1,0,0,4.0,0,5,2.0,6,0,113.0,130.0,4.0,0
Eric Maxim Choupo-Moting,CAMEROON,"FW,MF",33,Bayern Munich,de,28 NOV 2022,11 : 00,Group G,SERBIA,3,3,253,1,0,3,2,0,0,4.0,2,1,0.0,0,0,44.0,66.0,3.0,1
Eric Maxim Choupo-Moting,CAMEROON,"FW,MF",33,Bayern Munich,de,02 DEC 2022,20 : 00,Group G,BRAZIL,3,3,253,1,0,3,2,0,0,4.0,2,1,0.0,0,0,44.0,66.0,3.0,1
Eric Maxim Choupo-Moting,CAMEROON,"FW,MF",33,Bayern Munich,de,24 NOV 2022,11 : 00,Group G,SWITZERLAND,3,3,253,1,0,3,2,0,0,4.0,2,1,0.0,0,0,44.0,66.0,3.0,1
Bryan Mbeumo,CAMEROON,"FW,MF",22,Brentford,eng,28 NOV 2022,11 : 00,Group G,SERBIA,3,3,233,0,0,2,2,0,0,0.0,0,1,1.0,1,0,49.0,85.0,1.0,0
Bryan Mbeumo,CAMEROON,"FW,MF",22,Brentford,eng,02 DEC 2022,20 : 00,Group G,BRAZIL,3,3,233,0,0,2,2,0,0,0.0,0,1,1.0,1,0,49.0,85.0,1.0,0
Bryan Mbeumo,CAMEROON,"FW,MF",22,Brentford,eng,24 NOV 2022,11 : 00,Group G,SWITZERLAND,3,3,233,0,0,2,2,0,0,0.0,0,1,1.0,1,0,49.0,85.0,1.0,0
Jean-Charles Castelletto,CAMEROON,DF,27,Nantes,fr,28 NOV 2022,11 : 00,Group G,SERBIA,2,2,180,1,1,1,1,0,0,3.0,3,6,2.0,1,0,66.0,82.0,1.0,0
Jean-Charles Castelletto,CAMEROON,DF,27,Nantes,fr,02 DEC 2022,20 : 00,Group G,BRAZIL,2,2,180,1,1,1,1,0,0,3.0,3,6,2.0,1,0,66.0,82.0,1.0,0
Jean-Charles Castelletto,CAMEROON,DF,27,Nantes,fr,24 NOV 2022,11 : 00,Group G,SWITZERLAND,2,2,180,1,1,1,1,0,0,3.0,3,6,2.0,1,0,66.0,82.0,1.0,0
Devis Epassy,CAMEROON,GK,29,Abha,sa,28 NOV 2022,11 : 00,Group G,SERBIA,2,2,180,0,0,0,0,0,0,0.0,0,0,0.0,0,0,57.0,83.0,0.0,0
Devis Epassy,CAMEROON,GK,29,Abha,sa,02 DEC 2022,20 : 00,Group G,BRAZIL,2,2,180,0,0,0,0,0,0,0.0,0,0,0.0,0,0,57.0,83.0,0.0,0
Devis Epassy,CAMEROON,GK,29,Abha,sa,24 NOV 2022,11 : 00,Group G,SWITZERLAND,2,2,180,0,0,0,0,0,0,0.0,0,0,0.0,0,0,57.0,83.0,0.0,0
Nicolas Nkoulou,CAMEROON,DF,32,Aris,gr,28 NOV 2022,11 : 00,Group G,SERBIA,2,2,180,0,1,3,1,1,0,2.0,0,5,2.0,2,0,79.0,91.0,0.0,0
Nicolas Nkoulou,CAMEROON,DF,32,Aris,gr,02 DEC 2022,20 : 00,Group G,BRAZIL,2,2,180,0,1,3,1,1,0,2.0,0,5,2.0,2,0,79.0,91.0,0.0,0
Nicolas Nkoulou,CAMEROON,DF,32,Aris,gr,24 NOV 2022,11 : 00,Group G,SWITZERLAND,2,2,180,0,1,3,1,1,0,2.0,0,5,2.0,2,0,79.0,91.0,0.0,0
Karl Toko Ekambi,CAMEROON,"FW,MF",29,Lyon,fr,28 NOV 2022,11 : 00,Group G,SERBIA,3,2,166,0,0,2,1,0,0,1.0,1,2,1.0,0,0,43.0,53.0,1.0,0
Karl Toko Ekambi,CAMEROON,"FW,MF",29,Lyon,fr,02 DEC 2022,20 : 00,Group G,BRAZIL,3,2,166,0,0,2,1,0,0,1.0,1,2,1.0,0,0,43.0,53.0,1.0,0
Karl Toko Ekambi,CAMEROON,"FW,MF",29,Lyon,fr,24 NOV 2022,11 : 00,Group G,SWITZERLAND,3,2,166,0,0,2,1,0,0,1.0,1,2,1.0,0,0,43.0,53.0,1.0,0
Pierre Kunde,CAMEROON,MF,26,Olympiacos,gr,28 NOV 2022,11 : 00,Group G,SERBIA,2,2,131,0,0,5,2,1,0,4.0,2,4,0.0,3,0,38.0,49.0,0.0,0
Pierre Kunde,CAMEROON,MF,26,Olympiacos,gr,02 DEC 2022,20 : 00,Group G,BRAZIL,2,2,131,0,0,5,2,1,0,4.0,2,4,0.0,3,0,38.0,49.0,0.0,0
Pierre Kunde,CAMEROON,MF,26,Olympiacos,gr,24 NOV 2022,11 : 00,Group G,SWITZERLAND,2,2,131,0,0,5,2,1,0,4.0,2,4,0.0,3,0,38.0,49.0,0.0,0
Martin Hongla,CAMEROON,MF,24,Hellas Verona,it,28 NOV 2022,11 : 00,Group G,SERBIA,2,2,121,0,0,1,1,0,0,0.0,0,2,2.0,1,0,49.0,61.0,2.0,1
Martin Hongla,CAMEROON,MF,24,Hellas Verona,it,02 DEC 2022,20 : 00,Group G,BRAZIL,2,2,121,0,0,1,1,0,0,0.0,0,2,2.0,1,0,49.0,61.0,2.0,1
Martin Hongla,CAMEROON,MF,24,Hellas Verona,it,24 NOV 2022,11 : 00,Group G,SWITZERLAND,2,2,121,0,0,1,1,0,0,0.0,0,2,2.0,1,0,49.0,61.0,2.0,1
Vincent Aboubakar,CAMEROON,FW,30,Al-Nassr,sa,28 NOV 2022,11 : 00,Group G,SERBIA,3,1,142,2,1,6,3,2,1,0.0,0,0,0.0,3,0,20.0,31.0,5.0,0
Vincent Aboubakar,CAMEROON,FW,30,Al-Nassr,sa,02 DEC 2022,20 : 00,Group G,BRAZIL,3,1,142,2,1,6,3,2,1,0.0,0,0,0.0,3,0,20.0,31.0,5.0,0
Vincent Aboubakar,CAMEROON,FW,30,Al-Nassr,sa,24 NOV 2022,11 : 00,Group G,SWITZERLAND,3,1,142,2,1,6,3,2,1,0.0,0,0,0.0,3,0,20.0,31.0,5.0,0
Samuel Oum Gouet,CAMEROON,MF,24,Mechelen,be,28 NOV 2022,11 : 00,Group G,SERBIA,2,1,100,0,0,0,0,0,0,1.0,1,0,0.0,0,0,52.0,59.0,0.0,0
Samuel Oum Gouet,CAMEROON,MF,24,Mechelen,be,02 DEC 2022,20 : 00,Group G,BRAZIL,2,1,100,0,0,0,0,0,0,1.0,1,0,0.0,0,0,52.0,59.0,0.0,0
Samuel Oum Gouet,CAMEROON,MF,24,Mechelen,be,24 NOV 2022,11 : 00,Group G,SWITZERLAND,2,1,100,0,0,0,0,0,0,1.0,1,0,0.0,0,0,52.0,59.0,0.0,0
Moumi Ngamaleu,CAMEROON,"FW,MF",27,Dynamo Mosc,ru,28 NOV 2022,11 : 00,Group G,SERBIA,2,1,95,0,0,0,0,0,0,3.0,1,0,0.0,3,0,21.0,25.0,2.0,0
Moumi Ngamaleu,CAMEROON,"FW,MF",27,Dynamo Mosc,ru,02 DEC 2022,20 : 00,Group G,BRAZIL,2,1,95,0,0,0,0,0,0,3.0,1,0,0.0,3,0,21.0,25.0,2.0,0
Moumi Ngamaleu,CAMEROON,"FW,MF",27,Dynamo Mosc,ru,24 NOV 2022,11 : 00,Group G,SWITZERLAND,2,1,95,0,0,0,0,0,0,3.0,1,0,0.0,3,0,21.0,25.0,2.0,0
Enzo Ebosse,CAMEROON,DF,23,Udinese,it,28 NOV 2022,11 : 00,Group G,SERBIA,1,1,90,0,0,0,0,0,0,4.0,2,0,1.0,0,0,34.0,38.0,0.0,0
Enzo Ebosse,CAMEROON,DF,23,Udinese,it,02 DEC 2022,20 : 00,Group G,BRAZIL,1,1,90,0,0,0,0,0,0,4.0,2,0,1.0,0,0,34.0,38.0,0.0,0
Enzo Ebosse,CAMEROON,DF,23,Udinese,it,24 NOV 2022,11 : 00,Group G,SWITZERLAND,1,1,90,0,0,0,0,0,0,4.0,2,0,1.0,0,0,34.0,38.0,0.0,0
Christopher Wooh,CAMEROON,DF,20,Rennes,fr,28 NOV 2022,11 : 00,Group G,SERBIA,1,1,90,0,0,1,0,0,0,1.0,0,1,3.0,2,0,25.0,31.0,0.0,0
Christopher Wooh,CAMEROON,DF,20,Rennes,fr,02 DEC 2022,20 : 00,Group G,BRAZIL,1,1,90,0,0,1,0,0,0,1.0,0,1,3.0,2,0,25.0,31.0,0.0,0
Christopher Wooh,CAMEROON,DF,20,Rennes,fr,24 NOV 2022,11 : 00,Group G,SWITZERLAND,1,1,90,0,0,1,0,0,0,1.0,0,1,3.0,2,0,25.0,31.0,0.0,0
André Onana,CAMEROON,GK,26,Inter,it,28 NOV 2022,11 : 00,Group G,SERBIA,1,1,80,0,0,0,0,0,0,0.0,0,0,0.0,0,0,45.0,59.0,0.0,0
André Onana,CAMEROON,GK,26,Inter,it,02 DEC 2022,20 : 00,Group G,BRAZIL,1,1,80,0,0,0,0,0,0,0.0,0,0,0.0,0,0,45.0,59.0,0.0,0
André Onana,CAMEROON,GK,26,Inter,it,24 NOV 2022,11 : 00,Group G,SWITZERLAND,1,1,80,0,0,0,0,0,0,0.0,0,0,0.0,0,0,45.0,59.0,0.0,0
Gaël Ondoua,CAMEROON,MF,26,Hannover 96,de,28 NOV 2022,11 : 00,Group G,SERBIA,2,0,47,0,0,0,0,0,0,2.0,1,2,1.0,2,0,17.0,19.0,0.0,0
Gaël Ondoua,CAMEROON,MF,26,Hannover 96,de,02 DEC 2022,20 : 00,Group G,BRAZIL,2,0,47,0,0,0,0,0,0,2.0,1,2,1.0,2,0,17.0,19.0,0.0,0
Gaël Ondoua,CAMEROON,MF,26,Hannover 96,de,24 NOV 2022,11 : 00,Group G,SWITZERLAND,2,0,47,0,0,0,0,0,0,2.0,1,2,1.0,2,0,17.0,19.0,0.0,0
Georges-Kévin N'Koudou,CAMEROON,"FW,MF",27,Beşiktaş,tr,28 NOV 2022,11 : 00,Group G,SERBIA,2,0,27,0,0,1,1,0,0,0.0,0,0,0.0,1,0,9.0,12.0,0.0,0
Georges-Kévin N'Koudou,CAMEROON,"FW,MF",27,Beşiktaş,tr,02 DEC 2022,20 : 00,Group G,BRAZIL,2,0,27,0,0,1,1,0,0,0.0,0,0,0.0,1,0,9.0,12.0,0.0,0
Georges-Kévin N'Koudou,CAMEROON,"FW,MF",27,Beşiktaş,tr,24 NOV 2022,11 : 00,Group G,SWITZERLAND,2,0,27,0,0,1,1,0,0,0.0,0,0,0.0,1,0,9.0,12.0,0.0,0
Olivier Ntcham,CAMEROON,MF,26,Swansea City,eng,28 NOV 2022,11 : 00,Group G,SERBIA,1,0,25,0,0,1,1,0,0,0.0,0,0,0.0,0,0,11.0,12.0,2.0,0
Olivier Ntcham,CAMEROON,MF,26,Swansea City,eng,02 DEC 2022,20 : 00,Group G,BRAZIL,1,0,25,0,0,1,1,0,0,0.0,0,0,0.0,0,0,11.0,12.0,2.0,0
Olivier Ntcham,CAMEROON,MF,26,Swansea City,eng,24 NOV 2022,11 : 00,Group G,SWITZERLAND,1,0,25,0,0,1,1,0,0,0.0,0,0,0.0,0,0,11.0,12.0,2.0,0
Christian Bassogog,CAMEROON,MF,26,Shanghai Shen,cn,28 NOV 2022,11 : 00,Group G,SERBIA,1,0,24,0,0,0,0,1,0,0.0,0,1,0.0,0,0,5.0,9.0,2.0,0
Christian Bassogog,CAMEROON,MF,26,Shanghai Shen,cn,02 DEC 2022,20 : 00,Group G,BRAZIL,1,0,24,0,0,0,0,1,0,0.0,0,1,0.0,0,0,5.0,9.0,2.0,0
Christian Bassogog,CAMEROON,MF,26,Shanghai Shen,cn,24 NOV 2022,11 : 00,Group G,SWITZERLAND,1,0,24,0,0,0,0,1,0,0.0,0,1,0.0,0,0,5.0,9.0,2.0,0
Jerome Ngom Mbekeli,CAMEROON,MF,23,Colombe Sportive du Dja et Lobo,cm,28 NOV 2022,11 : 00,Group G,SERBIA,1,0,5,0,0,0,0,0,0,0.0,0,0,0.0,0,0,1.0,2.0,0.0,0
Jerome Ngom Mbekeli,CAMEROON,MF,23,Colombe Sportive du Dja et Lobo,cm,02 DEC 2022,20 : 00,Group G,BRAZIL,1,0,5,0,0,0,0,0,0,0.0,0,0,0.0,0,0,1.0,2.0,0.0,0
Jerome Ngom Mbekeli,CAMEROON,MF,23,Colombe Sportive du Dja et Lobo,cm,24 NOV 2022,11 : 00,Group G,SWITZERLAND,1,0,5,0,0,0,0,0,0,0.0,0,0,0.0,0,0,1.0,2.0,0.0,0
José María Giménez,URUGUAY,DF,27,Atlético Madrid,es,24 NOV 2022,14 : 00,Group H,KOREA REPUBLIC,3,3,270,0,0,3,0,1,0,4.0,1,7,6.0,4,0,141.0,174.0,0.0,1
José María Giménez,URUGUAY,DF,27,Atlético Madrid,es,28 NOV 2022,20 : 00,Group H,PORTUGAL,3,3,270,0,0,3,0,1,0,4.0,1,7,6.0,4,0,141.0,174.0,0.0,1
José María Giménez,URUGUAY,DF,27,Atlético Madrid,es,02 DEC 2022,16 : 00,Group H,GHANA,3,3,270,0,0,3,0,1,0,4.0,1,7,6.0,4,0,141.0,174.0,0.0,1
Sergio Rochet,URUGUAY,GK,29,Nacional,uy,24 NOV 2022,14 : 00,Group H,KOREA REPUBLIC,3,3,270,0,0,0,0,0,0,0.0,0,0,0.0,1,0,54.0,78.0,0.0,0
Sergio Rochet,URUGUAY,GK,29,Nacional,uy,28 NOV 2022,20 : 00,Group H,PORTUGAL,3,3,270,0,0,0,0,0,0,0.0,0,0,0.0,1,0,54.0,78.0,0.0,0
Sergio Rochet,URUGUAY,GK,29,Nacional,uy,02 DEC 2022,16 : 00,Group H,GHANA,3,3,270,0,0,0,0,0,0,0.0,0,0,0.0,1,0,54.0,78.0,0.0,0
Federico Valverde,URUGUAY,MF,23,Real Madrid,es,24 NOV 2022,14 : 00,Group H,KOREA REPUBLIC,3,3,270,0,0,7,1,0,0,7.0,4,5,6.0,6,0,159.0,189.0,1.0,0
Federico Valverde,URUGUAY,MF,23,Real Madrid,es,28 NOV 2022,20 : 00,Group H,PORTUGAL,3,3,270,0,0,7,1,0,0,7.0,4,5,6.0,6,0,159.0,189.0,1.0,0
Federico Valverde,URUGUAY,MF,23,Real Madrid,es,02 DEC 2022,16 : 00,Group H,GHANA,3,3,270,0,0,7,1,0,0,7.0,4,5,6.0,6,0,159.0,189.0,1.0,0
Mathías Olivera,URUGUAY,DF,24,Napoli,it,24 NOV 2022,14 : 00,Group H,KOREA REPUBLIC,3,3,253,0,0,2,0,1,0,9.0,5,2,9.0,2,0,104.0,133.0,0.0,0
Mathías Olivera,URUGUAY,DF,24,Napoli,it,28 NOV 2022,20 : 00,Group H,PORTUGAL,3,3,253,0,0,2,0,1,0,9.0,5,2,9.0,2,0,104.0,133.0,0.0,0
Mathías Olivera,URUGUAY,DF,24,Napoli,it,02 DEC 2022,16 : 00,Group H,GHANA,3,3,253,0,0,2,0,1,0,9.0,5,2,9.0,2,0,104.0,133.0,0.0,0
Darwin Núñez,URUGUAY,FW,22,Liverpool,eng,24 NOV 2022,14 : 00,Group H,KOREA REPUBLIC,3,3,240,0,0,3,1,1,0,3.0,2,0,2.0,2,0,35.0,56.0,0.0,0
Darwin Núñez,URUGUAY,FW,22,Liverpool,eng,28 NOV 2022,20 : 00,Group H,PORTUGAL,3,3,240,0,0,3,1,1,0,3.0,2,0,2.0,2,0,35.0,56.0,0.0,0
Darwin Núñez,URUGUAY,FW,22,Liverpool,eng,02 DEC 2022,16 : 00,Group H,GHANA,3,3,240,0,0,3,1,1,0,3.0,2,0,2.0,2,0,35.0,56.0,0.0,0
Rodrigo Bentancur,URUGUAY,MF,24,Tottenham,eng,24 NOV 2022,14 : 00,Group H,KOREA REPUBLIC,3,3,213,0,0,3,1,1,0,9.0,8,7,3.0,5,0,136.0,160.0,3.0,0
Rodrigo Bentancur,URUGUAY,MF,24,Tottenham,eng,28 NOV 2022,20 : 00,Group H,PORTUGAL,3,3,213,0,0,3,1,1,0,9.0,8,7,3.0,5,0,136.0,160.0,3.0,0
Rodrigo Bentancur,URUGUAY,MF,24,Tottenham,eng,02 DEC 2022,16 : 00,Group H,GHANA,3,3,213,0,0,3,1,1,0,9.0,8,7,3.0,5,0,136.0,160.0,3.0,0
Matías Vecino,URUGUAY,MF,30,Lazio,it,24 NOV 2022,14 : 00,Group H,KOREA REPUBLIC,3,2,195,0,0,1,1,0,0,4.0,3,4,6.0,4,0,76.0,106.0,0.0,0
Matías Vecino,URUGUAY,MF,30,Lazio,it,28 NOV 2022,20 : 00,Group H,PORTUGAL,3,2,195,0,0,1,1,0,0,4.0,3,4,6.0,4,0,76.0,106.0,0.0,0
Matías Vecino,URUGUAY,MF,30,Lazio,it,02 DEC 2022,16 : 00,Group H,GHANA,3,2,195,0,0,1,1,0,0,4.0,3,4,6.0,4,0,76.0,106.0,0.0,0
Guillermo Varela,URUGUAY,DF,29,Flamengo,br,24 NOV 2022,14 : 00,Group H,KOREA REPUBLIC,3,2,183,0,0,0,0,0,0,3.0,2,3,1.0,3,0,62.0,92.0,0.0,0
Guillermo Varela,URUGUAY,DF,29,Flamengo,br,28 NOV 2022,20 : 00,Group H,PORTUGAL,3,2,183,0,0,0,0,0,0,3.0,2,3,1.0,3,0,62.0,92.0,0.0,0
Guillermo Varela,URUGUAY,DF,29,Flamengo,br,02 DEC 2022,16 : 00,Group H,GHANA,3,2,183,0,0,0,0,0,0,3.0,2,3,1.0,3,0,62.0,92.0,0.0,0
Facundo Pellistri,URUGUAY,"MF,FW",20,Manchester Utd,eng,24 NOV 2022,14 : 00,Group H,KOREA REPUBLIC,3,2,181,0,0,1,0,0,0,2.0,1,0,1.0,2,0,32.0,46.0,0.0,0
Facundo Pellistri,URUGUAY,"MF,FW",20,Manchester Utd,eng,28 NOV 2022,20 : 00,Group H,PORTUGAL,3,2,181,0,0,1,0,0,0,2.0,1,0,1.0,2,0,32.0,46.0,0.0,0
Facundo Pellistri,URUGUAY,"MF,FW",20,Manchester Utd,eng,02 DEC 2022,16 : 00,Group H,GHANA,3,2,181,0,0,1,0,0,0,2.0,1,0,1.0,2,0,32.0,46.0,0.0,0
Sebastián Coates,URUGUAY,DF,31,Sporting CP,pt,24 NOV 2022,14 : 00,Group H,KOREA REPUBLIC,2,2,180,0,0,1,0,1,0,1.0,0,1,3.0,2,0,76.0,93.0,0.0,0
Sebastián Coates,URUGUAY,DF,31,Sporting CP,pt,28 NOV 2022,20 : 00,Group H,PORTUGAL,2,2,180,0,0,1,0,1,0,1.0,0,1,3.0,2,0,76.0,93.0,0.0,0
Sebastián Coates,URUGUAY,DF,31,Sporting CP,pt,02 DEC 2022,16 : 00,Group H,GHANA,2,2,180,0,0,1,0,1,0,1.0,0,1,3.0,2,0,76.0,93.0,0.0,0
Diego Godín,URUGUAY,DF,36,Vélez Sarsf,ar,24 NOV 2022,14 : 00,Group H,KOREA REPUBLIC,2,2,151,0,0,1,0,0,0,0.0,0,1,0.0,0,0,87.0,103.0,0.0,0
Diego Godín,URUGUAY,DF,36,Vélez Sarsf,ar,28 NOV 2022,20 : 00,Group H,PORTUGAL,2,2,151,0,0,1,0,0,0,0.0,0,1,0.0,0,0,87.0,103.0,0.0,0
Diego Godín,URUGUAY,DF,36,Vélez Sarsf,ar,02 DEC 2022,16 : 00,Group H,GHANA,2,2,151,0,0,1,0,0,0,0.0,0,1,0.0,0,0,87.0,103.0,0.0,0
Luis Suárez,URUGUAY,FW,35,Nacional,uy,24 NOV 2022,14 : 00,Group H,KOREA REPUBLIC,3,2,146,0,1,2,1,1,0,1.0,0,0,0.0,0,0,25.0,40.0,2.0,1
Luis Suárez,URUGUAY,FW,35,Nacional,uy,28 NOV 2022,20 : 00,Group H,PORTUGAL,3,2,146,0,1,2,1,1,0,1.0,0,0,0.0,0,0,25.0,40.0,2.0,1
Luis Suárez,URUGUAY,FW,35,Nacional,uy,02 DEC 2022,16 : 00,Group H,GHANA,3,2,146,0,1,2,1,1,0,1.0,0,0,0.0,0,0,25.0,40.0,2.0,1
Edinson Cavani,URUGUAY,FW,35,Valencia,es,24 NOV 2022,14 : 00,Group H,KOREA REPUBLIC,3,1,124,0,0,3,0,1,0,0.0,0,0,0.0,0,0,27.0,37.0,1.0,1
Edinson Cavani,URUGUAY,FW,35,Valencia,es,28 NOV 2022,20 : 00,Group H,PORTUGAL,3,1,124,0,0,3,0,1,0,0.0,0,0,0.0,0,0,27.0,37.0,1.0,1
Edinson Cavani,URUGUAY,FW,35,Valencia,es,02 DEC 2022,16 : 00,Group H,GHANA,3,1,124,0,0,3,0,1,0,0.0,0,0,0.0,0,0,27.0,37.0,1.0,1
Giorgian De Arrascaeta,URUGUAY,MF,28,Flamengo,br,24 NOV 2022,14 : 00,Group H,KOREA REPUBLIC,2,1,108,2,0,3,3,0,0,3.0,1,2,1.0,0,0,32.0,52.0,0.0,0
Giorgian De Arrascaeta,URUGUAY,MF,28,Flamengo,br,28 NOV 2022,20 : 00,Group H,PORTUGAL,2,1,108,2,0,3,3,0,0,3.0,1,2,1.0,0,0,32.0,52.0,0.0,0
Giorgian De Arrascaeta,URUGUAY,MF,28,Flamengo,br,02 DEC 2022,16 : 00,Group H,GHANA,2,1,108,2,0,3,3,0,0,3.0,1,2,1.0,0,0,32.0,52.0,0.0,0
Martín Cáceres,URUGUAY,DF,35,LA Galaxy,us,24 NOV 2022,14 : 00,Group H,KOREA REPUBLIC,1,1,90,0,0,0,0,1,0,0.0,0,0,0.0,1,0,68.0,79.0,1.0,0
Martín Cáceres,URUGUAY,DF,35,LA Galaxy,us,28 NOV 2022,20 : 00,Group H,PORTUGAL,1,1,90,0,0,0,0,1,0,0.0,0,0,0.0,1,0,68.0,79.0,1.0,0
Martín Cáceres,URUGUAY,DF,35,LA Galaxy,us,02 DEC 2022,16 : 00,Group H,GHANA,1,1,90,0,0,0,0,1,0,0.0,0,0,0.0,1,0,68.0,79.0,1.0,0
Nicolás De La Cruz,URUGUAY,MF,25,River Plate,ar,24 NOV 2022,14 : 00,Group H,KOREA REPUBLIC,2,0,38,0,0,1,1,0,0,0.0,0,0,0.0,0,0,20.0,25.0,0.0,0
Nicolás De La Cruz,URUGUAY,MF,25,River Plate,ar,28 NOV 2022,20 : 00,Group H,PORTUGAL,2,0,38,0,0,1,1,0,0,0.0,0,0,0.0,0,0,20.0,25.0,0.0,0
Nicolás De La Cruz,URUGUAY,MF,25,River Plate,ar,02 DEC 2022,16 : 00,Group H,GHANA,2,0,38,0,0,1,1,0,0,0.0,0,0,0.0,0,0,20.0,25.0,0.0,0
Maxi Gómez,URUGUAY,FW,25,Trabzonspor,tr,24 NOV 2022,14 : 00,Group H,KOREA REPUBLIC,2,0,30,0,0,2,1,0,0,0.0,0,0,0.0,1,0,5.0,7.0,0.0,0
Maxi Gómez,URUGUAY,FW,25,Trabzonspor,tr,28 NOV 2022,20 : 00,Group H,PORTUGAL,2,0,30,0,0,2,1,0,0,0.0,0,0,0.0,1,0,5.0,7.0,0.0,0
Maxi Gómez,URUGUAY,FW,25,Trabzonspor,tr,02 DEC 2022,16 : 00,Group H,GHANA,2,0,30,0,0,2,1,0,0,0.0,0,0,0.0,1,0,5.0,7.0,0.0,0
Matías Viña,URUGUAY,DF,24,Roma,it,24 NOV 2022,14 : 00,Group H,KOREA REPUBLIC,2,0,17,0,0,0,0,0,0,4.0,3,0,0.0,1,0,11.0,21.0,1.0,0
Matías Viña,URUGUAY,DF,24,Roma,it,28 NOV 2022,20 : 00,Group H,PORTUGAL,2,0,17,0,0,0,0,0,0,4.0,3,0,0.0,1,0,11.0,21.0,1.0,0
Matías Viña,URUGUAY,DF,24,Roma,it,02 DEC 2022,16 : 00,Group H,GHANA,2,0,17,0,0,0,0,0,0,4.0,3,0,0.0,1,0,11.0,21.0,1.0,0
Agustín Canobbio,URUGUAY,MF,23,Atl Paranaense,br,24 NOV 2022,14 : 00,Group H,KOREA REPUBLIC,1,0,11,0,0,0,0,0,0,1.0,1,0,1.0,0,0,5.0,7.0,0.0,0
Agustín Canobbio,URUGUAY,MF,23,Atl Paranaense,br,28 NOV 2022,20 : 00,Group H,PORTUGAL,1,0,11,0,0,0,0,0,0,1.0,1,0,1.0,0,0,5.0,7.0,0.0,0
Agustín Canobbio,URUGUAY,MF,23,Atl Paranaense,br,02 DEC 2022,16 : 00,Group H,GHANA,1,0,11,0,0,0,0,0,0,1.0,1,0,1.0,0,0,5.0,7.0,0.0,0
Aimen Dahmen,TUNISIA,GK,25,CS Sfaxien,tn,26 NOV 2022,11 : 00,Group D,AUSTRALIA,3,3,270,0,0,0,0,0,0,0.0,0,0,0.0,0,0,48.0,77.0,0.0,0
Aimen Dahmen,TUNISIA,GK,25,CS Sfaxien,tn,30 NOV 2022,16 : 00,Group D,FRANCE,3,3,270,0,0,0,0,0,0,0.0,0,0,0.0,0,0,48.0,77.0,0.0,0
Aimen Dahmen,TUNISIA,GK,25,CS Sfaxien,tn,22 NOV 2022,14 : 00,Group D,DENMARK,3,3,270,0,0,0,0,0,0,0.0,0,0,0.0,0,0,48.0,77.0,0.0,0
Yassine Meriah,TUNISIA,DF,28,Espérance de Tunis,tn,26 NOV 2022,11 : 00,Group D,AUSTRALIA,3,3,270,0,0,1,0,0,0,4.0,2,1,5.0,3,0,139.0,171.0,2.0,0
Yassine Meriah,TUNISIA,DF,28,Espérance de Tunis,tn,30 NOV 2022,16 : 00,Group D,FRANCE,3,3,270,0,0,1,0,0,0,4.0,2,1,5.0,3,0,139.0,171.0,2.0,0
Yassine Meriah,TUNISIA,DF,28,Espérance de Tunis,tn,22 NOV 2022,14 : 00,Group D,DENMARK,3,3,270,0,0,1,0,0,0,4.0,2,1,5.0,3,0,139.0,171.0,2.0,0
Ellyes Skhiri,TUNISIA,MF,27,Köln,de,26 NOV 2022,11 : 00,Group D,AUSTRALIA,3,3,270,0,0,2,0,0,0,10.0,3,7,2.0,3,0,109.0,127.0,1.0,0
Ellyes Skhiri,TUNISIA,MF,27,Köln,de,30 NOV 2022,16 : 00,Group D,FRANCE,3,3,270,0,0,2,0,0,0,10.0,3,7,2.0,3,0,109.0,127.0,1.0,0
Ellyes Skhiri,TUNISIA,MF,27,Köln,de,22 NOV 2022,14 : 00,Group D,DENMARK,3,3,270,0,0,2,0,0,0,10.0,3,7,2.0,3,0,109.0,127.0,1.0,0
Montassar Talbi,TUNISIA,DF,24,Lorient,fr,26 NOV 2022,11 : 00,Group D,AUSTRALIA,3,3,270,0,0,1,1,0,0,2.0,2,2,7.0,4,0,118.0,137.0,0.0,0
Montassar Talbi,TUNISIA,DF,24,Lorient,fr,30 NOV 2022,16 : 00,Group D,FRANCE,3,3,270,0,0,1,1,0,0,2.0,2,2,7.0,4,0,118.0,137.0,0.0,0
Montassar Talbi,TUNISIA,DF,24,Lorient,fr,22 NOV 2022,14 : 00,Group D,DENMARK,3,3,270,0,0,1,1,0,0,2.0,2,2,7.0,4,0,118.0,137.0,0.0,0
Aïssa Laïdouni,TUNISIA,MF,25,Ferencváros,hu,26 NOV 2022,11 : 00,Group D,AUSTRALIA,3,3,243,0,1,2,0,1,0,3.0,3,4,7.0,3,0,99.0,123.0,1.0,0
Aïssa Laïdouni,TUNISIA,MF,25,Ferencváros,hu,30 NOV 2022,16 : 00,Group D,FRANCE,3,3,243,0,1,2,0,1,0,3.0,3,4,7.0,3,0,99.0,123.0,1.0,0
Aïssa Laïdouni,TUNISIA,MF,25,Ferencváros,hu,22 NOV 2022,14 : 00,Group D,DENMARK,3,3,243,0,1,2,0,1,0,3.0,3,4,7.0,3,0,99.0,123.0,1.0,0
Ali Abdi,TUNISIA,DF,28,Caen,fr,26 NOV 2022,11 : 00,Group D,AUSTRALIA,3,2,188,0,0,0,0,1,0,8.0,5,4,1.0,5,0,72.0,116.0,1.0,1
Ali Abdi,TUNISIA,DF,28,Caen,fr,30 NOV 2022,16 : 00,Group D,FRANCE,3,2,188,0,0,0,0,1,0,8.0,5,4,1.0,5,0,72.0,116.0,1.0,1
Ali Abdi,TUNISIA,DF,28,Caen,fr,22 NOV 2022,14 : 00,Group D,DENMARK,3,2,188,0,0,0,0,1,0,8.0,5,4,1.0,5,0,72.0,116.0,1.0,1
Issam Jebali,TUNISIA,FW,30,Odense,dk,26 NOV 2022,11 : 00,Group D,AUSTRALIA,3,2,182,0,0,3,1,0,0,3.0,3,0,1.0,10,0,25.0,35.0,1.0,1
Issam Jebali,TUNISIA,FW,30,Odense,dk,30 NOV 2022,16 : 00,Group D,FRANCE,3,2,182,0,0,3,1,0,0,3.0,3,0,1.0,10,0,25.0,35.0,1.0,1
Issam Jebali,TUNISIA,FW,30,Odense,dk,22 NOV 2022,14 : 00,Group D,DENMARK,3,2,182,0,0,3,1,0,0,3.0,3,0,1.0,10,0,25.0,35.0,1.0,1
Youssef Msakni,TUNISIA,"MF,FW",31,Al-Arabi SC,qa,26 NOV 2022,11 : 00,Group D,AUSTRALIA,2,2,169,0,0,9,2,0,0,3.0,1,0,2.0,0,0,50.0,69.0,4.0,0
Youssef Msakni,TUNISIA,"MF,FW",31,Al-Arabi SC,qa,30 NOV 2022,16 : 00,Group D,FRANCE,2,2,169,0,0,9,2,0,0,3.0,1,0,2.0,0,0,50.0,69.0,4.0,0
Youssef Msakni,TUNISIA,"MF,FW",31,Al-Arabi SC,qa,22 NOV 2022,14 : 00,Group D,DENMARK,2,2,169,0,0,9,2,0,0,3.0,1,0,2.0,0,0,50.0,69.0,4.0,0
Dylan Bronn,TUNISIA,DF,26,Salernitana,it,26 NOV 2022,11 : 00,Group D,AUSTRALIA,2,2,162,0,0,1,0,0,0,4.0,2,0,2.0,1,0,75.0,98.0,0.0,0
Dylan Bronn,TUNISIA,DF,26,Salernitana,it,30 NOV 2022,16 : 00,Group D,FRANCE,2,2,162,0,0,1,0,0,0,4.0,2,0,2.0,1,0,75.0,98.0,0.0,0
Dylan Bronn,TUNISIA,DF,26,Salernitana,it,22 NOV 2022,14 : 00,Group D,DENMARK,2,2,162,0,0,1,0,0,0,4.0,2,0,2.0,1,0,75.0,98.0,0.0,0
Anis Ben Slimane,TUNISIA,MF,21,Brøndby,dk,26 NOV 2022,11 : 00,Group D,AUSTRALIA,2,2,148,0,0,1,1,0,0,3.0,1,1,2.0,0,0,29.0,46.0,0.0,0
Anis Ben Slimane,TUNISIA,MF,21,Brøndby,dk,30 NOV 2022,16 : 00,Group D,FRANCE,2,2,148,0,0,1,1,0,0,3.0,1,1,2.0,0,0,29.0,46.0,0.0,0
Anis Ben Slimane,TUNISIA,MF,21,Brøndby,dk,22 NOV 2022,14 : 00,Group D,DENMARK,2,2,148,0,0,1,1,0,0,3.0,1,1,2.0,0,0,29.0,46.0,0.0,0
Mohamed Dräger,TUNISIA,DF,25,Luzern,ch,26 NOV 2022,11 : 00,Group D,AUSTRALIA,2,2,132,0,0,4,0,0,0,5.0,3,1,0.0,2,0,36.0,50.0,1.0,0
Mohamed Dräger,TUNISIA,DF,25,Luzern,ch,30 NOV 2022,16 : 00,Group D,FRANCE,2,2,132,0,0,4,0,0,0,5.0,3,1,0.0,2,0,36.0,50.0,1.0,0
Mohamed Dräger,TUNISIA,DF,25,Luzern,ch,22 NOV 2022,14 : 00,Group D,DENMARK,2,2,132,0,0,4,0,0,0,5.0,3,1,0.0,2,0,36.0,50.0,1.0,0
Naïm Sliti,TUNISIA,"MF,FW",29,Al-Ettifaq,sa,26 NOV 2022,11 : 00,Group D,AUSTRALIA,2,1,114,0,0,1,0,0,0,3.0,1,0,0.0,0,0,29.0,51.0,5.0,2
Naïm Sliti,TUNISIA,"MF,FW",29,Al-Ettifaq,sa,30 NOV 2022,16 : 00,Group D,FRANCE,2,1,114,0,0,1,0,0,0,3.0,1,0,0.0,0,0,29.0,51.0,5.0,2
Naïm Sliti,TUNISIA,"MF,FW",29,Al-Ettifaq,sa,22 NOV 2022,14 : 00,Group D,DENMARK,2,1,114,0,0,1,0,0,0,3.0,1,0,0.0,0,0,29.0,51.0,5.0,2
Wajdi Kechrida,TUNISIA,DF,26,Atromitos,gr,26 NOV 2022,11 : 00,Group D,AUSTRALIA,3,1,111,0,0,0,0,1,0,3.0,3,0,3.0,2,0,44.0,69.0,0.0,0
Wajdi Kechrida,TUNISIA,DF,26,Atromitos,gr,30 NOV 2022,16 : 00,Group D,FRANCE,3,1,111,0,0,0,0,1,0,3.0,3,0,3.0,2,0,44.0,69.0,0.0,0
Wajdi Kechrida,TUNISIA,DF,26,Atromitos,gr,22 NOV 2022,14 : 00,Group D,DENMARK,3,1,111,0,0,0,0,1,0,3.0,3,0,3.0,2,0,44.0,69.0,0.0,0
Nader Ghandri,TUNISIA,DF,27,Club Africain,tn,26 NOV 2022,11 : 00,Group D,AUSTRALIA,1,1,90,0,0,0,0,0,0,2.0,2,1,4.0,0,0,27.0,33.0,0.0,1
Nader Ghandri,TUNISIA,DF,27,Club Africain,tn,30 NOV 2022,16 : 00,Group D,FRANCE,1,1,90,0,0,0,0,0,0,2.0,2,1,4.0,0,0,27.0,33.0,0.0,1
Nader Ghandri,TUNISIA,DF,27,Club Africain,tn,22 NOV 2022,14 : 00,Group D,DENMARK,1,1,90,0,0,0,0,0,0,2.0,2,1,4.0,0,0,27.0,33.0,0.0,1
Ali Maâloul,TUNISIA,DF,32,Al Ahly SC,eg,26 NOV 2022,11 : 00,Group D,AUSTRALIA,1,1,90,0,0,0,0,0,0,1.0,1,0,2.0,0,0,39.0,63.0,0.0,0
Ali Maâloul,TUNISIA,DF,32,Al Ahly SC,eg,30 NOV 2022,16 : 00,Group D,FRANCE,1,1,90,0,0,0,0,0,0,1.0,1,0,2.0,0,0,39.0,63.0,0.0,0
Ali Maâloul,TUNISIA,DF,32,Al Ahly SC,eg,22 NOV 2022,14 : 00,Group D,DENMARK,1,1,90,0,0,0,0,0,0,1.0,1,0,2.0,0,0,39.0,63.0,0.0,0
Wahbi Khazri,TUNISIA,"FW,MF",31,Montpellier,fr,26 NOV 2022,11 : 00,Group D,AUSTRALIA,2,1,83,1,0,5,3,0,0,2.0,0,0,0.0,1,0,13.0,20.0,0.0,2
Wahbi Khazri,TUNISIA,"FW,MF",31,Montpellier,fr,30 NOV 2022,16 : 00,Group D,FRANCE,2,1,83,1,0,5,3,0,0,2.0,0,0,0.0,1,0,13.0,20.0,0.0,2
Wahbi Khazri,TUNISIA,"FW,MF",31,Montpellier,fr,22 NOV 2022,14 : 00,Group D,DENMARK,2,1,83,1,0,5,3,0,0,2.0,0,0,0.0,1,0,13.0,20.0,0.0,2
Mohamed Ali Ben Romdhane,TUNISIA,MF,22,Espérance de Tunis,tn,26 NOV 2022,11 : 00,Group D,AUSTRALIA,1,1,73,0,0,0,0,0,0,5.0,4,0,1.0,1,0,14.0,21.0,1.0,0
Mohamed Ali Ben Romdhane,TUNISIA,MF,22,Espérance de Tunis,tn,30 NOV 2022,16 : 00,Group D,FRANCE,1,1,73,0,0,0,0,0,0,5.0,4,0,1.0,1,0,14.0,21.0,1.0,0
Mohamed Ali Ben Romdhane,TUNISIA,MF,22,Espérance de Tunis,tn,22 NOV 2022,14 : 00,Group D,DENMARK,1,1,73,0,0,0,0,0,0,5.0,4,0,1.0,1,0,14.0,21.0,1.0,0
Ferjani Sassi,TUNISIA,"MF,DF",30,Al Duhail SC,qa,26 NOV 2022,11 : 00,Group D,AUSTRALIA,2,0,48,0,0,1,0,1,0,2.0,0,1,1.0,1,0,25.0,34.0,2.0,0
Ferjani Sassi,TUNISIA,"MF,DF",30,Al Duhail SC,qa,30 NOV 2022,16 : 00,Group D,FRANCE,2,0,48,0,0,1,0,1,0,2.0,0,1,1.0,1,0,25.0,34.0,2.0,0
Ferjani Sassi,TUNISIA,"MF,DF",30,Al Duhail SC,qa,22 NOV 2022,14 : 00,Group D,DENMARK,2,0,48,0,0,1,0,1,0,2.0,0,1,1.0,1,0,25.0,34.0,2.0,0
Taha Yassine Khenissi,TUNISIA,FW,30,Kuwait SC,kw,26 NOV 2022,11 : 00,Group D,AUSTRALIA,2,0,29,0,0,1,0,1,0,0.0,0,0,0.0,3,0,2.0,6.0,0.0,0
Taha Yassine Khenissi,TUNISIA,FW,30,Kuwait SC,kw,30 NOV 2022,16 : 00,Group D,FRANCE,2,0,29,0,0,1,0,1,0,0.0,0,0,0.0,3,0,2.0,6.0,0.0,0
Taha Yassine Khenissi,TUNISIA,FW,30,Kuwait SC,kw,22 NOV 2022,14 : 00,Group D,DENMARK,2,0,29,0,0,1,0,1,0,0.0,0,0,0.0,3,0,2.0,6.0,0.0,0
Ghaylène Chaalali,TUNISIA,MF,28,Espérance de Tunis,tn,26 NOV 2022,11 : 00,Group D,AUSTRALIA,1,0,17,0,0,0,0,0,0,0.0,0,2,1.0,1,0,3.0,4.0,0.0,0
Ghaylène Chaalali,TUNISIA,MF,28,Espérance de Tunis,tn,30 NOV 2022,16 : 00,Group D,FRANCE,1,0,17,0,0,0,0,0,0,0.0,0,2,1.0,1,0,3.0,4.0,0.0,0
Ghaylène Chaalali,TUNISIA,MF,28,Espérance de Tunis,tn,22 NOV 2022,14 : 00,Group D,DENMARK,1,0,17,0,0,0,0,0,0,0.0,0,2,1.0,1,0,3.0,4.0,0.0,0
Hannibal Mejbri,TUNISIA,MF,19,Birmingham City,eng,26 NOV 2022,11 : 00,Group D,AUSTRALIA,1,0,11,0,0,0,0,0,0,1.0,0,1,0.0,0,0,2.0,2.0,0.0,0
Hannibal Mejbri,TUNISIA,MF,19,Birmingham City,eng,30 NOV 2022,16 : 00,Group D,FRANCE,1,0,11,0,0,0,0,0,0,1.0,0,1,0.0,0,0,2.0,2.0,0.0,0
Hannibal Mejbri,TUNISIA,MF,19,Birmingham City,eng,22 NOV 2022,14 : 00,Group D,DENMARK,1,0,11,0,0,0,0,0,0,1.0,0,1,0.0,0,0,2.0,2.0,0.0,0
Luis Chávez,MEXICO,MF,26,Pachuca,mx,22 NOV 2022,17 : 00,Group C,POLAND,3,3,270,1,0,10,4,0,0,1.0,0,1,6.0,3,0,99.0,139.0,2.0,0
Luis Chávez,MEXICO,MF,26,Pachuca,mx,26 NOV 2022,20 : 00,Group C,ARGENTINA,3,3,270,1,0,10,4,0,0,1.0,0,1,6.0,3,0,99.0,139.0,2.0,0
Luis Chávez,MEXICO,MF,26,Pachuca,mx,30 NOV 2022,20 : 00,Group C,SAUDI ARABIA,3,3,270,1,0,10,4,0,0,1.0,0,1,6.0,3,0,99.0,139.0,2.0,0
Jesús Gallardo,MEXICO,DF,27,Monterrey,mx,22 NOV 2022,17 : 00,Group C,POLAND,3,3,270,0,0,1,0,0,0,9.0,5,1,5.0,4,0,93.0,134.0,3.0,0
Jesús Gallardo,MEXICO,DF,27,Monterrey,mx,26 NOV 2022,20 : 00,Group C,ARGENTINA,3,3,270,0,0,1,0,0,0,9.0,5,1,5.0,4,0,93.0,134.0,3.0,0
Jesús Gallardo,MEXICO,DF,27,Monterrey,mx,30 NOV 2022,20 : 00,Group C,SAUDI ARABIA,3,3,270,0,0,1,0,0,0,9.0,5,1,5.0,4,0,93.0,134.0,3.0,0
César Montes,MEXICO,DF,25,Monterrey,mx,22 NOV 2022,17 : 00,Group C,POLAND,3,3,270,0,1,1,0,0,0,6.0,3,2,0.0,4,0,159.0,197.0,2.0,0
César Montes,MEXICO,DF,25,Monterrey,mx,26 NOV 2022,20 : 00,Group C,ARGENTINA,3,3,270,0,1,1,0,0,0,6.0,3,2,0.0,4,0,159.0,197.0,2.0,0
César Montes,MEXICO,DF,25,Monterrey,mx,30 NOV 2022,20 : 00,Group C,SAUDI ARABIA,3,3,270,0,1,1,0,0,0,6.0,3,2,0.0,4,0,159.0,197.0,2.0,0
Héctor Moreno,MEXICO,DF,34,Monterrey,mx,22 NOV 2022,17 : 00,Group C,POLAND,3,3,270,0,0,1,0,1,0,2.0,1,1,2.0,3,0,165.0,195.0,0.0,0
Héctor Moreno,MEXICO,DF,34,Monterrey,mx,26 NOV 2022,20 : 00,Group C,ARGENTINA,3,3,270,0,0,1,0,1,0,2.0,1,1,2.0,3,0,165.0,195.0,0.0,0
Héctor Moreno,MEXICO,DF,34,Monterrey,mx,30 NOV 2022,20 : 00,Group C,SAUDI ARABIA,3,3,270,0,0,1,0,1,0,2.0,1,1,2.0,3,0,165.0,195.0,0.0,0
Guillermo Ochoa,MEXICO,GK,36,América,mx,22 NOV 2022,17 : 00,Group C,POLAND,3,3,270,0,0,0,0,0,0,0.0,0,0,0.0,0,0,93.0,109.0,0.0,0
Guillermo Ochoa,MEXICO,GK,36,América,mx,26 NOV 2022,20 : 00,Group C,ARGENTINA,3,3,270,0,0,0,0,0,0,0.0,0,0,0.0,0,0,93.0,109.0,0.0,0
Guillermo Ochoa,MEXICO,GK,36,América,mx,30 NOV 2022,20 : 00,Group C,SAUDI ARABIA,3,3,270,0,0,0,0,0,0,0.0,0,0,0.0,0,0,93.0,109.0,0.0,0
Hirving Lozano,MEXICO,FW,26,Napoli,it,22 NOV 2022,17 : 00,Group C,POLAND,3,3,252,0,0,6,3,0,0,7.0,2,0,4.0,7,0,42.0,77.0,5.0,2
Hirving Lozano,MEXICO,FW,26,Napoli,it,26 NOV 2022,20 : 00,Group C,ARGENTINA,3,3,252,0,0,6,3,0,0,7.0,2,0,4.0,7,0,42.0,77.0,5.0,2
Hirving Lozano,MEXICO,FW,26,Napoli,it,30 NOV 2022,20 : 00,Group C,SAUDI ARABIA,3,3,252,0,0,6,3,0,0,7.0,2,0,4.0,7,0,42.0,77.0,5.0,2
Alexis Vega,MEXICO,FW,24,Guadalajara,mx,22 NOV 2022,17 : 00,Group C,POLAND,3,3,193,0,0,9,2,0,0,0.0,0,1,1.0,2,0,40.0,56.0,1.0,4
Alexis Vega,MEXICO,FW,24,Guadalajara,mx,26 NOV 2022,20 : 00,Group C,ARGENTINA,3,3,193,0,0,9,2,0,0,0.0,0,1,1.0,2,0,40.0,56.0,1.0,4
Alexis Vega,MEXICO,FW,24,Guadalajara,mx,30 NOV 2022,20 : 00,Group C,SAUDI ARABIA,3,3,193,0,0,9,2,0,0,0.0,0,1,1.0,2,0,40.0,56.0,1.0,4
Edson Álvarez,MEXICO,MF,24,Ajax,nl,22 NOV 2022,17 : 00,Group C,POLAND,2,2,175,0,0,1,1,1,0,3.0,2,4,1.0,4,0,86.0,114.0,1.0,1
Edson Álvarez,MEXICO,MF,24,Ajax,nl,26 NOV 2022,20 : 00,Group C,ARGENTINA,2,2,175,0,0,1,1,1,0,3.0,2,4,1.0,4,0,86.0,114.0,1.0,1
Edson Álvarez,MEXICO,MF,24,Ajax,nl,30 NOV 2022,20 : 00,Group C,SAUDI ARABIA,2,2,175,0,0,1,1,1,0,3.0,2,4,1.0,4,0,86.0,114.0,1.0,1
Jorge Eduardo Sánchez,MEXICO,DF,24,Ajax,nl,22 NOV 2022,17 : 00,Group C,POLAND,2,2,175,0,0,1,1,1,0,1.0,0,3,2.0,5,0,69.0,87.0,1.0,2
Jorge Eduardo Sánchez,MEXICO,DF,24,Ajax,nl,26 NOV 2022,20 : 00,Group C,ARGENTINA,2,2,175,0,0,1,1,1,0,1.0,0,3,2.0,5,0,69.0,87.0,1.0,2
Jorge Eduardo Sánchez,MEXICO,DF,24,Ajax,nl,30 NOV 2022,20 : 00,Group C,SAUDI ARABIA,2,2,175,0,0,1,1,1,0,1.0,0,3,2.0,5,0,69.0,87.0,1.0,2
Héctor Herrera,MEXICO,MF,32,Houston Dynamo,us,22 NOV 2022,17 : 00,Group C,POLAND,2,2,160,0,0,0,0,1,0,4.0,3,3,1.0,4,0,64.0,78.0,0.0,0
Héctor Herrera,MEXICO,MF,32,Houston Dynamo,us,26 NOV 2022,20 : 00,Group C,ARGENTINA,2,2,160,0,0,0,0,1,0,4.0,3,3,1.0,4,0,64.0,78.0,0.0,0
Héctor Herrera,MEXICO,MF,32,Houston Dynamo,us,30 NOV 2022,20 : 00,Group C,SAUDI ARABIA,2,2,160,0,0,0,0,1,0,4.0,3,3,1.0,4,0,64.0,78.0,0.0,0
Henry Martín,MEXICO,FW,29,América,mx,22 NOV 2022,17 : 00,Group C,POLAND,2,2,146,1,0,4,2,0,0,1.0,1,2,2.0,3,0,13.0,20.0,1.0,2
Henry Martín,MEXICO,FW,29,América,mx,26 NOV 2022,20 : 00,Group C,ARGENTINA,2,2,146,1,0,4,2,0,0,1.0,1,2,2.0,3,0,13.0,20.0,1.0,2
Henry Martín,MEXICO,FW,29,América,mx,30 NOV 2022,20 : 00,Group C,SAUDI ARABIA,2,2,146,1,0,4,2,0,0,1.0,1,2,2.0,3,0,13.0,20.0,1.0,2
Néstor Araujo,MEXICO,DF,30,América,mx,22 NOV 2022,17 : 00,Group C,POLAND,1,1,90,0,0,0,0,1,0,1.0,1,3,0.0,2,0,44.0,53.0,0.0,0
Néstor Araujo,MEXICO,DF,30,América,mx,26 NOV 2022,20 : 00,Group C,ARGENTINA,1,1,90,0,0,0,0,1,0,1.0,1,3,0.0,2,0,44.0,53.0,0.0,0
Néstor Araujo,MEXICO,DF,30,América,mx,30 NOV 2022,20 : 00,Group C,SAUDI ARABIA,1,1,90,0,0,0,0,1,0,1.0,1,3,0.0,2,0,44.0,53.0,0.0,0
Orbelín Pineda,MEXICO,MF,26,AEK Athens,gr,22 NOV 2022,17 : 00,Group C,POLAND,1,1,76,0,0,4,1,0,0,4.0,3,0,2.0,2,0,18.0,25.0,0.0,0
Orbelín Pineda,MEXICO,MF,26,AEK Athens,gr,26 NOV 2022,20 : 00,Group C,ARGENTINA,1,1,76,0,0,4,1,0,0,4.0,3,0,2.0,2,0,18.0,25.0,0.0,0
Orbelín Pineda,MEXICO,MF,26,AEK Athens,gr,30 NOV 2022,20 : 00,Group C,SAUDI ARABIA,1,1,76,0,0,4,1,0,0,4.0,3,0,2.0,2,0,18.0,25.0,0.0,0
Kevin Álvarez,MEXICO,DF,23,Pachuca,mx,22 NOV 2022,17 : 00,Group C,POLAND,2,1,70,0,0,0,0,0,0,1.0,0,1,2.0,0,0,19.0,29.0,1.0,0
Kevin Álvarez,MEXICO,DF,23,Pachuca,mx,26 NOV 2022,20 : 00,Group C,ARGENTINA,2,1,70,0,0,0,0,0,0,1.0,0,1,2.0,0,0,19.0,29.0,1.0,0
Kevin Álvarez,MEXICO,DF,23,Pachuca,mx,30 NOV 2022,20 : 00,Group C,SAUDI ARABIA,2,1,70,0,0,0,0,0,0,1.0,0,1,2.0,0,0,19.0,29.0,1.0,0
Andrés Guardado,MEXICO,MF,35,Betis,es,22 NOV 2022,17 : 00,Group C,POLAND,1,1,41,0,0,0,0,0,0,4.0,2,0,0.0,1,0,11.0,16.0,0.0,0
Andrés Guardado,MEXICO,MF,35,Betis,es,26 NOV 2022,20 : 00,Group C,ARGENTINA,1,1,41,0,0,0,0,0,0,4.0,2,0,0.0,1,0,11.0,16.0,0.0,0
Andrés Guardado,MEXICO,MF,35,Betis,es,30 NOV 2022,20 : 00,Group C,SAUDI ARABIA,1,1,41,0,0,0,0,0,0,4.0,2,0,0.0,1,0,11.0,16.0,0.0,0
Uriel Antuna,MEXICO,"FW,MF",24,Cruz Azul,mx,22 NOV 2022,17 : 00,Group C,POLAND,3,0,77,0,0,2,1,0,0,4.0,3,0,1.0,0,0,12.0,20.0,0.0,2
Uriel Antuna,MEXICO,"FW,MF",24,Cruz Azul,mx,26 NOV 2022,20 : 00,Group C,ARGENTINA,3,0,77,0,0,2,1,0,0,4.0,3,0,1.0,0,0,12.0,20.0,0.0,2
Uriel Antuna,MEXICO,"FW,MF",24,Cruz Azul,mx,30 NOV 2022,20 : 00,Group C,SAUDI ARABIA,3,0,77,0,0,2,1,0,0,4.0,3,0,1.0,0,0,12.0,20.0,0.0,2
Raúl Jiménez,MEXICO,FW,31,Wolves,eng,22 NOV 2022,17 : 00,Group C,POLAND,3,0,59,0,0,0,0,0,0,0.0,0,1,0.0,1,0,20.0,32.0,0.0,0
Raúl Jiménez,MEXICO,FW,31,Wolves,eng,26 NOV 2022,20 : 00,Group C,ARGENTINA,3,0,59,0,0,0,0,0,0,0.0,0,1,0.0,1,0,20.0,32.0,0.0,0
Raúl Jiménez,MEXICO,FW,31,Wolves,eng,30 NOV 2022,20 : 00,Group C,SAUDI ARABIA,3,0,59,0,0,0,0,0,0,0.0,0,1,0.0,1,0,20.0,32.0,0.0,0
Erick Gutiérrez,MEXICO,MF,26,PSV Eindhoven,nl,22 NOV 2022,17 : 00,Group C,POLAND,1,0,49,0,0,0,0,1,0,1.0,1,2,0.0,2,0,24.0,29.0,0.0,0
Erick Gutiérrez,MEXICO,MF,26,PSV Eindhoven,nl,26 NOV 2022,20 : 00,Group C,ARGENTINA,1,0,49,0,0,0,0,1,0,1.0,1,2,0.0,2,0,24.0,29.0,0.0,0
Erick Gutiérrez,MEXICO,MF,26,PSV Eindhoven,nl,30 NOV 2022,20 : 00,Group C,SAUDI ARABIA,1,0,49,0,0,0,0,1,0,1.0,1,2,0.0,2,0,24.0,29.0,0.0,0
Charly Rodríguez,MEXICO,MF,25,Cruz Azul,mx,22 NOV 2022,17 : 00,Group C,POLAND,2,0,34,0,0,0,0,0,0,0.0,0,0,2.0,1,0,21.0,30.0,2.0,0
Charly Rodríguez,MEXICO,MF,25,Cruz Azul,mx,26 NOV 2022,20 : 00,Group C,ARGENTINA,2,0,34,0,0,0,0,0,0,0.0,0,0,2.0,1,0,21.0,30.0,2.0,0
Charly Rodríguez,MEXICO,MF,25,Cruz Azul,mx,30 NOV 2022,20 : 00,Group C,SAUDI ARABIA,2,0,34,0,0,0,0,0,0,0.0,0,0,2.0,1,0,21.0,30.0,2.0,0
Roberto Alvarado,MEXICO,FW,23,Guadalajara,mx,22 NOV 2022,17 : 00,Group C,POLAND,1,0,18,0,0,0,0,1,0,0.0,0,0,0.0,1,0,5.0,10.0,0.0,0
Roberto Alvarado,MEXICO,FW,23,Guadalajara,mx,26 NOV 2022,20 : 00,Group C,ARGENTINA,1,0,18,0,0,0,0,1,0,0.0,0,0,0.0,1,0,5.0,10.0,0.0,0
Roberto Alvarado,MEXICO,FW,23,Guadalajara,mx,30 NOV 2022,20 : 00,Group C,SAUDI ARABIA,1,0,18,0,0,0,0,1,0,0.0,0,0,0.0,1,0,5.0,10.0,0.0,0
Rogelio Funes Mori,MEXICO,FW,31,Monterrey,mx,22 NOV 2022,17 : 00,Group C,POLAND,1,0,5,0,0,1,0,0,0,1.0,0,0,0.0,2,0,0.0,0.0,0.0,0
Rogelio Funes Mori,MEXICO,FW,31,Monterrey,mx,26 NOV 2022,20 : 00,Group C,ARGENTINA,1,0,5,0,0,1,0,0,0,1.0,0,0,0.0,2,0,0.0,0.0,0.0,0
Rogelio Funes Mori,MEXICO,FW,31,Monterrey,mx,30 NOV 2022,20 : 00,Group C,SAUDI ARABIA,1,0,5,0,0,1,0,0,0,1.0,0,0,0.0,2,0,0.0,0.0,0.0,0
Toby Alderweireld,BELGIUM,DF,33,Antwerp,be,23 NOV 2022,20 : 00,Group F,CANADA,3,3,270,0,1,0,0,0,0,4.0,2,0,3.0,0,0,248.0,273.0,0.0,0
Toby Alderweireld,BELGIUM,DF,33,Antwerp,be,27 NOV 2022,14 : 00,Group F,MOROCCO,3,3,270,0,1,0,0,0,0,4.0,2,0,3.0,0,0,248.0,273.0,0.0,0
Toby Alderweireld,BELGIUM,DF,33,Antwerp,be,01 DEC 2022,16 : 00,Group F,CROATIA,3,3,270,0,1,0,0,0,0,4.0,2,0,3.0,0,0,248.0,273.0,0.0,0
Timothy Castagne,BELGIUM,DF,26,Leicester City,eng,23 NOV 2022,20 : 00,Group F,CANADA,3,3,270,0,0,0,0,0,0,7.0,4,2,1.0,3,0,176.0,202.0,0.0,0
Timothy Castagne,BELGIUM,DF,26,Leicester City,eng,27 NOV 2022,14 : 00,Group F,MOROCCO,3,3,270,0,0,0,0,0,0,7.0,4,2,1.0,3,0,176.0,202.0,0.0,0
Timothy Castagne,BELGIUM,DF,26,Leicester City,eng,01 DEC 2022,16 : 00,Group F,CROATIA,3,3,270,0,0,0,0,0,0,7.0,4,2,1.0,3,0,176.0,202.0,0.0,0
Thibaut Courtois,BELGIUM,GK,30,Real Madrid,es,23 NOV 2022,20 : 00,Group F,CANADA,3,3,270,0,0,0,0,0,0,0.0,0,0,0.0,0,0,108.0,123.0,1.0,0
Thibaut Courtois,BELGIUM,GK,30,Real Madrid,es,27 NOV 2022,14 : 00,Group F,MOROCCO,3,3,270,0,0,0,0,0,0,0.0,0,0,0.0,0,0,108.0,123.0,1.0,0
Thibaut Courtois,BELGIUM,GK,30,Real Madrid,es,01 DEC 2022,16 : 00,Group F,CROATIA,3,3,270,0,0,0,0,0,0,0.0,0,0,0.0,0,0,108.0,123.0,1.0,0
Kevin De Bruyne,BELGIUM,"FW,MF",30,Manchester City,eng,23 NOV 2022,20 : 00,Group F,CANADA,3,3,270,0,0,7,2,0,0,1.0,1,0,2.0,0,0,93.0,136.0,4.0,0
Kevin De Bruyne,BELGIUM,"FW,MF",30,Manchester City,eng,27 NOV 2022,14 : 00,Group F,MOROCCO,3,3,270,0,0,7,2,0,0,1.0,1,0,2.0,0,0,93.0,136.0,4.0,0
Kevin De Bruyne,BELGIUM,"FW,MF",30,Manchester City,eng,01 DEC 2022,16 : 00,Group F,CROATIA,3,3,270,0,0,7,2,0,0,1.0,1,0,2.0,0,0,93.0,136.0,4.0,0
Jan Vertonghen,BELGIUM,DF,35,Anderlecht,be,23 NOV 2022,20 : 00,Group F,CANADA,3,3,270,0,0,2,0,0,0,0.0,0,5,2.0,0,0,238.0,269.0,0.0,0
Jan Vertonghen,BELGIUM,DF,35,Anderlecht,be,27 NOV 2022,14 : 00,Group F,MOROCCO,3,3,270,0,0,2,0,0,0,0.0,0,5,2.0,0,0,238.0,269.0,0.0,0
Jan Vertonghen,BELGIUM,DF,35,Anderlecht,be,01 DEC 2022,16 : 00,Group F,CROATIA,3,3,270,0,0,2,0,0,0,0.0,0,5,2.0,0,0,238.0,269.0,0.0,0
Axel Witsel,BELGIUM,MF,33,Atlético Madrid,es,23 NOV 2022,20 : 00,Group F,CANADA,3,3,270,0,0,1,0,0,0,4.0,2,4,5.0,5,0,169.0,177.0,0.0,0
Axel Witsel,BELGIUM,MF,33,Atlético Madrid,es,27 NOV 2022,14 : 00,Group F,MOROCCO,3,3,270,0,0,1,0,0,0,4.0,2,4,5.0,5,0,169.0,177.0,0.0,0
Axel Witsel,BELGIUM,MF,33,Atlético Madrid,es,01 DEC 2022,16 : 00,Group F,CROATIA,3,3,270,0,0,1,0,0,0,4.0,2,4,5.0,5,0,169.0,177.0,0.0,0
Thomas Meunier,BELGIUM,DF,30,Dortmund,de,23 NOV 2022,20 : 00,Group F,CANADA,3,2,211,0,0,3,1,1,0,6.0,6,2,1.0,4,0,110.0,147.0,1.0,0
Thomas Meunier,BELGIUM,DF,30,Dortmund,de,27 NOV 2022,14 : 00,Group F,MOROCCO,3,2,211,0,0,3,1,1,0,6.0,6,2,1.0,4,0,110.0,147.0,1.0,0
Thomas Meunier,BELGIUM,DF,30,Dortmund,de,01 DEC 2022,16 : 00,Group F,CROATIA,3,2,211,0,0,3,1,1,0,6.0,6,2,1.0,4,0,110.0,147.0,1.0,0
Leander Dendoncker,BELGIUM,"DF,MF",27,Aston Villa,eng,23 NOV 2022,20 : 00,Group F,CANADA,2,2,161,0,0,1,0,1,0,6.0,3,0,4.0,3,0,119.0,122.0,0.0,0
Leander Dendoncker,BELGIUM,"DF,MF",27,Aston Villa,eng,27 NOV 2022,14 : 00,Group F,MOROCCO,2,2,161,0,0,1,0,1,0,6.0,3,0,4.0,3,0,119.0,122.0,0.0,0
Leander Dendoncker,BELGIUM,"DF,MF",27,Aston Villa,eng,01 DEC 2022,16 : 00,Group F,CROATIA,2,2,161,0,0,1,0,1,0,6.0,3,0,4.0,3,0,119.0,122.0,0.0,0
Michy Batshuayi,BELGIUM,FW,28,Fenerbahçe,tr,23 NOV 2022,20 : 00,Group F,CANADA,2,2,151,1,0,6,2,0,0,1.0,0,0,1.0,5,0,16.0,24.0,1.0,2
Michy Batshuayi,BELGIUM,FW,28,Fenerbahçe,tr,27 NOV 2022,14 : 00,Group F,MOROCCO,2,2,151,1,0,6,2,0,0,1.0,0,0,1.0,5,0,16.0,24.0,1.0,2
Michy Batshuayi,BELGIUM,FW,28,Fenerbahçe,tr,01 DEC 2022,16 : 00,Group F,CROATIA,2,2,151,1,0,6,2,0,0,1.0,0,0,1.0,5,0,16.0,24.0,1.0,2
Eden Hazard,BELGIUM,MF,31,Real Madrid,es,23 NOV 2022,20 : 00,Group F,CANADA,3,2,124,0,0,1,1,0,0,0.0,0,1,1.0,0,0,46.0,58.0,5.0,0
Eden Hazard,BELGIUM,MF,31,Real Madrid,es,27 NOV 2022,14 : 00,Group F,MOROCCO,3,2,124,0,0,1,1,0,0,0.0,0,1,1.0,0,0,46.0,58.0,5.0,0
Eden Hazard,BELGIUM,MF,31,Real Madrid,es,01 DEC 2022,16 : 00,Group F,CROATIA,3,2,124,0,0,1,1,0,0,0.0,0,1,1.0,0,0,46.0,58.0,5.0,0
Yannick Carrasco,BELGIUM,"FW,DF",28,Atlético Madrid,es,23 NOV 2022,20 : 00,Group F,CANADA,2,2,116,0,0,4,0,1,0,5.0,4,1,2.0,1,0,39.0,46.0,1.0,0
Yannick Carrasco,BELGIUM,"FW,DF",28,Atlético Madrid,es,27 NOV 2022,14 : 00,Group F,MOROCCO,2,2,116,0,0,4,0,1,0,5.0,4,1,2.0,1,0,39.0,46.0,1.0,0
Yannick Carrasco,BELGIUM,"FW,DF",28,Atlético Madrid,es,01 DEC 2022,16 : 00,Group F,CROATIA,2,2,116,0,0,4,0,1,0,5.0,4,1,2.0,1,0,39.0,46.0,1.0,0
Thorgan Hazard,BELGIUM,FW,29,Dortmund,de,23 NOV 2022,20 : 00,Group F,CANADA,2,1,106,0,0,0,0,0,0,3.0,2,0,4.0,2,0,40.0,58.0,0.0,1
Thorgan Hazard,BELGIUM,FW,29,Dortmund,de,27 NOV 2022,14 : 00,Group F,MOROCCO,2,1,106,0,0,0,0,0,0,3.0,2,0,4.0,2,0,40.0,58.0,0.0,1
Thorgan Hazard,BELGIUM,FW,29,Dortmund,de,01 DEC 2022,16 : 00,Group F,CROATIA,2,1,106,0,0,0,0,0,0,3.0,2,0,4.0,2,0,40.0,58.0,0.0,1
Amadou Onana,BELGIUM,MF,20,Everton,eng,23 NOV 2022,20 : 00,Group F,CANADA,2,1,104,0,0,2,0,2,0,4.0,1,0,1.0,4,0,58.0,64.0,1.0,0
Amadou Onana,BELGIUM,MF,20,Everton,eng,27 NOV 2022,14 : 00,Group F,MOROCCO,2,1,104,0,0,2,0,2,0,4.0,1,0,1.0,4,0,58.0,64.0,1.0,0
Amadou Onana,BELGIUM,MF,20,Everton,eng,01 DEC 2022,16 : 00,Group F,CROATIA,2,1,104,0,0,2,0,2,0,4.0,1,0,1.0,4,0,58.0,64.0,1.0,0
Leandro Trossard,BELGIUM,"FW,MF",27,Brighton,eng,23 NOV 2022,20 : 00,Group F,CANADA,3,1,103,0,0,0,0,0,0,1.0,1,0,1.0,0,0,43.0,57.0,0.0,0
Leandro Trossard,BELGIUM,"FW,MF",27,Brighton,eng,27 NOV 2022,14 : 00,Group F,MOROCCO,3,1,103,0,0,0,0,0,0,1.0,1,0,1.0,0,0,43.0,57.0,0.0,0
Leandro Trossard,BELGIUM,"FW,MF",27,Brighton,eng,01 DEC 2022,16 : 00,Group F,CROATIA,3,1,103,0,0,0,0,0,0,1.0,1,0,1.0,0,0,43.0,57.0,0.0,0
Youri Tielemans,BELGIUM,MF,25,Leicester City,eng,23 NOV 2022,20 : 00,Group F,CANADA,3,1,95,0,0,0,0,0,0,3.0,1,2,4.0,2,0,53.0,64.0,0.0,0
Youri Tielemans,BELGIUM,MF,25,Leicester City,eng,27 NOV 2022,14 : 00,Group F,MOROCCO,3,1,95,0,0,0,0,0,0,3.0,1,2,4.0,2,0,53.0,64.0,0.0,0
Youri Tielemans,BELGIUM,MF,25,Leicester City,eng,01 DEC 2022,16 : 00,Group F,CROATIA,3,1,95,0,0,0,0,0,0,3.0,1,2,4.0,2,0,53.0,64.0,0.0,0
Dries Mertens,BELGIUM,"MF,FW",35,Galatasaray,tr,23 NOV 2022,20 : 00,Group F,CANADA,2,1,76,0,0,3,1,0,0,2.0,0,0,0.0,0,0,22.0,33.0,1.0,0
Dries Mertens,BELGIUM,"MF,FW",35,Galatasaray,tr,27 NOV 2022,14 : 00,Group F,MOROCCO,2,1,76,0,0,3,1,0,0,2.0,0,0,0.0,0,0,22.0,33.0,1.0,0
Dries Mertens,BELGIUM,"MF,FW",35,Galatasaray,tr,01 DEC 2022,16 : 00,Group F,CROATIA,2,1,76,0,0,3,1,0,0,2.0,0,0,0.0,0,0,22.0,33.0,1.0,0
Romelu Lukaku,BELGIUM,FW,29,Inter,it,23 NOV 2022,20 : 00,Group F,CANADA,2,0,55,0,0,5,2,0,0,0.0,0,0,0.0,1,0,6.0,9.0,1.0,0
Romelu Lukaku,BELGIUM,FW,29,Inter,it,27 NOV 2022,14 : 00,Group F,MOROCCO,2,0,55,0,0,5,2,0,0,0.0,0,0,0.0,1,0,6.0,9.0,1.0,0
Romelu Lukaku,BELGIUM,FW,29,Inter,it,01 DEC 2022,16 : 00,Group F,CROATIA,2,0,55,0,0,5,2,0,0,0.0,0,0,0.0,1,0,6.0,9.0,1.0,0
Jeremy Doku,BELGIUM,"MF,FW",20,Rennes,fr,23 NOV 2022,20 : 00,Group F,CANADA,1,0,19,0,0,0,0,0,0,0.0,0,0,0.0,0,0,8.0,14.0,2.0,0
Jeremy Doku,BELGIUM,"MF,FW",20,Rennes,fr,27 NOV 2022,14 : 00,Group F,MOROCCO,1,0,19,0,0,0,0,0,0,0.0,0,0,0.0,0,0,8.0,14.0,2.0,0
Jeremy Doku,BELGIUM,"MF,FW",20,Rennes,fr,01 DEC 2022,16 : 00,Group F,CROATIA,1,0,19,0,0,0,0,0,0,0.0,0,0,0.0,0,0,8.0,14.0,2.0,0
Charles De Ketelaere,BELGIUM,FW,21,Milan,it,23 NOV 2022,20 : 00,Group F,CANADA,1,0,16,0,0,0,0,0,0,0.0,0,0,0.0,0,0,3.0,4.0,0.0,0
Charles De Ketelaere,BELGIUM,FW,21,Milan,it,27 NOV 2022,14 : 00,Group F,MOROCCO,1,0,16,0,0,0,0,0,0,0.0,0,0,0.0,0,0,3.0,4.0,0.0,0
Charles De Ketelaere,BELGIUM,FW,21,Milan,it,01 DEC 2022,16 : 00,Group F,CROATIA,1,0,16,0,0,0,0,0,0,0.0,0,0,0.0,0,0,3.0,4.0,0.0,0
Loïs Openda,BELGIUM,FW,22,Lens,fr,23 NOV 2022,20 : 00,Group F,CANADA,1,0,13,0,0,0,0,0,0,1.0,0,0,1.0,0,0,3.0,5.0,1.0,0
Loïs Openda,BELGIUM,FW,22,Lens,fr,27 NOV 2022,14 : 00,Group F,MOROCCO,1,0,13,0,0,0,0,0,0,1.0,0,0,1.0,0,0,3.0,5.0,1.0,0
Loïs Openda,BELGIUM,FW,22,Lens,fr,01 DEC 2022,16 : 00,Group F,CROATIA,1,0,13,0,0,0,0,0,0,1.0,0,0,1.0,0,0,3.0,5.0,1.0,0
Lawrence Ati-Zigi,GHANA,GK,25,St,ch,02 DEC 2022,16 : 00,Group H,URUGUAY,3,3,270,0,0,0,0,0,0,0.0,0,0,0.0,0,0,54.0,78.0,0.0,0
Lawrence Ati-Zigi,GHANA,GK,25,St,ch,24 NOV 2022,17 : 00,Group H,PORTUGAL,3,3,270,0,0,0,0,0,0,0.0,0,0,0.0,0,0,54.0,78.0,0.0,0
Lawrence Ati-Zigi,GHANA,GK,25,St,ch,28 NOV 2022,14 : 00,Group H,KOREA REPUBLIC,3,3,270,0,0,0,0,0,0,0.0,0,0,0.0,0,0,54.0,78.0,0.0,0
Thomas Partey,GHANA,MF,29,Arsenal,eng,02 DEC 2022,16 : 00,Group H,URUGUAY,3,3,270,0,0,2,0,0,0,9.0,5,0,8.0,3,0,146.0,176.0,3.0,0
Thomas Partey,GHANA,MF,29,Arsenal,eng,24 NOV 2022,17 : 00,Group H,PORTUGAL,3,3,270,0,0,2,0,0,0,9.0,5,0,8.0,3,0,146.0,176.0,3.0,0
Thomas Partey,GHANA,MF,29,Arsenal,eng,28 NOV 2022,14 : 00,Group H,KOREA REPUBLIC,3,3,270,0,0,2,0,0,0,9.0,5,0,8.0,3,0,146.0,176.0,3.0,0
Mohammed Salisu,GHANA,DF,23,Southampton,eng,02 DEC 2022,16 : 00,Group H,URUGUAY,3,3,270,1,0,2,1,0,0,2.0,1,3,5.0,6,0,109.0,151.0,0.0,0
Mohammed Salisu,GHANA,DF,23,Southampton,eng,24 NOV 2022,17 : 00,Group H,PORTUGAL,3,3,270,1,0,2,1,0,0,2.0,1,3,5.0,6,0,109.0,151.0,0.0,0
Mohammed Salisu,GHANA,DF,23,Southampton,eng,28 NOV 2022,14 : 00,Group H,KOREA REPUBLIC,3,3,270,1,0,2,1,0,0,2.0,1,3,5.0,6,0,109.0,151.0,0.0,0
Iñaki Williams,GHANA,FW,27,Athletic Club,es,02 DEC 2022,16 : 00,Group H,URUGUAY,3,3,270,0,0,2,0,0,0,4.0,2,0,3.0,4,0,29.0,42.0,1.0,1
Iñaki Williams,GHANA,FW,27,Athletic Club,es,24 NOV 2022,17 : 00,Group H,PORTUGAL,3,3,270,0,0,2,0,0,0,4.0,2,0,3.0,4,0,29.0,42.0,1.0,1
Iñaki Williams,GHANA,FW,27,Athletic Club,es,28 NOV 2022,14 : 00,Group H,KOREA REPUBLIC,3,3,270,0,0,2,0,0,0,4.0,2,0,3.0,4,0,29.0,42.0,1.0,1
Daniel Amartey,GHANA,DF,27,Leicester City,eng,02 DEC 2022,16 : 00,Group H,URUGUAY,3,3,251,0,0,1,0,2,0,6.0,4,3,4.0,3,0,128.0,141.0,1.0,0
Daniel Amartey,GHANA,DF,27,Leicester City,eng,24 NOV 2022,17 : 00,Group H,PORTUGAL,3,3,251,0,0,1,0,2,0,6.0,4,3,4.0,3,0,128.0,141.0,1.0,0
Daniel Amartey,GHANA,DF,27,Leicester City,eng,28 NOV 2022,14 : 00,Group H,KOREA REPUBLIC,3,3,251,0,0,1,0,2,0,6.0,4,3,4.0,3,0,128.0,141.0,1.0,0
Salis Abdul Samed,GHANA,MF,22,Lens,fr,02 DEC 2022,16 : 00,Group H,URUGUAY,3,3,250,0,0,1,0,0,0,2.0,2,4,2.0,5,0,129.0,145.0,3.0,0
Salis Abdul Samed,GHANA,MF,22,Lens,fr,24 NOV 2022,17 : 00,Group H,PORTUGAL,3,3,250,0,0,1,0,0,0,2.0,2,4,2.0,5,0,129.0,145.0,3.0,0
Salis Abdul Samed,GHANA,MF,22,Lens,fr,28 NOV 2022,14 : 00,Group H,KOREA REPUBLIC,3,3,250,0,0,1,0,0,0,2.0,2,4,2.0,5,0,129.0,145.0,3.0,0
Kudus Mohammed,GHANA,"FW,MF",21,Ajax,nl,02 DEC 2022,16 : 00,Group H,URUGUAY,3,3,247,2,0,8,4,1,0,5.0,4,1,4.0,3,0,62.0,87.0,10.0,1
Kudus Mohammed,GHANA,"FW,MF",21,Ajax,nl,24 NOV 2022,17 : 00,Group H,PORTUGAL,3,3,247,2,0,8,4,1,0,5.0,4,1,4.0,3,0,62.0,87.0,10.0,1
Kudus Mohammed,GHANA,"FW,MF",21,Ajax,nl,28 NOV 2022,14 : 00,Group H,KOREA REPUBLIC,3,3,247,2,0,8,4,1,0,5.0,4,1,4.0,3,0,62.0,87.0,10.0,1
André Ayew,GHANA,"MF,FW",32,Al Sadd SC,qa,02 DEC 2022,16 : 00,Group H,URUGUAY,3,3,198,1,0,1,1,1,0,4.0,1,0,1.0,2,0,30.0,37.0,0.0,1
André Ayew,GHANA,"MF,FW",32,Al Sadd SC,qa,24 NOV 2022,17 : 00,Group H,PORTUGAL,3,3,198,1,0,1,1,1,0,4.0,1,0,1.0,2,0,30.0,37.0,0.0,1
André Ayew,GHANA,"MF,FW",32,Al Sadd SC,qa,28 NOV 2022,14 : 00,Group H,KOREA REPUBLIC,3,3,198,1,0,1,1,1,0,4.0,1,0,1.0,2,0,30.0,37.0,0.0,1
Baba Rahman,GHANA,DF,27,Reading,eng,02 DEC 2022,16 : 00,Group H,URUGUAY,3,2,183,0,0,0,0,0,0,5.0,3,1,1.0,7,0,66.0,100.0,1.0,0
Baba Rahman,GHANA,DF,27,Reading,eng,24 NOV 2022,17 : 00,Group H,PORTUGAL,3,2,183,0,0,0,0,0,0,5.0,3,1,1.0,7,0,66.0,100.0,1.0,0
Baba Rahman,GHANA,DF,27,Reading,eng,28 NOV 2022,14 : 00,Group H,KOREA REPUBLIC,3,2,183,0,0,0,0,0,0,5.0,3,1,1.0,7,0,66.0,100.0,1.0,0
Alidu Seidu,GHANA,DF,22,Clermont Foot,fr,02 DEC 2022,16 : 00,Group H,URUGUAY,2,2,155,0,0,1,0,2,0,6.0,4,0,5.0,5,0,59.0,78.0,4.0,0
Alidu Seidu,GHANA,DF,22,Clermont Foot,fr,24 NOV 2022,17 : 00,Group H,PORTUGAL,2,2,155,0,0,1,0,2,0,6.0,4,0,5.0,5,0,59.0,78.0,4.0,0
Alidu Seidu,GHANA,DF,22,Clermont Foot,fr,28 NOV 2022,14 : 00,Group H,KOREA REPUBLIC,2,2,155,0,0,1,0,2,0,6.0,4,0,5.0,5,0,59.0,78.0,4.0,0
Jordan Ayew,GHANA,FW,30,Crystal Palace,eng,02 DEC 2022,16 : 00,Group H,URUGUAY,3,2,136,0,1,1,1,0,0,3.0,3,1,0.0,2,0,35.0,46.0,1.0,0
Jordan Ayew,GHANA,FW,30,Crystal Palace,eng,24 NOV 2022,17 : 00,Group H,PORTUGAL,3,2,136,0,1,1,1,0,0,3.0,3,1,0.0,2,0,35.0,46.0,1.0,0
Jordan Ayew,GHANA,FW,30,Crystal Palace,eng,28 NOV 2022,14 : 00,Group H,KOREA REPUBLIC,3,2,136,0,1,1,1,0,0,3.0,3,1,0.0,2,0,35.0,46.0,1.0,0
Tariq Lamptey,GHANA,DF,21,Brighton,eng,02 DEC 2022,16 : 00,Group H,URUGUAY,2,1,102,0,0,1,0,1,0,3.0,1,1,1.0,3,0,21.0,34.0,0.0,0
Tariq Lamptey,GHANA,DF,21,Brighton,eng,24 NOV 2022,17 : 00,Group H,PORTUGAL,2,1,102,0,0,1,0,1,0,3.0,1,1,1.0,3,0,21.0,34.0,0.0,0
Tariq Lamptey,GHANA,DF,21,Brighton,eng,28 NOV 2022,14 : 00,Group H,KOREA REPUBLIC,2,1,102,0,0,1,0,1,0,3.0,1,1,1.0,3,0,21.0,34.0,0.0,0
Alexander Djiku,GHANA,"DF,FW",27,Strasbourg,fr,02 DEC 2022,16 : 00,Group H,URUGUAY,2,1,97,0,0,0,0,0,0,1.0,1,2,0.0,0,0,22.0,28.0,0.0,0
Alexander Djiku,GHANA,"DF,FW",27,Strasbourg,fr,24 NOV 2022,17 : 00,Group H,PORTUGAL,2,1,97,0,0,0,0,0,0,1.0,1,2,0.0,0,0,22.0,28.0,0.0,0
Alexander Djiku,GHANA,"DF,FW",27,Strasbourg,fr,28 NOV 2022,14 : 00,Group H,KOREA REPUBLIC,2,1,97,0,0,0,0,0,0,1.0,1,2,0.0,0,0,22.0,28.0,0.0,0
Gideon Mensah,GHANA,DF,23,Auxerre,fr,02 DEC 2022,16 : 00,Group H,URUGUAY,1,1,87,0,1,0,0,0,0,1.0,1,2,1.0,0,0,36.0,46.0,0.0,0
Gideon Mensah,GHANA,DF,23,Auxerre,fr,24 NOV 2022,17 : 00,Group H,PORTUGAL,1,1,87,0,1,0,0,0,0,1.0,1,2,1.0,0,0,36.0,46.0,0.0,0
Gideon Mensah,GHANA,DF,23,Auxerre,fr,28 NOV 2022,14 : 00,Group H,KOREA REPUBLIC,1,1,87,0,1,0,0,0,0,1.0,1,2,1.0,0,0,36.0,46.0,0.0,0
Osman Bukari,GHANA,MF,23,Red Star,rs,02 DEC 2022,16 : 00,Group H,URUGUAY,2,0,59,1,0,3,1,0,0,0.0,0,1,0.0,1,0,14.0,20.0,0.0,0
Osman Bukari,GHANA,MF,23,Red Star,rs,24 NOV 2022,17 : 00,Group H,PORTUGAL,2,0,59,1,0,3,1,0,0,0.0,0,1,0.0,1,0,14.0,20.0,0.0,0
Osman Bukari,GHANA,MF,23,Red Star,rs,28 NOV 2022,14 : 00,Group H,KOREA REPUBLIC,2,0,59,1,0,3,1,0,0,0.0,0,1,0.0,1,0,14.0,20.0,0.0,0
Kamaldeen Sulemana,GHANA,FW,20,Rennes,fr,02 DEC 2022,16 : 00,Group H,URUGUAY,2,0,58,0,0,1,1,1,0,0.0,0,0,0.0,2,0,10.0,19.0,1.0,0
Kamaldeen Sulemana,GHANA,FW,20,Rennes,fr,24 NOV 2022,17 : 00,Group H,PORTUGAL,2,0,58,0,0,1,1,1,0,0.0,0,0,0.0,2,0,10.0,19.0,1.0,0
Kamaldeen Sulemana,GHANA,FW,20,Rennes,fr,28 NOV 2022,14 : 00,Group H,KOREA REPUBLIC,2,0,58,0,0,1,1,1,0,0.0,0,0,0.0,2,0,10.0,19.0,1.0,0
Daniel Kyereh,GHANA,"MF,DF",26,Freiburg,de,02 DEC 2022,16 : 00,Group H,URUGUAY,3,0,33,0,0,0,0,0,0,2.0,2,0,0.0,0,0,18.0,23.0,2.0,0
Daniel Kyereh,GHANA,"MF,DF",26,Freiburg,de,24 NOV 2022,17 : 00,Group H,PORTUGAL,3,0,33,0,0,0,0,0,0,2.0,2,0,0.0,0,0,18.0,23.0,2.0,0
Daniel Kyereh,GHANA,"MF,DF",26,Freiburg,de,28 NOV 2022,14 : 00,Group H,KOREA REPUBLIC,3,0,33,0,0,0,0,0,0,2.0,2,0,0.0,0,0,18.0,23.0,2.0,0
Antoine Semenyo,GHANA,"FW,MF",22,Bristol City,eng,02 DEC 2022,16 : 00,Group H,URUGUAY,2,0,20,0,0,1,0,0,0,0.0,0,0,0.0,0,0,1.0,2.0,0.0,1
Antoine Semenyo,GHANA,"FW,MF",22,Bristol City,eng,24 NOV 2022,17 : 00,Group H,PORTUGAL,2,0,20,0,0,1,0,0,0,0.0,0,0,0.0,0,0,1.0,2.0,0.0,1
Antoine Semenyo,GHANA,"FW,MF",22,Bristol City,eng,28 NOV 2022,14 : 00,Group H,KOREA REPUBLIC,2,0,20,0,0,1,0,0,0,0.0,0,0,0.0,0,0,1.0,2.0,0.0,1
Denis Odoi,GHANA,DF,34,Club Brugge,be,02 DEC 2022,16 : 00,Group H,URUGUAY,1,0,13,0,0,0,0,0,0,1.0,0,0,2.0,0,0,2.0,2.0,0.0,0
Denis Odoi,GHANA,DF,34,Club Brugge,be,24 NOV 2022,17 : 00,Group H,PORTUGAL,1,0,13,0,0,0,0,0,0,1.0,0,0,2.0,0,0,2.0,2.0,0.0,0
Denis Odoi,GHANA,DF,34,Club Brugge,be,28 NOV 2022,14 : 00,Group H,KOREA REPUBLIC,1,0,13,0,0,0,0,0,0,1.0,0,0,2.0,0,0,2.0,2.0,0.0,0
Abdul Fatawu Issahaku,GHANA,FW,18,Sporting CP,pt,02 DEC 2022,16 : 00,Group H,URUGUAY,1,0,1,0,0,0,0,0,0,0.0,0,0,0.0,0,0,1.0,1.0,0.0,0
Abdul Fatawu Issahaku,GHANA,FW,18,Sporting CP,pt,24 NOV 2022,17 : 00,Group H,PORTUGAL,1,0,1,0,0,0,0,0,0,0.0,0,0,0.0,0,0,1.0,1.0,0.0,0
Abdul Fatawu Issahaku,GHANA,FW,18,Sporting CP,pt,28 NOV 2022,14 : 00,Group H,KOREA REPUBLIC,1,0,1,0,0,0,0,0,0,0.0,0,0,0.0,0,0,1.0,1.0,0.0,0
Saud Abdulhamid,SAUDI ARABIA,"DF,MF",22,Al-Hilal,sa,30 NOV 2022,20 : 00,Group C,MEXICO,3,3,270,0,0,1,0,1,0,5.0,2,2,3.0,7,0,88.0,122.0,2.0,0
Saud Abdulhamid,SAUDI ARABIA,"DF,MF",22,Al-Hilal,sa,22 NOV 2022,11 : 00,Group C,ARGENTINA,3,3,270,0,0,1,0,1,0,5.0,2,2,3.0,7,0,88.0,122.0,2.0,0
Saud Abdulhamid,SAUDI ARABIA,"DF,MF",22,Al-Hilal,sa,26 NOV 2022,14 : 00,Group C,POLAND,3,3,270,0,0,1,0,1,0,5.0,2,2,3.0,7,0,88.0,122.0,2.0,0
Salem Al-Dawsari,SAUDI ARABIA,MF,30,Al-Hilal,sa,30 NOV 2022,20 : 00,Group C,MEXICO,3,3,270,2,0,6,4,1,0,5.0,4,1,1.0,3,0,86.0,111.0,2.0,0
Salem Al-Dawsari,SAUDI ARABIA,MF,30,Al-Hilal,sa,22 NOV 2022,11 : 00,Group C,ARGENTINA,3,3,270,2,0,6,4,1,0,5.0,4,1,1.0,3,0,86.0,111.0,2.0,0
Salem Al-Dawsari,SAUDI ARABIA,MF,30,Al-Hilal,sa,26 NOV 2022,14 : 00,Group C,POLAND,3,3,270,2,0,6,4,1,0,5.0,4,1,1.0,3,0,86.0,111.0,2.0,0
Mohamed Kanno,SAUDI ARABIA,"MF,FW",27,Al-Hilal,sa,30 NOV 2022,20 : 00,Group C,MEXICO,3,3,270,0,0,6,1,0,0,6.0,2,2,3.0,8,0,119.0,147.0,5.0,1
Mohamed Kanno,SAUDI ARABIA,"MF,FW",27,Al-Hilal,sa,22 NOV 2022,11 : 00,Group C,ARGENTINA,3,3,270,0,0,6,1,0,0,6.0,2,2,3.0,8,0,119.0,147.0,5.0,1
Mohamed Kanno,SAUDI ARABIA,"MF,FW",27,Al-Hilal,sa,26 NOV 2022,14 : 00,Group C,POLAND,3,3,270,0,0,6,1,0,0,6.0,2,2,3.0,8,0,119.0,147.0,5.0,1
Mohammed Al-Owais,SAUDI ARABIA,GK,30,Al-Hilal,sa,30 NOV 2022,20 : 00,Group C,MEXICO,3,3,270,0,0,0,0,1,0,0.0,0,0,0.0,0,0,57.0,100.0,0.0,0
Mohammed Al-Owais,SAUDI ARABIA,GK,30,Al-Hilal,sa,22 NOV 2022,11 : 00,Group C,ARGENTINA,3,3,270,0,0,0,0,1,0,0.0,0,0,0.0,0,0,57.0,100.0,0.0,0
Mohammed Al-Owais,SAUDI ARABIA,GK,30,Al-Hilal,sa,26 NOV 2022,14 : 00,Group C,POLAND,3,3,270,0,0,0,0,1,0,0.0,0,0,0.0,0,0,57.0,100.0,0.0,0
Firas Al-Buraikan,SAUDI ARABIA,"MF,FW",22,Al-Fateh,sa,30 NOV 2022,20 : 00,Group C,MEXICO,3,3,268,0,1,2,0,0,0,3.0,3,2,5.0,2,0,42.0,63.0,1.0,1
Firas Al-Buraikan,SAUDI ARABIA,"MF,FW",22,Al-Fateh,sa,22 NOV 2022,11 : 00,Group C,ARGENTINA,3,3,268,0,1,2,0,0,0,3.0,3,2,5.0,2,0,42.0,63.0,1.0,1
Firas Al-Buraikan,SAUDI ARABIA,"MF,FW",22,Al-Fateh,sa,26 NOV 2022,14 : 00,Group C,POLAND,3,3,268,0,1,2,0,0,0,3.0,3,2,5.0,2,0,42.0,63.0,1.0,1
Saleh Al-Shehri,SAUDI ARABIA,FW,28,Al-Hilal,sa,30 NOV 2022,20 : 00,Group C,MEXICO,3,3,223,1,0,2,2,1,0,3.0,1,0,3.0,6,0,29.0,47.0,0.0,0
Saleh Al-Shehri,SAUDI ARABIA,FW,28,Al-Hilal,sa,22 NOV 2022,11 : 00,Group C,ARGENTINA,3,3,223,1,0,2,2,1,0,3.0,1,0,3.0,6,0,29.0,47.0,0.0,0
Saleh Al-Shehri,SAUDI ARABIA,FW,28,Al-Hilal,sa,26 NOV 2022,14 : 00,Group C,POLAND,3,3,223,1,0,2,2,1,0,3.0,1,0,3.0,6,0,29.0,47.0,0.0,0
Ali Al-Bulaihi,SAUDI ARABIA,DF,32,Al-Hilal,sa,30 NOV 2022,20 : 00,Group C,MEXICO,3,3,216,0,0,0,0,1,0,4.0,2,3,1.0,1,0,78.0,97.0,0.0,0
Ali Al-Bulaihi,SAUDI ARABIA,DF,32,Al-Hilal,sa,22 NOV 2022,11 : 00,Group C,ARGENTINA,3,3,216,0,0,0,0,1,0,4.0,2,3,1.0,1,0,78.0,97.0,0.0,0
Ali Al-Bulaihi,SAUDI ARABIA,DF,32,Al-Hilal,sa,26 NOV 2022,14 : 00,Group C,POLAND,3,3,216,0,0,0,0,1,0,4.0,2,3,1.0,1,0,78.0,97.0,0.0,0
Abdulelah Al-Amri,SAUDI ARABIA,DF,25,Al-Nassr,sa,30 NOV 2022,20 : 00,Group C,MEXICO,3,2,182,0,0,1,0,2,0,1.0,0,4,2.0,3,0,74.0,104.0,0.0,0
Abdulelah Al-Amri,SAUDI ARABIA,DF,25,Al-Nassr,sa,22 NOV 2022,11 : 00,Group C,ARGENTINA,3,2,182,0,0,1,0,2,0,1.0,0,4,2.0,3,0,74.0,104.0,0.0,0
Abdulelah Al-Amri,SAUDI ARABIA,DF,25,Al-Nassr,sa,26 NOV 2022,14 : 00,Group C,POLAND,3,2,182,0,0,1,0,2,0,1.0,0,4,2.0,3,0,74.0,104.0,0.0,0
Hassan Al Tambakti,SAUDI ARABIA,DF,23,Al-Shabab,sa,30 NOV 2022,20 : 00,Group C,MEXICO,2,2,180,0,0,0,0,1,0,4.0,2,3,3.0,2,0,40.0,55.0,0.0,0
Hassan Al Tambakti,SAUDI ARABIA,DF,23,Al-Shabab,sa,22 NOV 2022,11 : 00,Group C,ARGENTINA,2,2,180,0,0,0,0,1,0,4.0,2,3,3.0,2,0,40.0,55.0,0.0,0
Hassan Al Tambakti,SAUDI ARABIA,DF,23,Al-Shabab,sa,26 NOV 2022,14 : 00,Group C,POLAND,2,2,180,0,0,0,0,1,0,4.0,2,3,3.0,2,0,40.0,55.0,0.0,0
Abdulellah Al-Malki,SAUDI ARABIA,MF,27,Al-Hilal,sa,30 NOV 2022,20 : 00,Group C,MEXICO,2,2,174,0,0,2,0,2,0,3.0,1,2,3.0,8,0,66.0,84.0,0.0,0
Abdulellah Al-Malki,SAUDI ARABIA,MF,27,Al-Hilal,sa,22 NOV 2022,11 : 00,Group C,ARGENTINA,2,2,174,0,0,2,0,2,0,3.0,1,2,3.0,8,0,66.0,84.0,0.0,0
Abdulellah Al-Malki,SAUDI ARABIA,MF,27,Al-Hilal,sa,26 NOV 2022,14 : 00,Group C,POLAND,2,2,174,0,0,2,0,2,0,3.0,1,2,3.0,8,0,66.0,84.0,0.0,0
Sultan Al-Ghanam,SAUDI ARABIA,"DF,MF",28,Al-Nassr,sa,30 NOV 2022,20 : 00,Group C,MEXICO,3,1,126,0,0,2,0,0,0,0.0,0,2,3.0,2,0,34.0,52.0,0.0,1
Sultan Al-Ghanam,SAUDI ARABIA,"DF,MF",28,Al-Nassr,sa,22 NOV 2022,11 : 00,Group C,ARGENTINA,3,1,126,0,0,2,0,0,0,0.0,0,2,3.0,2,0,34.0,52.0,0.0,1
Sultan Al-Ghanam,SAUDI ARABIA,"DF,MF",28,Al-Nassr,sa,26 NOV 2022,14 : 00,Group C,POLAND,3,1,126,0,0,2,0,0,0,0.0,0,2,3.0,2,0,34.0,52.0,0.0,1
Yasser Al-Shahrani,SAUDI ARABIA,DF,30,Al-Hilal,sa,30 NOV 2022,20 : 00,Group C,MEXICO,1,1,89,0,0,0,0,0,0,3.0,1,6,0.0,1,0,13.0,29.0,0.0,0
Yasser Al-Shahrani,SAUDI ARABIA,DF,30,Al-Hilal,sa,22 NOV 2022,11 : 00,Group C,ARGENTINA,1,1,89,0,0,0,0,0,0,3.0,1,6,0.0,1,0,13.0,29.0,0.0,0
Yasser Al-Shahrani,SAUDI ARABIA,DF,30,Al-Hilal,sa,26 NOV 2022,14 : 00,Group C,POLAND,1,1,89,0,0,0,0,0,0,3.0,1,6,0.0,1,0,13.0,29.0,0.0,0
Mohammed Al-Breik,SAUDI ARABIA,DF,29,Al-Hilal,sa,30 NOV 2022,20 : 00,Group C,MEXICO,2,1,65,0,0,2,1,0,0,1.0,0,1,2.0,0,0,39.0,48.0,0.0,0
Mohammed Al-Breik,SAUDI ARABIA,DF,29,Al-Hilal,sa,22 NOV 2022,11 : 00,Group C,ARGENTINA,2,1,65,0,0,2,1,0,0,1.0,0,1,2.0,0,0,39.0,48.0,0.0,0
Mohammed Al-Breik,SAUDI ARABIA,DF,29,Al-Hilal,sa,26 NOV 2022,14 : 00,Group C,POLAND,2,1,65,0,0,2,1,0,0,1.0,0,1,2.0,0,0,39.0,48.0,0.0,0
Ali Al Hassan,SAUDI ARABIA,MF,25,Al-Nassr,sa,30 NOV 2022,20 : 00,Group C,MEXICO,1,1,45,0,0,1,0,1,0,2.0,1,0,2.0,2,0,4.0,7.0,0.0,0
Ali Al Hassan,SAUDI ARABIA,MF,25,Al-Nassr,sa,22 NOV 2022,11 : 00,Group C,ARGENTINA,1,1,45,0,0,1,0,1,0,2.0,1,0,2.0,2,0,4.0,7.0,0.0,0
Ali Al Hassan,SAUDI ARABIA,MF,25,Al-Nassr,sa,26 NOV 2022,14 : 00,Group C,POLAND,1,1,45,0,0,1,0,1,0,2.0,1,0,2.0,2,0,4.0,7.0,0.0,0
Sami Al-Najei,SAUDI ARABIA,MF,25,Al-Nassr,sa,30 NOV 2022,20 : 00,Group C,MEXICO,1,1,45,0,0,0,0,0,0,0.0,0,0,1.0,0,0,13.0,21.0,0.0,0
Sami Al-Najei,SAUDI ARABIA,MF,25,Al-Nassr,sa,22 NOV 2022,11 : 00,Group C,ARGENTINA,1,1,45,0,0,0,0,0,0,0.0,0,0,1.0,0,0,13.0,21.0,0.0,0
Sami Al-Najei,SAUDI ARABIA,MF,25,Al-Nassr,sa,26 NOV 2022,14 : 00,Group C,POLAND,1,1,45,0,0,0,0,0,0,0.0,0,0,1.0,0,0,13.0,21.0,0.0,0
Salman Al-Faraj,SAUDI ARABIA,MF,32,Al-Hilal,sa,30 NOV 2022,20 : 00,Group C,MEXICO,1,1,44,0,0,0,0,0,0,1.0,0,0,2.0,0,0,12.0,16.0,0.0,0
Salman Al-Faraj,SAUDI ARABIA,MF,32,Al-Hilal,sa,22 NOV 2022,11 : 00,Group C,ARGENTINA,1,1,44,0,0,0,0,0,0,1.0,0,0,2.0,0,0,12.0,16.0,0.0,0
Salman Al-Faraj,SAUDI ARABIA,MF,32,Al-Hilal,sa,26 NOV 2022,14 : 00,Group C,POLAND,1,1,44,0,0,0,0,0,0,1.0,0,0,2.0,0,0,12.0,16.0,0.0,0
Nawaf Al Abed,SAUDI ARABIA,MF,32,Al-Shabab,sa,30 NOV 2022,20 : 00,Group C,MEXICO,2,0,88,0,0,2,0,1,0,0.0,0,1,0.0,2,0,33.0,39.0,1.0,0
Nawaf Al Abed,SAUDI ARABIA,MF,32,Al-Shabab,sa,22 NOV 2022,11 : 00,Group C,ARGENTINA,2,0,88,0,0,2,0,1,0,0.0,0,1,0.0,2,0,33.0,39.0,1.0,0
Nawaf Al Abed,SAUDI ARABIA,MF,32,Al-Shabab,sa,26 NOV 2022,14 : 00,Group C,POLAND,2,0,88,0,0,2,0,1,0,0.0,0,1,0.0,2,0,33.0,39.0,1.0,0
Riyadh Sharahili,SAUDI ARABIA,MF,29,Abha,sa,30 NOV 2022,20 : 00,Group C,MEXICO,1,0,54,0,0,0,0,0,0,0.0,0,2,1.0,4,0,14.0,17.0,1.0,0
Riyadh Sharahili,SAUDI ARABIA,MF,29,Abha,sa,22 NOV 2022,11 : 00,Group C,ARGENTINA,1,0,54,0,0,0,0,0,0,0.0,0,2,1.0,4,0,14.0,17.0,1.0,0
Riyadh Sharahili,SAUDI ARABIA,MF,29,Abha,sa,26 NOV 2022,14 : 00,Group C,POLAND,1,0,54,0,0,0,0,0,0,0.0,0,2,1.0,4,0,14.0,17.0,1.0,0
Abdullah Madu,SAUDI ARABIA,"DF,MF",28,Al-Nassr,sa,30 NOV 2022,20 : 00,Group C,MEXICO,1,0,45,0,0,0,0,1,0,1.0,0,0,3.0,1,0,5.0,13.0,0.0,0
Abdullah Madu,SAUDI ARABIA,"DF,MF",28,Al-Nassr,sa,22 NOV 2022,11 : 00,Group C,ARGENTINA,1,0,45,0,0,0,0,1,0,1.0,0,0,3.0,1,0,5.0,13.0,0.0,0
Abdullah Madu,SAUDI ARABIA,"DF,MF",28,Al-Nassr,sa,26 NOV 2022,14 : 00,Group C,POLAND,1,0,45,0,0,0,0,1,0,1.0,0,0,3.0,1,0,5.0,13.0,0.0,0
Abdulrahman Al-Aboud,SAUDI ARABIA,"MF,DF",27,Al-Ittihad,sa,30 NOV 2022,20 : 00,Group C,MEXICO,2,0,35,0,0,1,0,0,0,3.0,3,0,0.0,0,0,8.0,13.0,0.0,0
Abdulrahman Al-Aboud,SAUDI ARABIA,"MF,DF",27,Al-Ittihad,sa,22 NOV 2022,11 : 00,Group C,ARGENTINA,2,0,35,0,0,1,0,0,0,3.0,3,0,0.0,0,0,8.0,13.0,0.0,0
Abdulrahman Al-Aboud,SAUDI ARABIA,"MF,DF",27,Al-Ittihad,sa,26 NOV 2022,14 : 00,Group C,POLAND,2,0,35,0,0,1,0,0,0,3.0,3,0,0.0,0,0,8.0,13.0,0.0,0
Nasser Al-Dawsari,SAUDI ARABIA,FW,23,Al-Hilal,sa,30 NOV 2022,20 : 00,Group C,MEXICO,1,0,5,0,0,0,0,0,0,2.0,1,0,0.0,1,0,11.0,11.0,0.0,0
Nasser Al-Dawsari,SAUDI ARABIA,FW,23,Al-Hilal,sa,22 NOV 2022,11 : 00,Group C,ARGENTINA,1,0,5,0,0,0,0,0,0,2.0,1,0,0.0,1,0,11.0,11.0,0.0,0
Nasser Al-Dawsari,SAUDI ARABIA,FW,23,Al-Hilal,sa,26 NOV 2022,14 : 00,Group C,POLAND,1,0,5,0,0,0,0,0,0,2.0,1,0,0.0,1,0,11.0,11.0,0.0,0
Hattan Bahebri,SAUDI ARABIA,MF,29,Al-Shabab,sa,30 NOV 2022,20 : 00,Group C,MEXICO,2,0,4,0,1,0,0,1,0,0.0,0,0,0.0,2,0,4.0,7.0,0.0,0
Hattan Bahebri,SAUDI ARABIA,MF,29,Al-Shabab,sa,22 NOV 2022,11 : 00,Group C,ARGENTINA,2,0,4,0,1,0,0,1,0,0.0,0,0,0.0,2,0,4.0,7.0,0.0,0
Hattan Bahebri,SAUDI ARABIA,MF,29,Al-Shabab,sa,26 NOV 2022,14 : 00,Group C,POLAND,2,0,4,0,1,0,0,1,0,0.0,0,0,0.0,2,0,4.0,7.0,0.0,0
Asiri Haitham,SAUDI ARABIA,FW,21,Al-Ahli,sa,30 NOV 2022,20 : 00,Group C,MEXICO,1,0,2,0,0,0,0,0,0,0.0,0,0,2.0,1,0,1.0,2.0,0.0,0
Asiri Haitham,SAUDI ARABIA,FW,21,Al-Ahli,sa,22 NOV 2022,11 : 00,Group C,ARGENTINA,1,0,2,0,0,0,0,0,0,0.0,0,0,2.0,1,0,1.0,2.0,0.0,0
Asiri Haitham,SAUDI ARABIA,FW,21,Al-Ahli,sa,26 NOV 2022,14 : 00,Group C,POLAND,1,0,2,0,0,0,0,0,0,0.0,0,0,2.0,1,0,1.0,2.0,0.0,0
Majid Hosseini,IR IRAN,DF,25,Kayserispor,tr,,,,,3,3,270,0,0,0,0,1,0,7.0,4,6,3.0,4,0,86.0,106.0,0.0,1
Morteza Pouraliganji,IR IRAN,DF,30,Persepolis,ir,,,,,3,3,270,0,0,2,0,1,0,2.0,2,6,5.0,5,0,92.0,128.0,0.0,0
Mehdi Taremi,IR IRAN,FW,29,Porto,pt,,,,,3,3,270,2,1,5,1,0,0,4.0,3,2,5.0,5,0,58.0,78.0,1.0,1
Ehsan Hajsafi,IR IRAN,"MF,DF",32,AEK Athens,gr,,,,,3,3,237,0,0,1,0,0,0,6.0,3,2,3.0,1,0,61.0,98.0,0.0,0
Ahmad Nourollahi,IR IRAN,MF,29,Al-Ahli Dubai FC,ae,,,,,3,3,223,0,0,5,1,0,0,4.0,3,6,3.0,2,0,35.0,54.0,1.0,0
Milad Mohammadi,IR IRAN,DF,28,AEK Athens,gr,,,,,3,3,196,0,0,0,0,0,0,10.0,3,1,2.0,2,0,44.0,68.0,0.0,0
Saeid Ezatolahi,IR IRAN,MF,25,Vejle BK,dk,,,,,3,2,217,0,0,3,1,0,0,6.0,1,2,3.0,2,0,66.0,88.0,0.0,0
Ali Gholizadeh,IR IRAN,"MF,FW",26,Charleroi,be,,,,,3,2,199,0,1,1,0,0,0,0.0,0,3,5.0,3,0,46.0,72.0,4.0,2
Ramin Rezaeian,IR IRAN,DF,32,Sepahan,ir,,,,,2,2,180,1,0,2,1,1,0,7.0,5,3,1.0,2,0,73.0,105.0,1.0,0
Sardar Azmoun,IR IRAN,FW,27,Leverkusen,de,,,,,3,2,126,0,0,5,3,0,0,0.0,0,0,0.0,1,0,18.0,30.0,0.0,1
Alireza Beiranvand,IR IRAN,GK,29,Persepolis,ir,,,,,2,2,109,0,0,0,0,0,0,0.0,0,0,0.0,0,0,20.0,31.0,0.0,0
Hossein Hosseini,IR IRAN,GK,29,Esteghlal,ir,,,,,2,1,161,0,0,0,0,0,0,0.0,0,0,0.0,0,0,23.0,47.0,0.0,0
Ali Karimi,IR IRAN,MF,28,Kayserispor,tr,,,,,3,1,99,0,0,0,0,0,0,3.0,3,3,0.0,4,0,34.0,45.0,0.0,0
Sadegh Moharrami,IR IRAN,DF,26,Dinamo Zagreb,hr,,,,,1,1,90,0,0,0,0,0,0,1.0,1,1,1.0,2,0,18.0,26.0,1.0,0
Alireza Jahanbakhsh,IR IRAN,MF,28,Feyenoord,nl,,,,,2,1,59,0,0,3,0,2,0,1.0,1,1,2.0,2,0,11.0,17.0,1.0,0
Roozbeh Cheshmi,IR IRAN,"DF,MF",28,Esteghlal,ir,,,,,2,1,58,1,0,1,1,0,0,0.0,0,2,1.0,1,0,7.0,11.0,0.0,0
Mehdi Torabi,IR IRAN,MF,27,Persepolis,ir,,,,,3,0,62,0,0,2,0,0,0,1.0,0,2,1.0,0,0,30.0,37.0,1.0,0
Saman Ghoddos,IR IRAN,MF,28,Brentford,eng,,,,,1,0,45,0,0,1,0,0,0,1.0,0,0,0.0,1,0,15.0,20.0,0.0,0
Hossein Kanaanizadegan,IR IRAN,DF,28,Al Ahli SC,qa,,,,,1,0,45,0,0,0,0,1,0,0.0,0,1,1.0,0,0,8.0,11.0,0.0,0
Karim Ansarifard,IR IRAN,"FW,MF",32,AC Omonia,cy,,,,,2,0,35,0,0,1,0,0,0,0.0,0,1,1.0,0,0,4.0,5.0,0.0,1
Abolfazl Jalali,IR IRAN,DF,23,Esteghlal,ir,,,,,1,0,19,0,0,0,0,1,0,0.0,0,0,0.0,1,0,20.0,29.0,1.0,0
Óscar Duarte,COSTA RICA,DF,33,Al-Wehda,sa,01 DEC 2022,20 : 00,Group E,GERMANY,3,3,270,0,0,0,0,1,0,4.0,2,6,3.0,1,0,68.0,98.0,0.0,0
Óscar Duarte,COSTA RICA,DF,33,Al-Wehda,sa,23 NOV 2022,17 : 00,Group E,SPAIN,3,3,270,0,0,0,0,1,0,4.0,2,6,3.0,1,0,68.0,98.0,0.0,0
Óscar Duarte,COSTA RICA,DF,33,Al-Wehda,sa,27 NOV 2022,11 : 00,Group E,JAPAN,3,3,270,0,0,0,0,1,0,4.0,2,6,3.0,1,0,68.0,98.0,0.0,0
Keylor Navas,COSTA RICA,GK,35,Paris S-G,fr,01 DEC 2022,20 : 00,Group E,GERMANY,3,3,270,0,0,0,0,0,0,1.0,0,1,0.0,0,0,61.0,102.0,0.0,0
Keylor Navas,COSTA RICA,GK,35,Paris S-G,fr,23 NOV 2022,17 : 00,Group E,SPAIN,3,3,270,0,0,0,0,0,0,1.0,0,1,0.0,0,0,61.0,102.0,0.0,0
Keylor Navas,COSTA RICA,GK,35,Paris S-G,fr,27 NOV 2022,11 : 00,Group E,JAPAN,3,3,270,0,0,0,0,0,0,1.0,0,1,0.0,0,0,61.0,102.0,0.0,0
Joel Campbell,COSTA RICA,"FW,MF",29,León,mx,01 DEC 2022,20 : 00,Group E,GERMANY,3,3,269,0,0,1,0,1,0,9.0,5,0,3.0,3,0,104.0,138.0,6.0,3
Joel Campbell,COSTA RICA,"FW,MF",29,León,mx,23 NOV 2022,17 : 00,Group E,SPAIN,3,3,269,0,0,1,0,1,0,9.0,5,0,3.0,3,0,104.0,138.0,6.0,3
Joel Campbell,COSTA RICA,"FW,MF",29,León,mx,27 NOV 2022,11 : 00,Group E,JAPAN,3,3,269,0,0,1,0,1,0,9.0,5,0,3.0,3,0,104.0,138.0,6.0,3
Yeltsin Tejeda,COSTA RICA,MF,30,Club Sport Herediano,cr,01 DEC 2022,20 : 00,Group E,GERMANY,3,3,269,1,1,2,2,0,0,4.0,2,1,7.0,0,0,78.0,99.0,0.0,0
Yeltsin Tejeda,COSTA RICA,MF,30,Club Sport Herediano,cr,23 NOV 2022,17 : 00,Group E,SPAIN,3,3,269,1,1,2,2,0,0,4.0,2,1,7.0,0,0,78.0,99.0,0.0,0
Yeltsin Tejeda,COSTA RICA,MF,30,Club Sport Herediano,cr,27 NOV 2022,11 : 00,Group E,JAPAN,3,3,269,1,1,2,2,0,0,4.0,2,1,7.0,0,0,78.0,99.0,0.0,0
Bryan Oviedo,COSTA RICA,DF,32,Real Salt Lake,us,01 DEC 2022,20 : 00,Group E,GERMANY,3,3,260,0,0,0,0,0,0,6.0,5,3,3.0,2,0,67.0,89.0,0.0,1
Bryan Oviedo,COSTA RICA,DF,32,Real Salt Lake,us,23 NOV 2022,17 : 00,Group E,SPAIN,3,3,260,0,0,0,0,0,0,6.0,5,3,3.0,2,0,67.0,89.0,0.0,1
Bryan Oviedo,COSTA RICA,DF,32,Real Salt Lake,us,27 NOV 2022,11 : 00,Group E,JAPAN,3,3,260,0,0,0,0,0,0,6.0,5,3,3.0,2,0,67.0,89.0,0.0,1
Keysher Fuller,COSTA RICA,"DF,MF",27,Club Sport Herediano,cr,01 DEC 2022,20 : 00,Group E,GERMANY,3,3,253,1,0,3,2,0,0,4.0,4,3,2.0,2,0,44.0,63.0,1.0,2
Keysher Fuller,COSTA RICA,"DF,MF",27,Club Sport Herediano,cr,23 NOV 2022,17 : 00,Group E,SPAIN,3,3,253,1,0,3,2,0,0,4.0,4,3,2.0,2,0,44.0,63.0,1.0,2
Keysher Fuller,COSTA RICA,"DF,MF",27,Club Sport Herediano,cr,27 NOV 2022,11 : 00,Group E,JAPAN,3,3,253,1,0,3,2,0,0,4.0,4,3,2.0,2,0,44.0,63.0,1.0,2
Celso Borges,COSTA RICA,MF,34,Liga Deportiva Alajuelense,cr,01 DEC 2022,20 : 00,Group E,GERMANY,3,3,249,0,0,0,0,1,0,5.0,1,4,8.0,2,0,98.0,120.0,2.0,0
Celso Borges,COSTA RICA,MF,34,Liga Deportiva Alajuelense,cr,23 NOV 2022,17 : 00,Group E,SPAIN,3,3,249,0,0,0,0,1,0,5.0,1,4,8.0,2,0,98.0,120.0,2.0,0
Celso Borges,COSTA RICA,MF,34,Liga Deportiva Alajuelense,cr,27 NOV 2022,11 : 00,Group E,JAPAN,3,3,249,0,0,0,0,1,0,5.0,1,4,8.0,2,0,98.0,120.0,2.0,0
Kendall Waston,COSTA RICA,DF,34,Deportivo Saprissa,cr,01 DEC 2022,20 : 00,Group E,GERMANY,3,2,225,0,0,1,1,0,0,7.0,4,5,2.0,1,0,57.0,71.0,0.0,0
Kendall Waston,COSTA RICA,DF,34,Deportivo Saprissa,cr,23 NOV 2022,17 : 00,Group E,SPAIN,3,2,225,0,0,1,1,0,0,7.0,4,5,2.0,1,0,57.0,71.0,0.0,0
Kendall Waston,COSTA RICA,DF,34,Deportivo Saprissa,cr,27 NOV 2022,11 : 00,Group E,JAPAN,3,2,225,0,0,1,1,0,0,7.0,4,5,2.0,1,0,57.0,71.0,0.0,0
Francisco Calvo,COSTA RICA,DF,29,Konyaspor,tr,01 DEC 2022,20 : 00,Group E,GERMANY,2,2,180,0,0,1,0,2,0,7.0,4,2,3.0,6,0,86.0,104.0,2.0,1
Francisco Calvo,COSTA RICA,DF,29,Konyaspor,tr,23 NOV 2022,17 : 00,Group E,SPAIN,2,2,180,0,0,1,0,2,0,7.0,4,2,3.0,6,0,86.0,104.0,2.0,1
Francisco Calvo,COSTA RICA,DF,29,Konyaspor,tr,27 NOV 2022,11 : 00,Group E,JAPAN,2,2,180,0,0,1,0,2,0,7.0,4,2,3.0,6,0,86.0,104.0,2.0,1
Anthony Contreras,COSTA RICA,"FW,MF",22,Club Sport Herediano,cr,01 DEC 2022,20 : 00,Group E,GERMANY,3,2,125,0,0,0,0,1,0,5.0,2,1,0.0,1,0,15.0,26.0,0.0,0
Anthony Contreras,COSTA RICA,"FW,MF",22,Club Sport Herediano,cr,23 NOV 2022,17 : 00,Group E,SPAIN,3,2,125,0,0,0,0,1,0,5.0,2,1,0.0,1,0,15.0,26.0,0.0,0
Anthony Contreras,COSTA RICA,"FW,MF",22,Club Sport Herediano,cr,27 NOV 2022,11 : 00,Group E,JAPAN,3,2,125,0,0,0,0,1,0,5.0,2,1,0.0,1,0,15.0,26.0,0.0,0
Jewison Bennette,COSTA RICA,MF,17,Sunderland,eng,01 DEC 2022,20 : 00,Group E,GERMANY,3,1,103,0,0,1,0,0,0,0.0,0,0,2.0,0,0,11.0,14.0,1.0,2
Jewison Bennette,COSTA RICA,MF,17,Sunderland,eng,23 NOV 2022,17 : 00,Group E,SPAIN,3,1,103,0,0,1,0,0,0,0.0,0,0,2.0,0,0,11.0,14.0,1.0,2
Jewison Bennette,COSTA RICA,MF,17,Sunderland,eng,27 NOV 2022,11 : 00,Group E,JAPAN,3,1,103,0,0,1,0,0,0,0.0,0,0,2.0,0,0,11.0,14.0,1.0,2
Brandon Aguilera,COSTA RICA,MF,18,Asociación Deportiva Guanacasteca,cr,01 DEC 2022,20 : 00,Group E,GERMANY,3,1,90,0,0,0,0,0,0,2.0,0,1,1.0,2,0,27.0,38.0,2.0,1
Brandon Aguilera,COSTA RICA,MF,18,Asociación Deportiva Guanacasteca,cr,23 NOV 2022,17 : 00,Group E,SPAIN,3,1,90,0,0,0,0,0,0,2.0,0,1,1.0,2,0,27.0,38.0,2.0,1
Brandon Aguilera,COSTA RICA,MF,18,Asociación Deportiva Guanacasteca,cr,27 NOV 2022,11 : 00,Group E,JAPAN,3,1,90,0,0,0,0,0,0,2.0,0,1,1.0,2,0,27.0,38.0,2.0,1
Juan Pablo Vargas,COSTA RICA,DF,27,Millonarios,co,01 DEC 2022,20 : 00,Group E,GERMANY,1,1,90,1,0,2,2,0,0,4.0,3,2,0.0,0,0,19.0,24.0,0.0,0
Juan Pablo Vargas,COSTA RICA,DF,27,Millonarios,co,23 NOV 2022,17 : 00,Group E,SPAIN,1,1,90,1,0,2,2,0,0,4.0,3,2,0.0,0,0,19.0,24.0,0.0,0
Juan Pablo Vargas,COSTA RICA,DF,27,Millonarios,co,27 NOV 2022,11 : 00,Group E,JAPAN,1,1,90,1,0,2,2,0,0,4.0,3,2,0.0,0,0,19.0,24.0,0.0,0
Johan Venegas,COSTA RICA,"FW,MF",33,Liga Deportiva Alajuelense,cr,01 DEC 2022,20 : 00,Group E,GERMANY,1,1,73,0,0,0,0,0,0,0.0,0,0,0.0,1,0,11.0,14.0,0.0,2
Johan Venegas,COSTA RICA,"FW,MF",33,Liga Deportiva Alajuelense,cr,23 NOV 2022,17 : 00,Group E,SPAIN,1,1,73,0,0,0,0,0,0,0.0,0,0,0.0,1,0,11.0,14.0,0.0,2
Johan Venegas,COSTA RICA,"FW,MF",33,Liga Deportiva Alajuelense,cr,27 NOV 2022,11 : 00,Group E,JAPAN,1,1,73,0,0,0,0,0,0,0.0,0,0,0.0,1,0,11.0,14.0,0.0,2
Gerson Torres,COSTA RICA,MF,24,Club Sport Herediano,cr,01 DEC 2022,20 : 00,Group E,GERMANY,1,1,64,0,0,1,0,0,0,0.0,0,0,1.0,1,0,16.0,16.0,0.0,0
Gerson Torres,COSTA RICA,MF,24,Club Sport Herediano,cr,23 NOV 2022,17 : 00,Group E,SPAIN,1,1,64,0,0,1,0,0,0,0.0,0,0,1.0,1,0,16.0,16.0,0.0,0
Gerson Torres,COSTA RICA,MF,24,Club Sport Herediano,cr,27 NOV 2022,11 : 00,Group E,JAPAN,1,1,64,0,0,1,0,0,0,0.0,0,0,1.0,1,0,16.0,16.0,0.0,0
Carlos Martínez,COSTA RICA,DF,23,AD San Carlos,cr,01 DEC 2022,20 : 00,Group E,GERMANY,1,1,45,0,0,0,0,0,0,1.0,1,1,1.0,1,0,10.0,15.0,0.0,0
Carlos Martínez,COSTA RICA,DF,23,AD San Carlos,cr,23 NOV 2022,17 : 00,Group E,SPAIN,1,1,45,0,0,0,0,0,0,1.0,1,1,1.0,1,0,10.0,15.0,0.0,0
Carlos Martínez,COSTA RICA,DF,23,AD San Carlos,cr,27 NOV 2022,11 : 00,Group E,JAPAN,1,1,45,0,0,0,0,0,0,1.0,1,1,1.0,1,0,10.0,15.0,0.0,0
Youstin Salas,COSTA RICA,"DF,MF",25,Deportivo Saprissa,cr,01 DEC 2022,20 : 00,Group E,GERMANY,2,0,47,0,0,0,0,0,0,5.0,1,0,3.0,0,0,15.0,19.0,1.0,0
Youstin Salas,COSTA RICA,"DF,MF",25,Deportivo Saprissa,cr,23 NOV 2022,17 : 00,Group E,SPAIN,2,0,47,0,0,0,0,0,0,5.0,1,0,3.0,0,0,15.0,19.0,1.0,0
Youstin Salas,COSTA RICA,"DF,MF",25,Deportivo Saprissa,cr,27 NOV 2022,11 : 00,Group E,JAPAN,2,0,47,0,0,0,0,0,0,5.0,1,0,3.0,0,0,15.0,19.0,1.0,0
Bryan Ruiz,COSTA RICA,MF,36,Liga Deportiva Alajuelense,cr,01 DEC 2022,20 : 00,Group E,GERMANY,1,0,30,0,0,0,0,0,0,1.0,1,0,1.0,0,0,8.0,12.0,1.0,0
Bryan Ruiz,COSTA RICA,MF,36,Liga Deportiva Alajuelense,cr,23 NOV 2022,17 : 00,Group E,SPAIN,1,0,30,0,0,0,0,0,0,1.0,1,0,1.0,0,0,8.0,12.0,1.0,0
Bryan Ruiz,COSTA RICA,MF,36,Liga Deportiva Alajuelense,cr,27 NOV 2022,11 : 00,Group E,JAPAN,1,0,30,0,0,0,0,0,0,1.0,1,0,1.0,0,0,8.0,12.0,1.0,0
Álvaro Zamora,COSTA RICA,MF,20,Deportivo Saprissa,cr,01 DEC 2022,20 : 00,Group E,GERMANY,1,0,30,0,0,0,0,0,0,2.0,0,1,0.0,0,0,5.0,5.0,0.0,1
Álvaro Zamora,COSTA RICA,MF,20,Deportivo Saprissa,cr,23 NOV 2022,17 : 00,Group E,SPAIN,1,0,30,0,0,0,0,0,0,2.0,0,1,0.0,0,0,5.0,5.0,0.0,1
Álvaro Zamora,COSTA RICA,MF,20,Deportivo Saprissa,cr,27 NOV 2022,11 : 00,Group E,JAPAN,1,0,30,0,0,0,0,0,0,2.0,0,1,0.0,0,0,5.0,5.0,0.0,1
Rónald Matarrita,COSTA RICA,"DF,MF",27,FC Cincinnati,us,01 DEC 2022,20 : 00,Group E,GERMANY,2,0,26,0,0,0,0,0,0,0.0,0,0,1.0,1,0,18.0,29.0,1.0,0
Rónald Matarrita,COSTA RICA,"DF,MF",27,FC Cincinnati,us,23 NOV 2022,17 : 00,Group E,SPAIN,2,0,26,0,0,0,0,0,0,0.0,0,0,1.0,1,0,18.0,29.0,1.0,0
Rónald Matarrita,COSTA RICA,"DF,MF",27,FC Cincinnati,us,27 NOV 2022,11 : 00,Group E,JAPAN,2,0,26,0,0,0,0,0,0,0.0,0,0,1.0,1,0,18.0,29.0,1.0,0
Daniel Chacón,COSTA RICA,MF,21,CS Cartaginés,cr,01 DEC 2022,20 : 00,Group E,GERMANY,1,0,1,0,0,0,0,0,0,0.0,0,0,0.0,0,0,1.0,1.0,0.0,0
Daniel Chacón,COSTA RICA,MF,21,CS Cartaginés,cr,23 NOV 2022,17 : 00,Group E,SPAIN,1,0,1,0,0,0,0,0,0,0.0,0,0,0.0,0,0,1.0,1.0,0.0,0
Daniel Chacón,COSTA RICA,MF,21,CS Cartaginés,cr,27 NOV 2022,11 : 00,Group E,JAPAN,1,0,1,0,0,0,0,0,0,0.0,0,0,0.0,0,0,1.0,1.0,0.0,0
Roan Wilson,COSTA RICA,MF,20,Municipal Grecia,cr,01 DEC 2022,20 : 00,Group E,GERMANY,1,0,1,0,0,0,0,0,0,0.0,0,0,1.0,0,0,4.0,4.0,0.0,0
Roan Wilson,COSTA RICA,MF,20,Municipal Grecia,cr,23 NOV 2022,17 : 00,Group E,SPAIN,1,0,1,0,0,0,0,0,0,0.0,0,0,1.0,0,0,4.0,4.0,0.0,0
Roan Wilson,COSTA RICA,MF,20,Municipal Grecia,cr,27 NOV 2022,11 : 00,Group E,JAPAN,1,0,1,0,0,0,0,0,0,0.0,0,0,1.0,0,0,4.0,4.0,0.0,0
Joachim Andersen,DENMARK,DF,26,Crystal Palace,eng,22 NOV 2022,14 : 00,Group D,TUNISIA,3,3,270,0,1,4,1,0,0,4.0,2,0,2.0,3,0,198.0,250.0,0.0,0
Joachim Andersen,DENMARK,DF,26,Crystal Palace,eng,26 NOV 2022,17 : 00,Group D,FRANCE,3,3,270,0,1,4,1,0,0,4.0,2,0,2.0,3,0,198.0,250.0,0.0,0
Joachim Andersen,DENMARK,DF,26,Crystal Palace,eng,30 NOV 2022,16 : 00,Group D,AUSTRALIA,3,3,270,0,1,4,1,0,0,4.0,2,0,2.0,3,0,198.0,250.0,0.0,0
Andreas Christensen,DENMARK,DF,26,Barcelona,es,22 NOV 2022,14 : 00,Group D,TUNISIA,3,3,270,1,0,2,1,1,0,4.0,2,4,7.0,2,0,237.0,251.0,0.0,1
Andreas Christensen,DENMARK,DF,26,Barcelona,es,26 NOV 2022,17 : 00,Group D,FRANCE,3,3,270,1,0,2,1,1,0,4.0,2,4,7.0,2,0,237.0,251.0,0.0,1
Andreas Christensen,DENMARK,DF,26,Barcelona,es,30 NOV 2022,16 : 00,Group D,AUSTRALIA,3,3,270,1,0,2,1,1,0,4.0,2,4,7.0,2,0,237.0,251.0,0.0,1
Christian Eriksen,DENMARK,MF,30,Manchester Utd,eng,22 NOV 2022,14 : 00,Group D,TUNISIA,3,3,270,0,0,4,1,0,0,1.0,0,0,5.0,2,0,188.0,230.0,0.0,0
Christian Eriksen,DENMARK,MF,30,Manchester Utd,eng,26 NOV 2022,17 : 00,Group D,FRANCE,3,3,270,0,0,4,1,0,0,1.0,0,0,5.0,2,0,188.0,230.0,0.0,0
Christian Eriksen,DENMARK,MF,30,Manchester Utd,eng,30 NOV 2022,16 : 00,Group D,AUSTRALIA,3,3,270,0,0,4,1,0,0,1.0,0,0,5.0,2,0,188.0,230.0,0.0,0
Pierre Højbjerg,DENMARK,MF,26,Tottenham,eng,22 NOV 2022,14 : 00,Group D,TUNISIA,3,3,270,0,0,2,1,0,0,4.0,2,3,3.0,0,0,200.0,224.0,1.0,0
Pierre Højbjerg,DENMARK,MF,26,Tottenham,eng,26 NOV 2022,17 : 00,Group D,FRANCE,3,3,270,0,0,2,1,0,0,4.0,2,3,3.0,0,0,200.0,224.0,1.0,0
Pierre Højbjerg,DENMARK,MF,26,Tottenham,eng,30 NOV 2022,16 : 00,Group D,AUSTRALIA,3,3,270,0,0,2,1,0,0,4.0,2,3,3.0,0,0,200.0,224.0,1.0,0
Kasper Schmeichel,DENMARK,GK,35,Nice,fr,22 NOV 2022,14 : 00,Group D,TUNISIA,3,3,270,0,0,0,0,0,0,0.0,0,0,0.0,0,0,72.0,87.0,0.0,0
Kasper Schmeichel,DENMARK,GK,35,Nice,fr,26 NOV 2022,17 : 00,Group D,FRANCE,3,3,270,0,0,0,0,0,0,0.0,0,0,0.0,0,0,72.0,87.0,0.0,0
Kasper Schmeichel,DENMARK,GK,35,Nice,fr,30 NOV 2022,16 : 00,Group D,AUSTRALIA,3,3,270,0,0,0,0,0,0,0.0,0,0,0.0,0,0,72.0,87.0,0.0,0
Joakim Mæhle,DENMARK,DF,25,Atalanta,it,22 NOV 2022,14 : 00,Group D,TUNISIA,3,3,249,0,0,2,0,0,0,9.0,5,2,7.0,1,0,119.0,146.0,0.0,0
Joakim Mæhle,DENMARK,DF,25,Atalanta,it,26 NOV 2022,17 : 00,Group D,FRANCE,3,3,249,0,0,2,0,0,0,9.0,5,2,7.0,1,0,119.0,146.0,0.0,0
Joakim Mæhle,DENMARK,DF,25,Atalanta,it,30 NOV 2022,16 : 00,Group D,AUSTRALIA,3,3,249,0,0,2,0,0,0,9.0,5,2,7.0,1,0,119.0,146.0,0.0,0
Rasmus Nissen,DENMARK,DF,24,Leeds United,eng,22 NOV 2022,14 : 00,Group D,TUNISIA,3,3,224,0,0,0,0,1,0,8.0,7,1,3.0,2,0,137.0,179.0,1.0,0
Rasmus Nissen,DENMARK,DF,24,Leeds United,eng,26 NOV 2022,17 : 00,Group D,FRANCE,3,3,224,0,0,0,0,1,0,8.0,7,1,3.0,2,0,137.0,179.0,1.0,0
Rasmus Nissen,DENMARK,DF,24,Leeds United,eng,30 NOV 2022,16 : 00,Group D,AUSTRALIA,3,3,224,0,0,0,0,1,0,8.0,7,1,3.0,2,0,137.0,179.0,1.0,0
Jesper Lindstrøm,DENMARK,"MF,FW",22,Eint Frankfurt,de,22 NOV 2022,14 : 00,Group D,TUNISIA,3,2,200,0,0,3,1,0,0,1.0,1,1,4.0,4,0,36.0,52.0,4.0,0
Jesper Lindstrøm,DENMARK,"MF,FW",22,Eint Frankfurt,de,26 NOV 2022,17 : 00,Group D,FRANCE,3,2,200,0,0,3,1,0,0,1.0,1,1,4.0,4,0,36.0,52.0,4.0,0
Jesper Lindstrøm,DENMARK,"MF,FW",22,Eint Frankfurt,de,30 NOV 2022,16 : 00,Group D,AUSTRALIA,3,2,200,0,0,3,1,0,0,1.0,1,1,4.0,4,0,36.0,52.0,4.0,0
Andreas Skov Olsen,DENMARK,"FW,MF",22,Club Brugge,be,22 NOV 2022,14 : 00,Group D,TUNISIA,2,2,132,0,0,4,1,0,0,0.0,0,1,3.0,2,0,43.0,63.0,0.0,0
Andreas Skov Olsen,DENMARK,"FW,MF",22,Club Brugge,be,26 NOV 2022,17 : 00,Group D,FRANCE,2,2,132,0,0,4,1,0,0,0.0,0,1,3.0,2,0,43.0,63.0,0.0,0
Andreas Skov Olsen,DENMARK,"FW,MF",22,Club Brugge,be,30 NOV 2022,16 : 00,Group D,AUSTRALIA,2,2,132,0,0,4,1,0,0,0.0,0,1,3.0,2,0,43.0,63.0,0.0,0
Mikkel Damsgaard,DENMARK,"MF,FW",21,Brentford,eng,22 NOV 2022,14 : 00,Group D,TUNISIA,3,1,150,0,0,0,0,0,0,4.0,2,2,2.0,2,0,55.0,72.0,0.0,1
Mikkel Damsgaard,DENMARK,"MF,FW",21,Brentford,eng,26 NOV 2022,17 : 00,Group D,FRANCE,3,1,150,0,0,0,0,0,0,4.0,2,2,2.0,2,0,55.0,72.0,0.0,1
Mikkel Damsgaard,DENMARK,"MF,FW",21,Brentford,eng,30 NOV 2022,16 : 00,Group D,AUSTRALIA,3,1,150,0,0,0,0,0,0,4.0,2,2,2.0,2,0,55.0,72.0,0.0,1
Kasper Dolberg,DENMARK,FW,24,Sevilla,es,22 NOV 2022,14 : 00,Group D,TUNISIA,3,1,114,0,0,3,1,0,0,1.0,1,0,0.0,2,0,15.0,18.0,1.0,1
Kasper Dolberg,DENMARK,FW,24,Sevilla,es,26 NOV 2022,17 : 00,Group D,FRANCE,3,1,114,0,0,3,1,0,0,1.0,1,0,0.0,2,0,15.0,18.0,1.0,1
Kasper Dolberg,DENMARK,FW,24,Sevilla,es,30 NOV 2022,16 : 00,Group D,AUSTRALIA,3,1,114,0,0,3,1,0,0,1.0,1,0,0.0,2,0,15.0,18.0,1.0,1
Martin Braithwaite,DENMARK,"FW,MF",31,Espanyol,es,22 NOV 2022,14 : 00,Group D,TUNISIA,2,1,103,0,0,1,0,0,0,0.0,0,0,0.0,0,0,14.0,20.0,1.0,2
Martin Braithwaite,DENMARK,"FW,MF",31,Espanyol,es,26 NOV 2022,17 : 00,Group D,FRANCE,2,1,103,0,0,1,0,0,0,0.0,0,0,0.0,0,0,14.0,20.0,1.0,2
Martin Braithwaite,DENMARK,"FW,MF",31,Espanyol,es,30 NOV 2022,16 : 00,Group D,AUSTRALIA,2,1,103,0,0,1,0,0,0,0.0,0,0,0.0,0,0,14.0,20.0,1.0,2
Andreas Cornelius,DENMARK,FW,29,FC Copenhagen,dk,22 NOV 2022,14 : 00,Group D,TUNISIA,3,1,92,0,0,5,2,1,0,0.0,0,0,0.0,4,0,21.0,34.0,1.0,0
Andreas Cornelius,DENMARK,FW,29,FC Copenhagen,dk,26 NOV 2022,17 : 00,Group D,FRANCE,3,1,92,0,0,5,2,1,0,0.0,0,0,0.0,4,0,21.0,34.0,1.0,0
Andreas Cornelius,DENMARK,FW,29,FC Copenhagen,dk,30 NOV 2022,16 : 00,Group D,AUSTRALIA,3,1,92,0,0,5,2,1,0,0.0,0,0,0.0,4,0,21.0,34.0,1.0,0
Victor Nelsson,DENMARK,DF,23,Galatasaray,tr,22 NOV 2022,14 : 00,Group D,TUNISIA,1,1,90,0,0,0,0,0,0,0.0,0,2,2.0,0,0,69.0,74.0,0.0,0
Victor Nelsson,DENMARK,DF,23,Galatasaray,tr,26 NOV 2022,17 : 00,Group D,FRANCE,1,1,90,0,0,0,0,0,0,0.0,0,2,2.0,0,0,69.0,74.0,0.0,0
Victor Nelsson,DENMARK,DF,23,Galatasaray,tr,30 NOV 2022,16 : 00,Group D,AUSTRALIA,1,1,90,0,0,0,0,0,0,0.0,0,2,2.0,0,0,69.0,74.0,0.0,0
Mathias Jensen,DENMARK,MF,26,Brentford,eng,22 NOV 2022,14 : 00,Group D,TUNISIA,2,1,84,0,0,2,1,1,0,1.0,0,0,2.0,2,0,52.0,67.0,1.0,0
Mathias Jensen,DENMARK,MF,26,Brentford,eng,26 NOV 2022,17 : 00,Group D,FRANCE,2,1,84,0,0,2,1,1,0,1.0,0,0,2.0,2,0,52.0,67.0,1.0,0
Mathias Jensen,DENMARK,MF,26,Brentford,eng,30 NOV 2022,16 : 00,Group D,AUSTRALIA,2,1,84,0,0,2,1,1,0,1.0,0,0,2.0,2,0,52.0,67.0,1.0,0
Simon Kjær,DENMARK,DF,33,Milan,it,22 NOV 2022,14 : 00,Group D,TUNISIA,1,1,64,0,0,0,0,0,0,0.0,0,5,1.0,0,0,50.0,59.0,0.0,0
Simon Kjær,DENMARK,DF,33,Milan,it,26 NOV 2022,17 : 00,Group D,FRANCE,1,1,64,0,0,0,0,0,0,0.0,0,5,1.0,0,0,50.0,59.0,0.0,0
Simon Kjær,DENMARK,DF,33,Milan,it,30 NOV 2022,16 : 00,Group D,AUSTRALIA,1,1,64,0,0,0,0,0,0,0.0,0,5,1.0,0,0,50.0,59.0,0.0,0
Thomas Delaney,DENMARK,MF,30,Sevilla,es,22 NOV 2022,14 : 00,Group D,TUNISIA,1,1,44,0,0,0,0,0,0,1.0,1,0,0.0,0,0,24.0,29.0,0.0,0
Thomas Delaney,DENMARK,MF,30,Sevilla,es,26 NOV 2022,17 : 00,Group D,FRANCE,1,1,44,0,0,0,0,0,0,1.0,1,0,0.0,0,0,24.0,29.0,0.0,0
Thomas Delaney,DENMARK,MF,30,Sevilla,es,30 NOV 2022,16 : 00,Group D,AUSTRALIA,1,1,44,0,0,0,0,0,0,1.0,1,0,0.0,0,0,24.0,29.0,0.0,0
Alexander Bah,DENMARK,DF,24,Benfica,pt,22 NOV 2022,14 : 00,Group D,TUNISIA,2,0,46,0,0,2,0,0,0,4.0,4,2,2.0,1,0,37.0,53.0,0.0,0
Alexander Bah,DENMARK,DF,24,Benfica,pt,26 NOV 2022,17 : 00,Group D,FRANCE,2,0,46,0,0,2,0,0,0,4.0,4,2,2.0,1,0,37.0,53.0,0.0,0
Alexander Bah,DENMARK,DF,24,Benfica,pt,30 NOV 2022,16 : 00,Group D,AUSTRALIA,2,0,46,0,0,2,0,0,0,4.0,4,2,2.0,1,0,37.0,53.0,0.0,0
Robert Skov,DENMARK,DF,26,Hoffenheim,de,22 NOV 2022,14 : 00,Group D,TUNISIA,1,0,22,0,0,0,0,1,0,0.0,0,0,0.0,1,0,17.0,21.0,0.0,0
Robert Skov,DENMARK,DF,26,Hoffenheim,de,26 NOV 2022,17 : 00,Group D,FRANCE,1,0,22,0,0,0,0,1,0,0.0,0,0,0.0,1,0,17.0,21.0,0.0,0
Robert Skov,DENMARK,DF,26,Hoffenheim,de,30 NOV 2022,16 : 00,Group D,AUSTRALIA,1,0,22,0,0,0,0,1,0,0.0,0,0,0.0,1,0,17.0,21.0,0.0,0
Christian Nørgaard,DENMARK,MF,28,Brentford,eng,22 NOV 2022,14 : 00,Group D,TUNISIA,1,0,6,0,0,0,0,0,0,0.0,0,0,0.0,0,0,14.0,15.0,0.0,0
Christian Nørgaard,DENMARK,MF,28,Brentford,eng,26 NOV 2022,17 : 00,Group D,FRANCE,1,0,6,0,0,0,0,0,0,0.0,0,0,0.0,0,0,14.0,15.0,0.0,0
Christian Nørgaard,DENMARK,MF,28,Brentford,eng,30 NOV 2022,16 : 00,Group D,AUSTRALIA,1,0,6,0,0,0,0,0,0,0.0,0,0,0.0,0,0,14.0,15.0,0.0,0
Nikola Milenković,SERBIA,DF,24,Fiorentina,it,02 DEC 2022,20 : 00,Group G,SWITZERLAND,3,3,270,0,0,3,0,2,0,10.0,5,6,6.0,8,0,141.0,163.0,0.0,0
Nikola Milenković,SERBIA,DF,24,Fiorentina,it,24 NOV 2022,20 : 00,Group G,BRAZIL,3,3,270,0,0,3,0,2,0,10.0,5,6,6.0,8,0,141.0,163.0,0.0,0
Nikola Milenković,SERBIA,DF,24,Fiorentina,it,28 NOV 2022,11 : 00,Group G,CAMEROON,3,3,270,0,0,3,0,2,0,10.0,5,6,6.0,8,0,141.0,163.0,0.0,0
Vanja Milinković-Savić,SERBIA,GK,25,Torino,it,02 DEC 2022,20 : 00,Group G,SWITZERLAND,3,3,270,0,0,0,0,0,0,0.0,0,1,0.0,0,0,90.0,125.0,0.0,0
Vanja Milinković-Savić,SERBIA,GK,25,Torino,it,24 NOV 2022,20 : 00,Group G,BRAZIL,3,3,270,0,0,0,0,0,0,0.0,0,1,0.0,0,0,90.0,125.0,0.0,0
Vanja Milinković-Savić,SERBIA,GK,25,Torino,it,28 NOV 2022,11 : 00,Group G,CAMEROON,3,3,270,0,0,0,0,0,0,0.0,0,1,0.0,0,0,90.0,125.0,0.0,0
Aleksandar Mitrović,SERBIA,FW,27,Fulham,eng,02 DEC 2022,20 : 00,Group G,SWITZERLAND,3,3,262,2,0,10,3,1,0,1.0,0,0,1.0,3,0,54.0,69.0,1.0,1
Aleksandar Mitrović,SERBIA,FW,27,Fulham,eng,24 NOV 2022,20 : 00,Group G,BRAZIL,3,3,262,2,0,10,3,1,0,1.0,0,0,1.0,3,0,54.0,69.0,1.0,1
Aleksandar Mitrović,SERBIA,FW,27,Fulham,eng,28 NOV 2022,11 : 00,Group G,CAMEROON,3,3,262,2,0,10,3,1,0,1.0,0,0,1.0,3,0,54.0,69.0,1.0,1
Dušan Tadić,SERBIA,"MF,FW",33,Ajax,nl,02 DEC 2022,20 : 00,Group G,SWITZERLAND,3,3,257,0,2,1,0,0,0,4.0,2,1,4.0,7,0,90.0,127.0,3.0,1
Dušan Tadić,SERBIA,"MF,FW",33,Ajax,nl,24 NOV 2022,20 : 00,Group G,BRAZIL,3,3,257,0,2,1,0,0,0,4.0,2,1,4.0,7,0,90.0,127.0,3.0,1
Dušan Tadić,SERBIA,"MF,FW",33,Ajax,nl,28 NOV 2022,11 : 00,Group G,CAMEROON,3,3,257,0,2,1,0,0,0,4.0,2,1,4.0,7,0,90.0,127.0,3.0,1
Saša Lukić,SERBIA,MF,25,Torino,it,02 DEC 2022,20 : 00,Group G,SWITZERLAND,3,3,245,0,0,1,0,2,0,2.0,0,1,2.0,7,0,143.0,162.0,0.0,0
Saša Lukić,SERBIA,MF,25,Torino,it,24 NOV 2022,20 : 00,Group G,BRAZIL,3,3,245,0,0,1,0,2,0,2.0,0,1,2.0,7,0,143.0,162.0,0.0,0
Saša Lukić,SERBIA,MF,25,Torino,it,28 NOV 2022,11 : 00,Group G,CAMEROON,3,3,245,0,0,1,0,2,0,2.0,0,1,2.0,7,0,143.0,162.0,0.0,0
Strahinja Pavlović,SERBIA,DF,21,RB Salzburg,at,02 DEC 2022,20 : 00,Group G,SWITZERLAND,3,3,235,1,0,2,1,2,0,7.0,2,1,6.0,6,0,121.0,156.0,2.0,0
Strahinja Pavlović,SERBIA,DF,21,RB Salzburg,at,24 NOV 2022,20 : 00,Group G,BRAZIL,3,3,235,1,0,2,1,2,0,7.0,2,1,6.0,6,0,121.0,156.0,2.0,0
Strahinja Pavlović,SERBIA,DF,21,RB Salzburg,at,28 NOV 2022,11 : 00,Group G,CAMEROON,3,3,235,1,0,2,1,2,0,7.0,2,1,6.0,6,0,121.0,156.0,2.0,0
Sergej Milinković-Savić,SERBIA,MF,27,Lazio,it,02 DEC 2022,20 : 00,Group G,SWITZERLAND,3,3,233,1,0,3,1,1,0,5.0,1,2,5.0,2,0,87.0,120.0,3.0,0
Sergej Milinković-Savić,SERBIA,MF,27,Lazio,it,24 NOV 2022,20 : 00,Group G,BRAZIL,3,3,233,1,0,3,1,1,0,5.0,1,2,5.0,2,0,87.0,120.0,3.0,0
Sergej Milinković-Savić,SERBIA,MF,27,Lazio,it,28 NOV 2022,11 : 00,Group G,CAMEROON,3,3,233,1,0,3,1,1,0,5.0,1,2,5.0,2,0,87.0,120.0,3.0,0
Miloš Veljković,SERBIA,DF,26,Werder Bremen,de,02 DEC 2022,20 : 00,Group G,SWITZERLAND,3,3,221,0,0,0,0,0,0,4.0,1,0,2.0,1,0,98.0,112.0,0.0,0
Miloš Veljković,SERBIA,DF,26,Werder Bremen,de,24 NOV 2022,20 : 00,Group G,BRAZIL,3,3,221,0,0,0,0,0,0,4.0,1,0,2.0,1,0,98.0,112.0,0.0,0
Miloš Veljković,SERBIA,DF,26,Werder Bremen,de,28 NOV 2022,11 : 00,Group G,CAMEROON,3,3,221,0,0,0,0,0,0,4.0,1,0,2.0,1,0,98.0,112.0,0.0,0
Andrija Živković,SERBIA,DF,25,PAOK,gr,02 DEC 2022,20 : 00,Group G,SWITZERLAND,3,3,210,0,2,1,0,0,0,5.0,3,3,5.0,2,0,71.0,96.0,0.0,0
Andrija Živković,SERBIA,DF,25,PAOK,gr,24 NOV 2022,20 : 00,Group G,BRAZIL,3,3,210,0,2,1,0,0,0,5.0,3,3,5.0,2,0,71.0,96.0,0.0,0
Andrija Živković,SERBIA,DF,25,PAOK,gr,28 NOV 2022,11 : 00,Group G,CAMEROON,3,3,210,0,2,1,0,0,0,5.0,3,3,5.0,2,0,71.0,96.0,0.0,0
Filip Kostić,SERBIA,DF,29,Juventus,it,02 DEC 2022,20 : 00,Group G,SWITZERLAND,2,2,179,0,0,1,0,0,0,6.0,3,0,3.0,3,0,72.0,113.0,0.0,2
Filip Kostić,SERBIA,DF,29,Juventus,it,24 NOV 2022,20 : 00,Group G,BRAZIL,2,2,179,0,0,1,0,0,0,6.0,3,0,3.0,3,0,72.0,113.0,0.0,2
Filip Kostić,SERBIA,DF,29,Juventus,it,28 NOV 2022,11 : 00,Group G,CAMEROON,2,2,179,0,0,1,0,0,0,6.0,3,0,3.0,3,0,72.0,113.0,0.0,2
Nemanja Maksimović,SERBIA,MF,27,Getafe,es,02 DEC 2022,20 : 00,Group G,SWITZERLAND,3,1,122,0,0,0,0,0,0,4.0,2,3,3.0,0,0,50.0,57.0,0.0,0
Nemanja Maksimović,SERBIA,MF,27,Getafe,es,24 NOV 2022,20 : 00,Group G,BRAZIL,3,1,122,0,0,0,0,0,0,4.0,2,3,3.0,0,0,50.0,57.0,0.0,0
Nemanja Maksimović,SERBIA,MF,27,Getafe,es,28 NOV 2022,11 : 00,Group G,CAMEROON,3,1,122,0,0,0,0,0,0,4.0,2,3,3.0,0,0,50.0,57.0,0.0,0
Nemanja Gudelj,SERBIA,"MF,DF",30,Sevilla,es,02 DEC 2022,20 : 00,Group G,SWITZERLAND,2,1,92,0,0,0,0,2,0,2.0,2,2,2.0,3,0,44.0,52.0,0.0,0
Nemanja Gudelj,SERBIA,"MF,DF",30,Sevilla,es,24 NOV 2022,20 : 00,Group G,BRAZIL,2,1,92,0,0,0,0,2,0,2.0,2,2,2.0,3,0,44.0,52.0,0.0,0
Nemanja Gudelj,SERBIA,"MF,DF",30,Sevilla,es,28 NOV 2022,11 : 00,Group G,CAMEROON,2,1,92,0,0,0,0,2,0,2.0,2,2,2.0,3,0,44.0,52.0,0.0,0
Dušan Vlahović,SERBIA,FW,22,Juventus,it,02 DEC 2022,20 : 00,Group G,SWITZERLAND,2,1,79,1,0,3,3,0,0,1.0,0,0,0.0,0,0,6.0,11.0,0.0,0
Dušan Vlahović,SERBIA,FW,22,Juventus,it,24 NOV 2022,20 : 00,Group G,BRAZIL,2,1,79,1,0,3,3,0,0,1.0,0,0,0.0,0,0,6.0,11.0,0.0,0
Dušan Vlahović,SERBIA,FW,22,Juventus,it,28 NOV 2022,11 : 00,Group G,CAMEROON,2,1,79,1,0,3,3,0,0,1.0,0,0,0.0,0,0,6.0,11.0,0.0,0
Filip Mladenović,SERBIA,DF,30,Legia Warsaw,pl,02 DEC 2022,20 : 00,Group G,SWITZERLAND,1,1,65,0,0,1,0,0,0,0.0,0,0,1.0,0,0,20.0,25.0,0.0,0
Filip Mladenović,SERBIA,DF,30,Legia Warsaw,pl,24 NOV 2022,20 : 00,Group G,BRAZIL,1,1,65,0,0,1,0,0,0,0.0,0,0,1.0,0,0,20.0,25.0,0.0,0
Filip Mladenović,SERBIA,DF,30,Legia Warsaw,pl,28 NOV 2022,11 : 00,Group G,CAMEROON,1,1,65,0,0,1,0,0,0,0.0,0,0,1.0,0,0,20.0,25.0,0.0,0
Nemanja Radonjić,SERBIA,"DF,FW",26,Torino,it,02 DEC 2022,20 : 00,Group G,SWITZERLAND,3,0,60,0,0,2,0,0,0,0.0,0,0,0.0,0,0,15.0,24.0,0.0,0
Nemanja Radonjić,SERBIA,"DF,FW",26,Torino,it,24 NOV 2022,20 : 00,Group G,BRAZIL,3,0,60,0,0,2,0,0,0,0.0,0,0,0.0,0,0,15.0,24.0,0.0,0
Nemanja Radonjić,SERBIA,"DF,FW",26,Torino,it,28 NOV 2022,11 : 00,Group G,CAMEROON,3,0,60,0,0,2,0,0,0,0.0,0,0,0.0,0,0,15.0,24.0,0.0,0
Luka Jović,SERBIA,FW,24,Fiorentina,it,02 DEC 2022,20 : 00,Group G,SWITZERLAND,1,0,36,0,0,2,0,1,0,0.0,0,1,1.0,1,0,6.0,10.0,0.0,0
Luka Jović,SERBIA,FW,24,Fiorentina,it,24 NOV 2022,20 : 00,Group G,BRAZIL,1,0,36,0,0,2,0,1,0,0.0,0,1,1.0,1,0,6.0,10.0,0.0,0
Luka Jović,SERBIA,FW,24,Fiorentina,it,28 NOV 2022,11 : 00,Group G,CAMEROON,1,0,36,0,0,2,0,1,0,0.0,0,1,1.0,1,0,6.0,10.0,0.0,0
Stefan Mitrović,SERBIA,DF,32,Getafe,es,02 DEC 2022,20 : 00,Group G,SWITZERLAND,1,0,35,0,0,0,0,0,0,0.0,0,0,0.0,0,0,18.0,21.0,0.0,0
Stefan Mitrović,SERBIA,DF,32,Getafe,es,24 NOV 2022,20 : 00,Group G,BRAZIL,1,0,35,0,0,0,0,0,0,0.0,0,0,0.0,0,0,18.0,21.0,0.0,0
Stefan Mitrović,SERBIA,DF,32,Getafe,es,28 NOV 2022,11 : 00,Group G,CAMEROON,1,0,35,0,0,0,0,0,0,0.0,0,0,0.0,0,0,18.0,21.0,0.0,0
Ivan Ilić,SERBIA,MF,21,Hellas Verona,it,02 DEC 2022,20 : 00,Group G,SWITZERLAND,1,0,34,0,0,0,0,0,0,0.0,0,1,0.0,0,0,19.0,20.0,0.0,0
Ivan Ilić,SERBIA,MF,21,Hellas Verona,it,24 NOV 2022,20 : 00,Group G,BRAZIL,1,0,34,0,0,0,0,0,0,0.0,0,1,0.0,0,0,19.0,20.0,0.0,0
Ivan Ilić,SERBIA,MF,21,Hellas Verona,it,28 NOV 2022,11 : 00,Group G,CAMEROON,1,0,34,0,0,0,0,0,0,0.0,0,1,0.0,0,0,19.0,20.0,0.0,0
Darko Lazović,SERBIA,DF,31,Hellas Verona,it,02 DEC 2022,20 : 00,Group G,SWITZERLAND,1,0,25,0,0,1,0,0,0,0.0,0,0,0.0,0,0,7.0,12.0,0.0,0
Darko Lazović,SERBIA,DF,31,Hellas Verona,it,24 NOV 2022,20 : 00,Group G,BRAZIL,1,0,25,0,0,1,0,0,0,0.0,0,0,0.0,0,0,7.0,12.0,0.0,0
Darko Lazović,SERBIA,DF,31,Hellas Verona,it,28 NOV 2022,11 : 00,Group G,CAMEROON,1,0,25,0,0,1,0,0,0,0.0,0,0,0.0,0,0,7.0,12.0,0.0,0
Filip Đuričić,SERBIA,"MF,FW",30,Sampdoria,it,02 DEC 2022,20 : 00,Group G,SWITZERLAND,2,0,14,0,0,0,0,0,0,0.0,0,0,0.0,0,0,5.0,6.0,0.0,0
Filip Đuričić,SERBIA,"MF,FW",30,Sampdoria,it,24 NOV 2022,20 : 00,Group G,BRAZIL,2,0,14,0,0,0,0,0,0,0.0,0,0,0.0,0,0,5.0,6.0,0.0,0
Filip Đuričić,SERBIA,"MF,FW",30,Sampdoria,it,28 NOV 2022,11 : 00,Group G,CAMEROON,2,0,14,0,0,0,0,0,0,0.0,0,0,0.0,0,0,5.0,6.0,0.0,0
Srđan Babić,SERBIA,DF,26,Almería,es,02 DEC 2022,20 : 00,Group G,SWITZERLAND,1,0,13,0,0,0,0,0,0,1.0,0,0,0.0,0,0,10.0,16.0,0.0,0
Srđan Babić,SERBIA,DF,26,Almería,es,24 NOV 2022,20 : 00,Group G,BRAZIL,1,0,13,0,0,0,0,0,0,1.0,0,0,0.0,0,0,10.0,16.0,0.0,0
Srđan Babić,SERBIA,DF,26,Almería,es,28 NOV 2022,11 : 00,Group G,CAMEROON,1,0,13,0,0,0,0,0,0,1.0,0,0,0.0,0,0,10.0,16.0,0.0,0
Marko Grujić,SERBIA,MF,26,Porto,pt,02 DEC 2022,20 : 00,Group G,SWITZERLAND,1,0,13,0,0,1,1,0,0,1.0,1,0,0.0,0,0,14.0,17.0,0.0,0
Marko Grujić,SERBIA,MF,26,Porto,pt,24 NOV 2022,20 : 00,Group G,BRAZIL,1,0,13,0,0,1,1,0,0,1.0,1,0,0.0,0,0,14.0,17.0,0.0,0
Marko Grujić,SERBIA,MF,26,Porto,pt,28 NOV 2022,11 : 00,Group G,CAMEROON,1,0,13,0,0,1,1,0,0,1.0,1,0,0.0,0,0,14.0,17.0,0.0,0
Chris Mepham,WALES,DF,24,Bournemouth,eng,25 NOV 2022,11 : 00,Group B,IRAN,3,3,270,0,0,0,0,1,0,8.0,6,1,3.0,7,0,141.0,172.0,0.0,1
Chris Mepham,WALES,DF,24,Bournemouth,eng,29 NOV 2022,20 : 00,Group B,ENGLAND,3,3,270,0,0,0,0,1,0,8.0,6,1,3.0,7,0,141.0,172.0,0.0,1
Chris Mepham,WALES,DF,24,Bournemouth,eng,21 NOV 2022,20 : 00,Group B,UNITED STATES,3,3,270,0,0,0,0,1,0,8.0,6,1,3.0,7,0,141.0,172.0,0.0,1
Joe Rodon,WALES,DF,24,Rennes,fr,25 NOV 2022,11 : 00,Group B,IRAN,3,3,270,0,0,0,0,1,0,2.0,2,4,2.0,3,0,152.0,169.0,0.0,0
Joe Rodon,WALES,DF,24,Rennes,fr,29 NOV 2022,20 : 00,Group B,ENGLAND,3,3,270,0,0,0,0,1,0,2.0,2,4,2.0,3,0,152.0,169.0,0.0,0
Joe Rodon,WALES,DF,24,Rennes,fr,21 NOV 2022,20 : 00,Group B,UNITED STATES,3,3,270,0,0,0,0,1,0,2.0,2,4,2.0,3,0,152.0,169.0,0.0,0
Aaron Ramsey,WALES,MF,31,Nice,fr,25 NOV 2022,11 : 00,Group B,IRAN,3,3,266,0,0,1,0,1,0,2.0,0,0,4.0,3,0,88.0,112.0,2.0,0
Aaron Ramsey,WALES,MF,31,Nice,fr,29 NOV 2022,20 : 00,Group B,ENGLAND,3,3,266,0,0,1,0,1,0,2.0,0,0,4.0,3,0,88.0,112.0,2.0,0
Aaron Ramsey,WALES,MF,31,Nice,fr,21 NOV 2022,20 : 00,Group B,UNITED STATES,3,3,266,0,0,1,0,1,0,2.0,0,0,4.0,3,0,88.0,112.0,2.0,0
Ethan Ampadu,WALES,"MF,DF",21,Spezia,it,25 NOV 2022,11 : 00,Group B,IRAN,3,3,255,0,0,1,0,0,0,4.0,3,4,9.0,5,0,108.0,144.0,2.0,0
Ethan Ampadu,WALES,"MF,DF",21,Spezia,it,29 NOV 2022,20 : 00,Group B,ENGLAND,3,3,255,0,0,1,0,0,0,4.0,3,4,9.0,5,0,108.0,144.0,2.0,0
Ethan Ampadu,WALES,"MF,DF",21,Spezia,it,21 NOV 2022,20 : 00,Group B,UNITED STATES,3,3,255,0,0,1,0,0,0,4.0,3,4,9.0,5,0,108.0,144.0,2.0,0
Ben Davies,WALES,DF,29,Tottenham,eng,25 NOV 2022,11 : 00,Group B,IRAN,3,3,238,0,0,3,2,0,0,4.0,2,1,4.0,1,0,122.0,161.0,2.0,0
Ben Davies,WALES,DF,29,Tottenham,eng,29 NOV 2022,20 : 00,Group B,ENGLAND,3,3,238,0,0,3,2,0,0,4.0,2,1,4.0,1,0,122.0,161.0,2.0,0
Ben Davies,WALES,DF,29,Tottenham,eng,21 NOV 2022,20 : 00,Group B,UNITED STATES,3,3,238,0,0,3,2,0,0,4.0,2,1,4.0,1,0,122.0,161.0,2.0,0
Gareth Bale,WALES,FW,32,Los Angeles FC,us,25 NOV 2022,11 : 00,Group B,IRAN,3,3,225,1,0,1,1,1,0,1.0,1,1,1.0,2,0,33.0,53.0,1.0,2
Gareth Bale,WALES,FW,32,Los Angeles FC,us,29 NOV 2022,20 : 00,Group B,ENGLAND,3,3,225,1,0,1,1,1,0,1.0,1,1,1.0,2,0,33.0,53.0,1.0,2
Gareth Bale,WALES,FW,32,Los Angeles FC,us,21 NOV 2022,20 : 00,Group B,UNITED STATES,3,3,225,1,0,1,1,1,0,1.0,1,1,1.0,2,0,33.0,53.0,1.0,2
Neco Williams,WALES,DF,21,Nott'ham Forest,eng,25 NOV 2022,11 : 00,Group B,IRAN,3,3,204,0,0,3,0,0,0,5.0,3,4,5.0,3,0,69.0,101.0,1.0,0
Neco Williams,WALES,DF,21,Nott'ham Forest,eng,29 NOV 2022,20 : 00,Group B,ENGLAND,3,3,204,0,0,3,0,0,0,5.0,3,4,5.0,3,0,69.0,101.0,1.0,0
Neco Williams,WALES,DF,21,Nott'ham Forest,eng,21 NOV 2022,20 : 00,Group B,UNITED STATES,3,3,204,0,0,3,0,0,0,5.0,3,4,5.0,3,0,69.0,101.0,1.0,0
Kieffer Moore,WALES,FW,29,Bournemouth,eng,25 NOV 2022,11 : 00,Group B,IRAN,3,2,225,0,0,6,2,0,0,1.0,0,2,3.0,5,0,36.0,56.0,0.0,1
Kieffer Moore,WALES,FW,29,Bournemouth,eng,29 NOV 2022,20 : 00,Group B,ENGLAND,3,2,225,0,0,6,2,0,0,1.0,0,2,3.0,5,0,36.0,56.0,0.0,1
Kieffer Moore,WALES,FW,29,Bournemouth,eng,21 NOV 2022,20 : 00,Group B,UNITED STATES,3,2,225,0,0,6,2,0,0,1.0,0,2,3.0,5,0,36.0,56.0,0.0,1
Connor Roberts,WALES,DF,26,Burnley,eng,25 NOV 2022,11 : 00,Group B,IRAN,3,2,200,0,0,0,0,0,0,3.0,3,1,2.0,0,0,92.0,118.0,0.0,0
Connor Roberts,WALES,DF,26,Burnley,eng,29 NOV 2022,20 : 00,Group B,ENGLAND,3,2,200,0,0,0,0,0,0,3.0,3,1,2.0,0,0,92.0,118.0,0.0,0
Connor Roberts,WALES,DF,26,Burnley,eng,21 NOV 2022,20 : 00,Group B,UNITED STATES,3,2,200,0,0,0,0,0,0,3.0,3,1,2.0,0,0,92.0,118.0,0.0,0
Wayne Hennessey,WALES,GK,35,Nott'ham Forest,eng,25 NOV 2022,11 : 00,Group B,IRAN,2,2,175,0,0,0,0,0,1,0.0,0,0,0.0,1,0,50.0,66.0,0.0,0
Wayne Hennessey,WALES,GK,35,Nott'ham Forest,eng,29 NOV 2022,20 : 00,Group B,ENGLAND,2,2,175,0,0,0,0,0,1,0.0,0,0,0.0,1,0,50.0,66.0,0.0,0
Wayne Hennessey,WALES,GK,35,Nott'ham Forest,eng,21 NOV 2022,20 : 00,Group B,UNITED STATES,2,2,175,0,0,0,0,0,1,0.0,0,0,0.0,1,0,50.0,66.0,0.0,0
Harry Wilson,WALES,"MF,FW",25,Fulham,eng,25 NOV 2022,11 : 00,Group B,IRAN,3,2,160,0,0,2,0,0,0,4.0,2,1,1.0,1,0,48.0,64.0,0.0,0
Harry Wilson,WALES,"MF,FW",25,Fulham,eng,29 NOV 2022,20 : 00,Group B,ENGLAND,3,2,160,0,0,2,0,0,0,4.0,2,1,1.0,1,0,48.0,64.0,0.0,0
Harry Wilson,WALES,"MF,FW",25,Fulham,eng,21 NOV 2022,20 : 00,Group B,UNITED STATES,3,2,160,0,0,2,0,0,0,4.0,2,1,1.0,1,0,48.0,64.0,0.0,0
Daniel James,WALES,"FW,MF",24,Fulham,eng,25 NOV 2022,11 : 00,Group B,IRAN,3,2,154,0,0,0,0,1,0,1.0,1,0,2.0,1,0,24.0,36.0,1.0,0
Daniel James,WALES,"FW,MF",24,Fulham,eng,29 NOV 2022,20 : 00,Group B,ENGLAND,3,2,154,0,0,0,0,1,0,1.0,1,0,2.0,1,0,24.0,36.0,1.0,0
Daniel James,WALES,"FW,MF",24,Fulham,eng,21 NOV 2022,20 : 00,Group B,UNITED STATES,3,2,154,0,0,0,0,1,0,1.0,1,0,2.0,1,0,24.0,36.0,1.0,0
Joe Allen,WALES,MF,32,Swansea City,eng,25 NOV 2022,11 : 00,Group B,IRAN,2,1,94,0,0,2,0,0,0,1.0,1,1,1.0,0,0,30.0,36.0,0.0,0
Joe Allen,WALES,MF,32,Swansea City,eng,29 NOV 2022,20 : 00,Group B,ENGLAND,2,1,94,0,0,2,0,0,0,1.0,1,1,1.0,0,0,30.0,36.0,0.0,0
Joe Allen,WALES,MF,32,Swansea City,eng,21 NOV 2022,20 : 00,Group B,UNITED STATES,2,1,94,0,0,2,0,0,0,1.0,1,1,1.0,0,0,30.0,36.0,0.0,0
Danny Ward,WALES,GK,28,Leicester City,eng,25 NOV 2022,11 : 00,Group B,IRAN,2,1,94,0,0,0,0,0,0,0.0,0,0,0.0,0,0,24.0,39.0,0.0,0
Danny Ward,WALES,GK,28,Leicester City,eng,29 NOV 2022,20 : 00,Group B,ENGLAND,2,1,94,0,0,0,0,0,0,0.0,0,0,0.0,0,0,24.0,39.0,0.0,0
Danny Ward,WALES,GK,28,Leicester City,eng,21 NOV 2022,20 : 00,Group B,UNITED STATES,2,1,94,0,0,0,0,0,0,0.0,0,0,0.0,0,0,24.0,39.0,0.0,0
Brennan Johnson,WALES,"FW,MF",21,Nott'ham Forest,eng,25 NOV 2022,11 : 00,Group B,IRAN,3,0,91,0,0,3,1,0,0,0.0,0,0,1.0,2,0,10.0,17.0,0.0,0
Brennan Johnson,WALES,"FW,MF",21,Nott'ham Forest,eng,29 NOV 2022,20 : 00,Group B,ENGLAND,3,0,91,0,0,3,1,0,0,0.0,0,0,1.0,2,0,10.0,17.0,0.0,0
Brennan Johnson,WALES,"FW,MF",21,Nott'ham Forest,eng,21 NOV 2022,20 : 00,Group B,UNITED STATES,3,0,91,0,0,3,1,0,0,0.0,0,0,1.0,2,0,10.0,17.0,0.0,0
Joe Morrell,WALES,MF,25,Portsmouth,eng,25 NOV 2022,11 : 00,Group B,IRAN,2,0,33,0,0,0,0,0,0,3.0,2,1,2.0,1,0,12.0,14.0,0.0,0
Joe Morrell,WALES,MF,25,Portsmouth,eng,29 NOV 2022,20 : 00,Group B,ENGLAND,2,0,33,0,0,0,0,0,0,3.0,2,1,2.0,1,0,12.0,14.0,0.0,0
Joe Morrell,WALES,MF,25,Portsmouth,eng,21 NOV 2022,20 : 00,Group B,UNITED STATES,2,0,33,0,0,0,0,0,0,3.0,2,1,2.0,1,0,12.0,14.0,0.0,0
Rubin Colwill,WALES,MF,20,Cardiff City,eng,25 NOV 2022,11 : 00,Group B,IRAN,1,0,10,0,0,1,0,0,0,0.0,0,0,1.0,0,0,2.0,4.0,0.0,0
Rubin Colwill,WALES,MF,20,Cardiff City,eng,29 NOV 2022,20 : 00,Group B,ENGLAND,1,0,10,0,0,1,0,0,0,0.0,0,0,1.0,0,0,2.0,4.0,0.0,0
Rubin Colwill,WALES,MF,20,Cardiff City,eng,21 NOV 2022,20 : 00,Group B,UNITED STATES,1,0,10,0,0,1,0,0,0,0.0,0,0,1.0,0,0,2.0,4.0,0.0,0
Sorba Thomas,WALES,MF,22,Huddersfield,eng,25 NOV 2022,11 : 00,Group B,IRAN,1,0,1,0,0,0,0,0,0,1.0,1,0,0.0,0,0,3.0,4.0,0.0,0
Sorba Thomas,WALES,MF,22,Huddersfield,eng,29 NOV 2022,20 : 00,Group B,ENGLAND,1,0,1,0,0,0,0,0,0,1.0,1,0,0.0,0,0,3.0,4.0,0.0,0
Sorba Thomas,WALES,MF,22,Huddersfield,eng,21 NOV 2022,20 : 00,Group B,UNITED STATES,1,0,1,0,0,0,0,0,0,1.0,1,0,0.0,0,0,3.0,4.0,0.0,0
Milan Borjan,CANADA,GK,34,Red Star,rs,01 DEC 2022,16 : 00,Group F,MOROCCO,3,3,270,0,0,0,0,0,0,0.0,0,0,0.0,0,0,76.0,98.0,0.0,0
Milan Borjan,CANADA,GK,34,Red Star,rs,23 NOV 2022,20 : 00,Group F,BELGIUM,3,3,270,0,0,0,0,0,0,0.0,0,0,0.0,0,0,76.0,98.0,0.0,0
Milan Borjan,CANADA,GK,34,Red Star,rs,27 NOV 2022,17 : 00,Group F,CROATIA,3,3,270,0,0,0,0,0,0,0.0,0,0,0.0,0,0,76.0,98.0,0.0,0
Alphonso Davies,CANADA,"MF,DF",21,Bayern Munich,de,01 DEC 2022,16 : 00,Group F,MOROCCO,3,3,270,1,0,3,1,1,0,2.0,1,3,5.0,4,0,82.0,114.0,11.0,1
Alphonso Davies,CANADA,"MF,DF",21,Bayern Munich,de,23 NOV 2022,20 : 00,Group F,BELGIUM,3,3,270,1,0,3,1,1,0,2.0,1,3,5.0,4,0,82.0,114.0,11.0,1
Alphonso Davies,CANADA,"MF,DF",21,Bayern Munich,de,27 NOV 2022,17 : 00,Group F,CROATIA,3,3,270,1,0,3,1,1,0,2.0,1,3,5.0,4,0,82.0,114.0,11.0,1
Alistair Johnston,CANADA,DF,23,CF Montréal,us,01 DEC 2022,16 : 00,Group F,MOROCCO,3,3,270,0,0,2,1,1,0,5.0,3,2,6.0,5,0,147.0,186.0,1.0,0
Alistair Johnston,CANADA,DF,23,CF Montréal,us,23 NOV 2022,20 : 00,Group F,BELGIUM,3,3,270,0,0,2,1,1,0,5.0,3,2,6.0,5,0,147.0,186.0,1.0,0
Alistair Johnston,CANADA,DF,23,CF Montréal,us,27 NOV 2022,17 : 00,Group F,CROATIA,3,3,270,0,0,2,1,1,0,5.0,3,2,6.0,5,0,147.0,186.0,1.0,0
Kamal Miller,CANADA,DF,25,CF Montréal,us,01 DEC 2022,16 : 00,Group F,MOROCCO,3,3,270,0,0,0,0,1,0,6.0,4,4,1.0,0,0,186.0,205.0,1.0,0
Kamal Miller,CANADA,DF,25,CF Montréal,us,23 NOV 2022,20 : 00,Group F,BELGIUM,3,3,270,0,0,0,0,1,0,6.0,4,4,1.0,0,0,186.0,205.0,1.0,0
Kamal Miller,CANADA,DF,25,CF Montréal,us,27 NOV 2022,17 : 00,Group F,CROATIA,3,3,270,0,0,0,0,1,0,6.0,4,4,1.0,0,0,186.0,205.0,1.0,0
Steven Vitória,CANADA,DF,35,Chaves,pt,01 DEC 2022,16 : 00,Group F,MOROCCO,3,3,270,0,0,0,0,1,0,3.0,3,0,4.0,6,0,160.0,186.0,0.0,0
Steven Vitória,CANADA,DF,35,Chaves,pt,23 NOV 2022,20 : 00,Group F,BELGIUM,3,3,270,0,0,0,0,1,0,3.0,3,0,4.0,6,0,160.0,186.0,0.0,0
Steven Vitória,CANADA,DF,35,Chaves,pt,27 NOV 2022,17 : 00,Group F,CROATIA,3,3,270,0,0,0,0,1,0,3.0,3,0,4.0,6,0,160.0,186.0,0.0,0
Tajon Buchanan,CANADA,"MF,DF",23,Club Brugge,be,01 DEC 2022,16 : 00,Group F,MOROCCO,3,3,260,0,1,5,0,1,0,1.0,1,3,3.0,6,0,61.0,89.0,7.0,2
Tajon Buchanan,CANADA,"MF,DF",23,Club Brugge,be,23 NOV 2022,20 : 00,Group F,BELGIUM,3,3,260,0,1,5,0,1,0,1.0,1,3,3.0,6,0,61.0,89.0,7.0,2
Tajon Buchanan,CANADA,"MF,DF",23,Club Brugge,be,27 NOV 2022,17 : 00,Group F,CROATIA,3,3,260,0,1,5,0,1,0,1.0,1,3,3.0,6,0,61.0,89.0,7.0,2
Jonathan David,CANADA,"FW,MF",22,Lille,fr,01 DEC 2022,16 : 00,Group F,MOROCCO,3,2,192,0,0,8,1,0,0,1.0,1,0,0.0,0,0,41.0,60.0,0.0,0
Jonathan David,CANADA,"FW,MF",22,Lille,fr,23 NOV 2022,20 : 00,Group F,BELGIUM,3,2,192,0,0,8,1,0,0,1.0,1,0,0.0,0,0,41.0,60.0,0.0,0
Jonathan David,CANADA,"FW,MF",22,Lille,fr,27 NOV 2022,17 : 00,Group F,CROATIA,3,2,192,0,0,8,1,0,0,1.0,1,0,0.0,0,0,41.0,60.0,0.0,0
Junior Hoilett,CANADA,"FW,MF",32,Reading,eng,01 DEC 2022,16 : 00,Group F,MOROCCO,3,2,161,0,0,4,0,1,0,8.0,4,1,0.0,1,0,43.0,59.0,2.0,1
Junior Hoilett,CANADA,"FW,MF",32,Reading,eng,23 NOV 2022,20 : 00,Group F,BELGIUM,3,2,161,0,0,4,0,1,0,8.0,4,1,0.0,1,0,43.0,59.0,2.0,1
Junior Hoilett,CANADA,"FW,MF",32,Reading,eng,27 NOV 2022,17 : 00,Group F,CROATIA,3,2,161,0,0,4,0,1,0,8.0,4,1,0.0,1,0,43.0,59.0,2.0,1
Richie Laryea,CANADA,"DF,MF",27,Toronto FC,us,01 DEC 2022,16 : 00,Group F,MOROCCO,3,2,160,0,0,2,0,0,0,3.0,1,0,2.0,1,0,35.0,47.0,2.0,2
Richie Laryea,CANADA,"DF,MF",27,Toronto FC,us,23 NOV 2022,20 : 00,Group F,BELGIUM,3,2,160,0,0,2,0,0,0,3.0,1,0,2.0,1,0,35.0,47.0,2.0,2
Richie Laryea,CANADA,"DF,MF",27,Toronto FC,us,27 NOV 2022,17 : 00,Group F,CROATIA,3,2,160,0,0,2,0,0,0,3.0,1,0,2.0,1,0,35.0,47.0,2.0,2
Atiba Hutchinson,CANADA,MF,39,Beşiktaş,tr,01 DEC 2022,16 : 00,Group F,MOROCCO,3,2,159,0,0,2,0,0,0,4.0,1,1,3.0,2,0,100.0,112.0,1.0,0
Atiba Hutchinson,CANADA,MF,39,Beşiktaş,tr,23 NOV 2022,20 : 00,Group F,BELGIUM,3,2,159,0,0,2,0,0,0,4.0,1,1,3.0,2,0,100.0,112.0,1.0,0
Atiba Hutchinson,CANADA,MF,39,Beşiktaş,tr,27 NOV 2022,17 : 00,Group F,CROATIA,3,2,159,0,0,2,0,0,0,4.0,1,1,3.0,2,0,100.0,112.0,1.0,0
Cyle Larin,CANADA,FW,27,Club Brugge,be,01 DEC 2022,16 : 00,Group F,MOROCCO,3,2,137,0,0,3,1,0,0,0.0,0,0,0.0,2,0,21.0,29.0,1.0,2
Cyle Larin,CANADA,FW,27,Club Brugge,be,23 NOV 2022,20 : 00,Group F,BELGIUM,3,2,137,0,0,3,1,0,0,0.0,0,0,0.0,2,0,21.0,29.0,1.0,2
Cyle Larin,CANADA,FW,27,Club Brugge,be,27 NOV 2022,17 : 00,Group F,CROATIA,3,2,137,0,0,3,1,0,0,0.0,0,0,0.0,2,0,21.0,29.0,1.0,2
Stephen Eustáquio,CANADA,MF,25,Porto,pt,01 DEC 2022,16 : 00,Group F,MOROCCO,2,2,125,0,0,3,0,0,0,4.0,2,2,0.0,1,0,83.0,93.0,1.0,0
Stephen Eustáquio,CANADA,MF,25,Porto,pt,23 NOV 2022,20 : 00,Group F,BELGIUM,2,2,125,0,0,3,0,0,0,4.0,2,2,0.0,1,0,83.0,93.0,1.0,0
Stephen Eustáquio,CANADA,MF,25,Porto,pt,27 NOV 2022,17 : 00,Group F,CROATIA,2,2,125,0,0,3,0,0,0,4.0,2,2,0.0,1,0,83.0,93.0,1.0,0
Jonathan Osorio,CANADA,"MF,FW",30,Toronto FC,us,01 DEC 2022,16 : 00,Group F,MOROCCO,3,1,119,0,0,1,0,1,0,2.0,1,1,0.0,1,0,52.0,57.0,1.0,0
Jonathan Osorio,CANADA,"MF,FW",30,Toronto FC,us,23 NOV 2022,20 : 00,Group F,BELGIUM,3,1,119,0,0,1,0,1,0,2.0,1,1,0.0,1,0,52.0,57.0,1.0,0
Jonathan Osorio,CANADA,"MF,FW",30,Toronto FC,us,27 NOV 2022,17 : 00,Group F,CROATIA,3,1,119,0,0,1,0,1,0,2.0,1,1,0.0,1,0,52.0,57.0,1.0,0
Sam Adekugbe,CANADA,DF,27,Hatayspor,tr,01 DEC 2022,16 : 00,Group F,MOROCCO,3,1,95,0,0,0,0,1,0,0.0,0,1,1.0,1,0,63.0,71.0,1.0,0
Sam Adekugbe,CANADA,DF,27,Hatayspor,tr,23 NOV 2022,20 : 00,Group F,BELGIUM,3,1,95,0,0,0,0,1,0,0.0,0,1,1.0,1,0,63.0,71.0,1.0,0
Sam Adekugbe,CANADA,DF,27,Hatayspor,tr,27 NOV 2022,17 : 00,Group F,CROATIA,3,1,95,0,0,0,0,1,0,0.0,0,1,1.0,1,0,63.0,71.0,1.0,0
Mark-Anthony Kaye,CANADA,MF,27,Toronto FC,us,01 DEC 2022,16 : 00,Group F,MOROCCO,1,1,59,0,0,1,0,0,0,2.0,1,0,0.0,1,0,51.0,61.0,0.0,0
Mark-Anthony Kaye,CANADA,MF,27,Toronto FC,us,23 NOV 2022,20 : 00,Group F,BELGIUM,1,1,59,0,0,1,0,0,0,2.0,1,0,0.0,1,0,51.0,61.0,0.0,0
Mark-Anthony Kaye,CANADA,MF,27,Toronto FC,us,27 NOV 2022,17 : 00,Group F,CROATIA,1,1,59,0,0,1,0,0,0,2.0,1,0,0.0,1,0,51.0,61.0,0.0,0
Ismaël Koné,CANADA,"MF,DF",20,CF Montréal,us,01 DEC 2022,16 : 00,Group F,MOROCCO,3,0,109,0,0,0,0,0,0,0.0,0,0,0.0,0,0,96.0,101.0,1.0,0
Ismaël Koné,CANADA,"MF,DF",20,CF Montréal,us,23 NOV 2022,20 : 00,Group F,BELGIUM,3,0,109,0,0,0,0,0,0,0.0,0,0,0.0,0,0,96.0,101.0,1.0,0
Ismaël Koné,CANADA,"MF,DF",20,CF Montréal,us,27 NOV 2022,17 : 00,Group F,CROATIA,3,0,109,0,0,0,0,0,0,0.0,0,0,0.0,0,0,96.0,101.0,1.0,0
Lucas Cavallini,CANADA,FW,29,Vancouver,us,01 DEC 2022,16 : 00,Group F,MOROCCO,1,0,19,0,0,0,0,0,0,0.0,0,0,0.0,1,0,2.0,2.0,0.0,0
Lucas Cavallini,CANADA,FW,29,Vancouver,us,23 NOV 2022,20 : 00,Group F,BELGIUM,1,0,19,0,0,0,0,0,0,0.0,0,0,0.0,1,0,2.0,2.0,0.0,0
Lucas Cavallini,CANADA,FW,29,Vancouver,us,27 NOV 2022,17 : 00,Group F,CROATIA,1,0,19,0,0,0,0,0,0,0.0,0,0,0.0,1,0,2.0,2.0,0.0,0
David Wotherspoon,CANADA,MF,32,St Johnstone,sct,01 DEC 2022,16 : 00,Group F,MOROCCO,1,0,15,0,0,0,0,0,0,0.0,0,0,1.0,0,0,4.0,7.0,1.0,0
David Wotherspoon,CANADA,MF,32,St Johnstone,sct,23 NOV 2022,20 : 00,Group F,BELGIUM,1,0,15,0,0,0,0,0,0,0.0,0,0,1.0,0,0,4.0,7.0,1.0,0
David Wotherspoon,CANADA,MF,32,St Johnstone,sct,27 NOV 2022,17 : 00,Group F,CROATIA,1,0,15,0,0,0,0,0,0,0.0,0,0,1.0,0,0,4.0,7.0,1.0,0
Liam Millar,CANADA,DF,22,Basel,ch,01 DEC 2022,16 : 00,Group F,MOROCCO,1,0,10,0,0,0,0,0,0,0.0,0,0,0.0,1,0,4.0,9.0,0.0,0
Liam Millar,CANADA,DF,22,Basel,ch,23 NOV 2022,20 : 00,Group F,BELGIUM,1,0,10,0,0,0,0,0,0,0.0,0,0,0.0,1,0,4.0,9.0,0.0,0
Liam Millar,CANADA,DF,22,Basel,ch,27 NOV 2022,17 : 00,Group F,CROATIA,1,0,10,0,0,0,0,0,0,0.0,0,0,0.0,1,0,4.0,9.0,0.0,0
Akram Afif,QATAR,FW,25,Al Sadd SC,qa,20 NOV 2022,17 : 00,Group A,ECUADOR,3,3,270,0,0,2,0,1,0,0.0,0,0,0.0,2,0,139.0,165.0,3.0,1
Akram Afif,QATAR,FW,25,Al Sadd SC,qa,25 NOV 2022,14 : 00,Group A,SENEGAL,3,3,270,0,0,2,0,1,0,0.0,0,0,0.0,2,0,139.0,165.0,3.0,1
Akram Afif,QATAR,FW,25,Al Sadd SC,qa,29 NOV 2022,16 : 00,Group A,NETHERLANDS,3,3,270,0,0,2,0,1,0,0.0,0,0,0.0,2,0,139.0,165.0,3.0,1
Abdelkarim Hassan,QATAR,DF,28,Al Sadd SC,qa,20 NOV 2022,17 : 00,Group A,ECUADOR,3,3,270,0,0,6,0,0,0,7.0,3,1,3.0,1,0,122.0,161.0,1.0,1
Abdelkarim Hassan,QATAR,DF,28,Al Sadd SC,qa,25 NOV 2022,14 : 00,Group A,SENEGAL,3,3,270,0,0,6,0,0,0,7.0,3,1,3.0,1,0,122.0,161.0,1.0,1
Abdelkarim Hassan,QATAR,DF,28,Al Sadd SC,qa,29 NOV 2022,16 : 00,Group A,NETHERLANDS,3,3,270,0,0,6,0,0,0,7.0,3,1,3.0,1,0,122.0,161.0,1.0,1
Boualem Khoukhi,QATAR,DF,31,Al Sadd SC,qa,20 NOV 2022,17 : 00,Group A,ECUADOR,3,3,270,0,0,0,0,0,0,2.0,2,3,6.0,1,0,169.0,197.0,0.0,0
Boualem Khoukhi,QATAR,DF,31,Al Sadd SC,qa,25 NOV 2022,14 : 00,Group A,SENEGAL,3,3,270,0,0,0,0,0,0,2.0,2,3,6.0,1,0,169.0,197.0,0.0,0
Boualem Khoukhi,QATAR,DF,31,Al Sadd SC,qa,29 NOV 2022,16 : 00,Group A,NETHERLANDS,3,3,270,0,0,0,0,0,0,2.0,2,3,6.0,1,0,169.0,197.0,0.0,0
Homam Ahmed,QATAR,DF,22,Al-Gharafa Sports Club,qa,20 NOV 2022,17 : 00,Group A,ECUADOR,3,3,262,0,0,0,0,1,0,2.0,2,2,0.0,5,0,77.0,105.0,3.0,0
Homam Ahmed,QATAR,DF,22,Al-Gharafa Sports Club,qa,25 NOV 2022,14 : 00,Group A,SENEGAL,3,3,262,0,0,0,0,1,0,2.0,2,2,0.0,5,0,77.0,105.0,3.0,0
Homam Ahmed,QATAR,DF,22,Al-Gharafa Sports Club,qa,29 NOV 2022,16 : 00,Group A,NETHERLANDS,3,3,262,0,0,0,0,1,0,2.0,2,2,0.0,5,0,77.0,105.0,3.0,0
Ró-Ró,QATAR,DF,31,Al Sadd SC,qa,20 NOV 2022,17 : 00,Group A,ECUADOR,3,3,262,0,0,2,0,0,0,6.0,4,8,2.0,4,0,78.0,108.0,2.0,0
Ró-Ró,QATAR,DF,31,Al Sadd SC,qa,25 NOV 2022,14 : 00,Group A,SENEGAL,3,3,262,0,0,2,0,0,0,6.0,4,8,2.0,4,0,78.0,108.0,2.0,0
Ró-Ró,QATAR,DF,31,Al Sadd SC,qa,29 NOV 2022,16 : 00,Group A,NETHERLANDS,3,3,262,0,0,2,0,0,0,6.0,4,8,2.0,4,0,78.0,108.0,2.0,0
Almoez Ali,QATAR,FW,25,Al Duhail SC,qa,20 NOV 2022,17 : 00,Group A,ECUADOR,3,3,224,0,0,3,1,1,0,1.0,0,1,0.0,2,0,33.0,45.0,0.0,3
Almoez Ali,QATAR,FW,25,Al Duhail SC,qa,25 NOV 2022,14 : 00,Group A,SENEGAL,3,3,224,0,0,3,1,1,0,1.0,0,1,0.0,2,0,33.0,45.0,0.0,3
Almoez Ali,QATAR,FW,25,Al Duhail SC,qa,29 NOV 2022,16 : 00,Group A,NETHERLANDS,3,3,224,0,0,3,1,1,0,1.0,0,1,0.0,2,0,33.0,45.0,0.0,3
Hassan Al-Haydos,QATAR,MF,31,Al Sadd SC,qa,20 NOV 2022,17 : 00,Group A,ECUADOR,3,3,206,0,0,1,1,0,0,4.0,1,2,0.0,4,0,65.0,80.0,2.0,1
Hassan Al-Haydos,QATAR,MF,31,Al Sadd SC,qa,25 NOV 2022,14 : 00,Group A,SENEGAL,3,3,206,0,0,1,1,0,0,4.0,1,2,0.0,4,0,65.0,80.0,2.0,1
Hassan Al-Haydos,QATAR,MF,31,Al Sadd SC,qa,29 NOV 2022,16 : 00,Group A,NETHERLANDS,3,3,206,0,0,1,1,0,0,4.0,1,2,0.0,4,0,65.0,80.0,2.0,1
Abdulaziz Hatem,QATAR,MF,31,Al Rayyan SC,qa,20 NOV 2022,17 : 00,Group A,ECUADOR,3,2,196,0,0,1,1,0,0,1.0,1,1,0.0,4,0,72.0,91.0,1.0,0
Abdulaziz Hatem,QATAR,MF,31,Al Rayyan SC,qa,25 NOV 2022,14 : 00,Group A,SENEGAL,3,2,196,0,0,1,1,0,0,1.0,1,1,0.0,4,0,72.0,91.0,1.0,0
Abdulaziz Hatem,QATAR,MF,31,Al Rayyan SC,qa,29 NOV 2022,16 : 00,Group A,NETHERLANDS,3,2,196,0,0,1,1,0,0,1.0,1,1,0.0,4,0,72.0,91.0,1.0,0
Karim Boudiaf,QATAR,MF,31,Al Duhail SC,qa,20 NOV 2022,17 : 00,Group A,ECUADOR,3,2,185,0,0,0,0,1,0,2.0,1,0,0.0,2,0,94.0,106.0,1.0,0
Karim Boudiaf,QATAR,MF,31,Al Duhail SC,qa,25 NOV 2022,14 : 00,Group A,SENEGAL,3,2,185,0,0,0,0,1,0,2.0,1,0,0.0,2,0,94.0,106.0,1.0,0
Karim Boudiaf,QATAR,MF,31,Al Duhail SC,qa,29 NOV 2022,16 : 00,Group A,NETHERLANDS,3,2,185,0,0,0,0,1,0,2.0,1,0,0.0,2,0,94.0,106.0,1.0,0
Meshaal Barsham,QATAR,GK,24,Al Sadd SC,qa,20 NOV 2022,17 : 00,Group A,ECUADOR,2,2,180,0,0,0,0,0,0,0.0,0,0,0.0,0,0,45.0,63.0,0.0,0
Meshaal Barsham,QATAR,GK,24,Al Sadd SC,qa,25 NOV 2022,14 : 00,Group A,SENEGAL,2,2,180,0,0,0,0,0,0,0.0,0,0,0.0,0,0,45.0,63.0,0.0,0
Meshaal Barsham,QATAR,GK,24,Al Sadd SC,qa,29 NOV 2022,16 : 00,Group A,NETHERLANDS,2,2,180,0,0,0,0,0,0,0.0,0,0,0.0,0,0,45.0,63.0,0.0,0
Ismail Mohamad,QATAR,FW,32,Al Duhail SC,qa,20 NOV 2022,17 : 00,Group A,ECUADOR,2,2,174,0,1,2,2,1,0,,2,2,,1,0,,,,1
Ismail Mohamad,QATAR,FW,32,Al Duhail SC,qa,25 NOV 2022,14 : 00,Group A,SENEGAL,2,2,174,0,1,2,2,1,0,,2,2,,1,0,,,,1
Ismail Mohamad,QATAR,FW,32,Al Duhail SC,qa,29 NOV 2022,16 : 00,Group A,NETHERLANDS,2,2,174,0,1,2,2,1,0,,2,2,,1,0,,,,1
Assim Madibo,QATAR,MF,25,Al Duhail SC,qa,20 NOV 2022,17 : 00,Group A,ECUADOR,2,2,153,0,0,0,0,1,0,6.0,3,2,6.0,1,0,58.0,70.0,0.0,0
Assim Madibo,QATAR,MF,25,Al Duhail SC,qa,25 NOV 2022,14 : 00,Group A,SENEGAL,2,2,153,0,0,0,0,1,0,6.0,3,2,6.0,1,0,58.0,70.0,0.0,0
Assim Madibo,QATAR,MF,25,Al Duhail SC,qa,29 NOV 2022,16 : 00,Group A,NETHERLANDS,2,2,153,0,0,0,0,1,0,6.0,3,2,6.0,1,0,58.0,70.0,0.0,0
Bassam Al-Rawi,QATAR,DF,24,Al Duhail SC,qa,20 NOV 2022,17 : 00,Group A,ECUADOR,1,1,90,0,0,0,0,0,0,0.0,0,0,0.0,1,0,47.0,57.0,1.0,0
Bassam Al-Rawi,QATAR,DF,24,Al Duhail SC,qa,25 NOV 2022,14 : 00,Group A,SENEGAL,1,1,90,0,0,0,0,0,0,0.0,0,0,0.0,1,0,47.0,57.0,1.0,0
Bassam Al-Rawi,QATAR,DF,24,Al Duhail SC,qa,29 NOV 2022,16 : 00,Group A,NETHERLANDS,1,1,90,0,0,0,0,0,0,0.0,0,0,0.0,1,0,47.0,57.0,1.0,0
Saad Al Sheeb,QATAR,GK,32,Al Sadd SC,qa,20 NOV 2022,17 : 00,Group A,ECUADOR,1,1,90,0,0,0,0,1,0,0.0,0,0,0.0,1,0,18.0,20.0,0.0,0
Saad Al Sheeb,QATAR,GK,32,Al Sadd SC,qa,25 NOV 2022,14 : 00,Group A,SENEGAL,1,1,90,0,0,0,0,1,0,0.0,0,0,0.0,1,0,18.0,20.0,0.0,0
Saad Al Sheeb,QATAR,GK,32,Al Sadd SC,qa,29 NOV 2022,16 : 00,Group A,NETHERLANDS,1,1,90,0,0,0,0,1,0,0.0,0,0,0.0,1,0,18.0,20.0,0.0,0
Mohammed Muntari,QATAR,"FW,MF",28,Al Duhail SC,qa,20 NOV 2022,17 : 00,Group A,ECUADOR,3,0,63,1,0,3,1,0,0,2.0,2,0,0.0,1,0,17.0,19.0,0.0,0
Mohammed Muntari,QATAR,"FW,MF",28,Al Duhail SC,qa,25 NOV 2022,14 : 00,Group A,SENEGAL,3,0,63,1,0,3,1,0,0,2.0,2,0,0.0,1,0,17.0,19.0,0.0,0
Mohammed Muntari,QATAR,"FW,MF",28,Al Duhail SC,qa,29 NOV 2022,16 : 00,Group A,NETHERLANDS,3,0,63,1,0,3,1,0,0,2.0,2,0,0.0,1,0,17.0,19.0,0.0,0
Mohammed Waad,QATAR,"MF,DF",22,Al Sadd SC,qa,20 NOV 2022,17 : 00,Group A,ECUADOR,2,0,28,0,0,0,0,0,0,0.0,0,1,1.0,1,0,9.0,12.0,1.0,0
Mohammed Waad,QATAR,"MF,DF",22,Al Sadd SC,qa,25 NOV 2022,14 : 00,Group A,SENEGAL,2,0,28,0,0,0,0,0,0,0.0,0,1,1.0,1,0,9.0,12.0,1.0,0
Mohammed Waad,QATAR,"MF,DF",22,Al Sadd SC,qa,29 NOV 2022,16 : 00,Group A,NETHERLANDS,2,0,28,0,0,0,0,0,0,0.0,0,1,1.0,1,0,9.0,12.0,1.0,0
Ali Assadalla,QATAR,MF,29,Al Sadd SC,qa,20 NOV 2022,17 : 00,Group A,ECUADOR,1,0,27,0,0,0,0,0,0,0.0,0,0,1.0,0,0,21.0,23.0,1.0,0
Ali Assadalla,QATAR,MF,29,Al Sadd SC,qa,25 NOV 2022,14 : 00,Group A,SENEGAL,1,0,27,0,0,0,0,0,0,0.0,0,0,1.0,0,0,21.0,23.0,1.0,0
Ali Assadalla,QATAR,MF,29,Al Sadd SC,qa,29 NOV 2022,16 : 00,Group A,NETHERLANDS,1,0,27,0,0,0,0,0,0,0.0,0,0,1.0,0,0,21.0,23.0,1.0,0
Tarek Salman,QATAR,DF,24,Al Sadd SC,qa,20 NOV 2022,17 : 00,Group A,ECUADOR,1,0,8,0,0,0,0,0,0,1.0,0,1,0.0,0,0,7.0,10.0,0.0,0
Tarek Salman,QATAR,DF,24,Al Sadd SC,qa,25 NOV 2022,14 : 00,Group A,SENEGAL,1,0,8,0,0,0,0,0,0,1.0,0,1,0.0,0,0,7.0,10.0,0.0,0
Tarek Salman,QATAR,DF,24,Al Sadd SC,qa,29 NOV 2022,16 : 00,Group A,NETHERLANDS,1,0,8,0,0,0,0,0,0,1.0,0,1,0.0,0,0,7.0,10.0,0.0,0
Ahmed Alaaeldin,QATAR,FW,29,Al-Gharafa Sports Club,qa,20 NOV 2022,17 : 00,Group A,ECUADOR,1,0,6,0,0,0,0,0,0,0.0,0,0,0.0,0,0,0.0,2.0,0.0,0
Ahmed Alaaeldin,QATAR,FW,29,Al-Gharafa Sports Club,qa,25 NOV 2022,14 : 00,Group A,SENEGAL,1,0,6,0,0,0,0,0,0,0.0,0,0,0.0,0,0,0.0,2.0,0.0,0
Ahmed Alaaeldin,QATAR,FW,29,Al-Gharafa Sports Club,qa,29 NOV 2022,16 : 00,Group A,NETHERLANDS,1,0,6,0,0,0,0,0,0,0.0,0,0,0.0,0,0,0.0,2.0,0.0,0
Musab Kheder,QATAR,DF,28,Al Sadd SC,qa,20 NOV 2022,17 : 00,Group A,ECUADOR,1,0,6,0,0,0,0,0,0,1.0,1,0,0.0,0,0,3.0,3.0,0.0,0
Musab Kheder,QATAR,DF,28,Al Sadd SC,qa,25 NOV 2022,14 : 00,Group A,SENEGAL,1,0,6,0,0,0,0,0,0,1.0,1,0,0.0,0,0,3.0,3.0,0.0,0
Musab Kheder,QATAR,DF,28,Al Sadd SC,qa,29 NOV 2022,16 : 00,Group A,NETHERLANDS,1,0,6,0,0,0,0,0,0,1.0,1,0,0.0,0,0,3.0,3.0,0.0,0
